ticker,date,open,high,low,close,volume
ACB,2026-01-30,20612.83,20828.9,20569.62,20828.9,18127791
ACB,2026-02-02,20785.68,20785.68,20483.19,20526.4,16549580
ACB,2026-02-03,20569.62,20656.04,20483.19,20483.19,20433090
ACB,2026-02-04,20483.19,20569.62,20353.55,20396.76,20689955
ACB,2026-02-05,20439.98,20483.19,20267.12,20267.12,16249095
ACB,2026-02-06,20223.91,20267.12,19878.2,19878.2,21517937
ACB,2026-02-09,20051.06,20180.7,19791.77,19834.99,12875958
ACB,2026-02-10,19964.63,20007.84,19748.56,19878.2,16337956
ACB,2026-02-11,19921.42,20439.98,19921.42,20439.98,20591837
ACB,2026-02-12,20439.98,20612.83,20353.55,20612.83,20213136
ACB,2026-02-13,20612.83,20656.04,20483.19,20612.83,15770194
ACB,2026-02-23,20742.47,20828.9,20612.83,20785.68,13346992
ACB,2026-02-24,20828.9,20828.9,20742.47,20742.47,15965387
ACB,2026-02-25,20828.9,21131.39,20785.68,21131.39,19629290
ACB,2026-02-26,21174.61,21217.82,20958.54,21131.39,15466469
ACB,2026-02-27,21131.39,21261.03,20915.33,21217.82,12786518
ACB,2026-03-02,20742.47,20915.33,20656.04,20699.26,22374730
ACB,2026-03-03,20699.26,20958.54,20310.34,20310.34,16300699
ACB,2026-03-04,20310.34,20396.76,19964.63,20051.06,25451316
ACB,2026-03-05,20310.34,20353.55,20051.06,20353.55,11481717
ACB,2026-03-06,20310.34,20396.76,20051.06,20137.48,13536400
ACB,2026-03-09,19100.36,19575.71,18754.65,18754.65,41018911
ACB,2026-03-10,19489.28,20051.06,19013.93,20007.84,26796729
ACB,2026-03-11,19921.42,20396.76,19878.2,20051.06,21175336
ACB,2026-03-12,19878.2,20094.27,19532.49,20007.84,18129295
ACB,2026-03-13,19834.99,20267.12,19705.35,20267.12,17963954
ACB,2026-03-16,20223.91,20267.12,20094.27,20267.12,11031395
ACB,2026-03-17,20310.34,20612.83,20310.34,20526.4,11394360
ACB,2026-03-18,20526.4,20656.04,20353.55,20526.4,12156622
ACB,2026-03-19,20310.34,20569.62,20094.27,20396.76,19223861
ACB,2026-03-20,20223.91,20310.34,19878.2,19878.2,15938544
ACB,2026-03-23,19834.99,19834.99,19402.85,19446.07,18348903
ACB,2026-03-24,19662.13,19964.63,19662.13,19964.63,16203276
ACB,2026-03-25,20051.06,20569.62,20007.84,20569.62,14404532
ACB,2026-03-26,20483.19,20483.19,20137.48,20396.76,9597120
ACB,2026-03-27,20223.91,20569.62,20137.48,20569.62,8837982
ACB,2026-03-30,20137.48,20569.62,20137.48,20526.4,8579151
ACB,2026-03-31,20439.98,20612.83,20267.12,20353.55,15152678
ACB,2026-04-01,20612.83,20656.04,20483.19,20569.62,11435667
ACB,2026-04-02,20483.19,20483.19,20137.48,20396.76,11301912
ACB,2026-04-03,20396.76,20483.19,20094.27,20310.34,13174476
ACB,2026-04-06,20310.34,20310.34,20051.06,20094.27,6426235
ACB,2026-04-07,20094.27,20223.91,20007.84,20051.06,12117398
ACB,2026-04-08,20483.19,20872.11,20353.55,20828.9,22825399
ACB,2026-04-09,20785.68,20785.68,20526.4,20612.83,5948953
ACB,2026-04-10,20828.9,20915.33,20612.83,20612.83,9414075
ACB,2026-04-13,20569.62,20742.47,20353.55,20526.4,9353446
ACB,2026-04-14,20699.26,20872.11,20569.62,20742.47,17875902
ACB,2026-04-15,20872.11,20915.33,20569.62,20569.62,8393908
ACB,2026-04-16,20656.04,20656.04,20396.76,20439.98,9977326
ACB,2026-04-17,20483.19,20612.83,20439.98,20526.4,7027320
ACB,2026-04-20,20612.83,20742.47,20526.4,20699.26,10031822
ACB,2026-04-21,20742.47,20785.68,20526.4,20526.4,7895336
ACB,2026-04-22,20526.4,20569.62,20353.55,20396.76,10188834
ACB,2026-04-23,20353.55,20656.04,20310.34,20310.34,16239955
ACB,2026-04-24,20353.55,20396.76,20137.48,20223.91,20223665
ACB,2026-04-28,20223.91,20310.34,20180.7,20310.34,8377478
ACB,2026-04-29,20310.34,20353.55,20137.48,20310.34,10340291
ACB,2026-05-04,20353.55,20353.55,19964.63,19964.63,13905961
ACB,2026-05-05,19964.63,20007.84,19446.07,19532.49,33333000
ACB,2026-05-06,19575.71,20094.27,19575.71,19964.63,22445078
ACB,2026-05-07,19964.63,20051.06,19748.56,19791.77,23414220
ACB,2026-05-08,19791.77,19921.42,19748.56,19748.56,18205198
ACB,2026-05-11,19878.2,19878.2,19662.13,19662.13,14887252
ACB,2026-05-12,19705.35,19748.56,19575.71,19618.92,12661789
ACB,2026-05-13,19618.92,19662.13,19359.64,19446.07,24573465
ACB,2026-05-14,19446.07,19791.77,19446.07,19705.35,18679818
ACB,2026-05-15,19705.35,20180.7,19705.35,20137.48,24982828
ACB,2026-05-18,19964.63,20094.27,19791.77,19878.2,12871677
ACB,2026-05-19,19878.2,19964.63,19705.35,19705.35,17958168
ACB,2026-05-20,19705.35,19705.35,19402.85,19575.71,25906729
ACB,2026-05-21,19618.92,19791.77,19575.71,19705.35,15494817
ACB,2026-05-22,19705.35,19834.99,19618.92,19748.56,12351932
ACB,2026-05-25,19834.99,20396.76,19834.99,20353.55,35263647
ACB,2026-05-26,20396.76,21520.31,20353.55,21433.89,68062439
ACB,2026-05-27,21477.1,21995.66,21217.82,21779.59,46867665
ACB,2026-05-28,21693.17,21866.02,21304.25,21304.25,25129657
ACB,2026-05-29,21174.61,21779.59,21174.61,21520.31,19596083
ACB,2026-06-01,21520.31,21649.95,21217.82,21520.31,18474674
ACB,2026-06-02,21520.31,21952.45,21390.67,21693.17,38294877
ACB,2026-06-03,21520.31,22643.86,21520.31,22471.01,70303407
ACB,2026-06-04,22471.01,22903.15,22384.58,22687.08,54259687
ACB,2026-06-05,22643.86,22730.29,22341.37,22600.65,31918279
ACB,2026-06-08,22211.73,22471.01,21736.38,21822.81,32028314
ACB,2026-06-09,21909.24,22903.15,21909.24,22903.15,56445926
ACB,2026-06-10,22903.15,23378.49,22600.65,22903.15,43990553
ACB,2026-06-11,22643.86,22946.36,22643.86,22903.15,27309070
ACB,2026-06-12,23076.0,23421.71,22903.15,22903.15,70777911
ACB,2026-06-15,23100.0,23100.0,22500.0,22750.0,15977500
ACB,2026-06-16,22800.0,22850.0,22300.0,22300.0,13315500
ACB,2026-06-17,22300.0,22300.0,21900.0,22000.0,20836600
ACB,2026-06-18,22000.0,22550.0,22000.0,22400.0,12557300
ACB,2026-06-19,22400.0,22450.0,22050.0,22200.0,7430200
ACB,2026-06-22,22200.0,22300.0,21950.0,22000.0,9935100
ACB,2026-06-23,22000.0,22850.0,21900.0,22350.0,22597900
ACB,2026-06-24,22350.0,22700.0,22300.0,22500.0,10833000
ACB,2026-06-25,22550.0,22700.0,22350.0,22400.0,10304900
ACB,2026-06-26,22350.0,22650.0,22350.0,22600.0,10774200
ACB,2026-06-29,22600.0,23000.0,22600.0,22900.0,13106300
ACB,2026-06-30,22950.0,22950.0,22600.0,22650.0,6785500
ACB,2026-07-01,22650.0,22800.0,22450.0,22650.0,10671800
ACB,2026-07-02,22650.0,23000.0,22550.0,22650.0,10197900
ACB,2026-07-03,22550.0,22650.0,22450.0,22650.0,10682700
ACB,2026-07-06,22650.0,22700.0,22050.0,22200.0,12785000
ACB,2026-07-07,22200.0,22600.0,22150.0,22600.0,11125100
ACB,2026-07-08,22600.0,22850.0,22550.0,22700.0,9270600
ACB,2026-07-09,22600.0,23200.0,22450.0,22800.0,18929000
ACB,2026-07-10,22800.0,22850.0,22550.0,22550.0,7372900
ACB,2026-07-13,22500.0,22650.0,22300.0,22450.0,15406600
ACB,2026-07-14,22350.0,23100.0,22300.0,22850.0,18290500
ACB,2026-07-15,22850.0,23300.0,22750.0,23100.0,23294700
ACB,2026-07-16,22950.0,23750.0,22950.0,23750.0,45574000
ACB,2026-07-17,23800.0,23850.0,23350.0,23550.0,10238300
ACB,2026-07-20,23500.0,23500.0,22650.0,22850.0,22380200
ACB,2026-07-21,22600.0,23150.0,22600.0,22850.0,16446800
ACB,2026-07-22,22950.0,23100.0,22400.0,22400.0,30708700
ACB,2026-07-23,22400.0,22750.0,21650.0,22500.0,27165000
ACB,2026-07-24,22100.0,22650.0,22100.0,22500.0,13447000
ACB,2026-07-27,22500.0,22600.0,22300.0,22300.0,18914800
ACB,2026-07-28,22150.0,22650.0,22100.0,22500.0,15653800
ACB,2026-07-29,22350.0,22550.0,22100.0,22300.0,11700900
ACB,2026-07-30,22200.0,22550.0,22150.0,22350.0,12071600
ACB,2026-07-31,22600.0,22600.0,21800.0,21900.0,15165000
ACB,2026-08-03,22000.0,22550.0,21950.0,22550.0,9511900
ACB,2026-08-04,22600.0,22650.0,22250.0,22450.0,10497900
ACB,2026-08-05,22450.0,22550.0,22250.0,22450.0,11224100
ACB,2026-08-06,22400.0,22500.0,22150.0,22150.0,8170300
ACB,2026-08-07,22050.0,22500.0,22050.0,22400.0,9526200
ACB,2026-08-10,22400.0,22800.0,22350.0,22650.0,12233400
ACB,2026-08-11,22650.0,22750.0,22500.0,22650.0,9756800
ACB,2026-08-12,22650.0,22800.0,22600.0,22750.0,10994300
ACB,2026-08-13,22750.0,22800.0,22200.0,22200.0,11815100
ACB,2026-08-14,22200.0,22300.0,22100.0,22150.0,7123300
ANV,2026-01-30,28600.0,29250.0,28400.0,28550.0,1923800
ANV,2026-02-02,28750.0,29500.0,28400.0,29300.0,3270100
ANV,2026-02-03,29400.0,29400.0,28000.0,28500.0,3947600
ANV,2026-02-04,28750.0,30000.0,28500.0,29200.0,3331500
ANV,2026-02-05,29200.0,29400.0,28000.0,28000.0,2108300
ANV,2026-02-06,28100.0,28700.0,27300.0,27300.0,2996000
ANV,2026-02-09,27600.0,27600.0,26700.0,26700.0,1235700
ANV,2026-02-10,26700.0,27000.0,25000.0,25550.0,2325500
ANV,2026-02-11,25850.0,26500.0,25650.0,26400.0,1334300
ANV,2026-02-12,26600.0,26600.0,26200.0,26400.0,774700
ANV,2026-02-13,26400.0,26500.0,26200.0,26500.0,885400
ANV,2026-02-23,27250.0,27300.0,27000.0,27050.0,1223700
ANV,2026-02-24,27200.0,27700.0,27100.0,27250.0,1509800
ANV,2026-02-25,27400.0,28350.0,27200.0,28100.0,3200600
ANV,2026-02-26,28200.0,28400.0,27500.0,27750.0,1610300
ANV,2026-02-27,27750.0,27750.0,27050.0,27050.0,1946900
ANV,2026-03-02,25650.0,27750.0,25650.0,27000.0,4394700
ANV,2026-03-03,26800.0,27000.0,26050.0,26050.0,1888400
ANV,2026-03-04,26100.0,26400.0,25500.0,26200.0,1929300
ANV,2026-03-05,26350.0,26400.0,25550.0,25550.0,1592500
ANV,2026-03-06,25500.0,25550.0,24550.0,24650.0,1811700
ANV,2026-03-09,23000.0,23300.0,22950.0,22950.0,1056300
ANV,2026-03-10,23100.0,23500.0,21850.0,22350.0,2281400
ANV,2026-03-11,22800.0,23900.0,22800.0,23900.0,1298700
ANV,2026-03-12,24000.0,24350.0,23550.0,24100.0,1314600
ANV,2026-03-13,23800.0,24400.0,23600.0,24000.0,1189800
ANV,2026-03-16,24000.0,24250.0,23650.0,24150.0,652200
ANV,2026-03-17,24250.0,24250.0,23500.0,24100.0,1057600
ANV,2026-03-18,24100.0,24150.0,23600.0,23650.0,664700
ANV,2026-03-19,23350.0,23500.0,23100.0,23300.0,894100
ANV,2026-03-20,23450.0,23450.0,23000.0,23050.0,674800
ANV,2026-03-23,22900.0,22900.0,21450.0,21450.0,1982400
ANV,2026-03-24,21800.0,22450.0,21800.0,22100.0,716400
ANV,2026-03-25,22450.0,23150.0,22400.0,23100.0,1193100
ANV,2026-03-26,23100.0,23100.0,22750.0,22750.0,612600
ANV,2026-03-27,22750.0,23550.0,22750.0,23450.0,813600
ANV,2026-03-30,22950.0,23500.0,22600.0,23450.0,845800
ANV,2026-03-31,23450.0,24100.0,23450.0,23550.0,968100
ANV,2026-04-01,24000.0,24200.0,23700.0,23850.0,873700
ANV,2026-04-02,23800.0,24000.0,23550.0,23750.0,708100
ANV,2026-04-03,23750.0,24000.0,23550.0,23600.0,469800
ANV,2026-04-06,23500.0,23700.0,22800.0,22800.0,662100
ANV,2026-04-07,22750.0,23700.0,22750.0,23700.0,736500
ANV,2026-04-08,24350.0,24650.0,23850.0,24650.0,1540700
ANV,2026-04-09,24200.0,25400.0,24100.0,25000.0,1688200
ANV,2026-04-10,25200.0,25400.0,24900.0,24900.0,638500
ANV,2026-04-13,24800.0,24800.0,24350.0,24350.0,633200
ANV,2026-04-14,24700.0,25000.0,24250.0,24900.0,761900
ANV,2026-04-15,25300.0,25300.0,24450.0,24450.0,636400
ANV,2026-04-16,24400.0,24750.0,24150.0,24750.0,877100
ANV,2026-04-17,24900.0,25250.0,24600.0,25000.0,1111600
ANV,2026-04-20,24950.0,25600.0,24900.0,25400.0,1550100
ANV,2026-04-21,25400.0,25450.0,24950.0,24950.0,588800
ANV,2026-04-22,24800.0,25050.0,24600.0,24900.0,515400
ANV,2026-04-23,24650.0,24950.0,24000.0,24150.0,1105500
ANV,2026-04-24,24200.0,24850.0,24200.0,24300.0,789900
ANV,2026-04-28,24600.0,24600.0,24200.0,24300.0,413000
ANV,2026-04-29,24300.0,24400.0,23500.0,23900.0,720100
ANV,2026-05-04,23950.0,24250.0,23900.0,23950.0,218200
ANV,2026-05-05,23900.0,23950.0,23300.0,23450.0,432500
ANV,2026-05-06,23700.0,23850.0,23300.0,23850.0,356400
ANV,2026-05-07,23850.0,24050.0,23600.0,23650.0,471100
ANV,2026-05-08,23650.0,23850.0,23000.0,23300.0,408500
ANV,2026-05-11,23300.0,23500.0,23150.0,23250.0,426300
ANV,2026-05-12,23300.0,23300.0,22850.0,22950.0,499400
ANV,2026-05-13,22950.0,23200.0,22700.0,22800.0,535800
ANV,2026-05-14,22800.0,23100.0,22800.0,22900.0,303200
ANV,2026-05-15,23000.0,23000.0,22750.0,22800.0,379900
ANV,2026-05-18,22800.0,22900.0,22650.0,22700.0,411700
ANV,2026-05-19,22900.0,22900.0,22550.0,22550.0,460900
ANV,2026-05-20,22500.0,22550.0,21650.0,22300.0,661900
ANV,2026-05-21,22450.0,22550.0,22050.0,22500.0,289600
ANV,2026-05-22,22500.0,22500.0,22000.0,22350.0,394000
ANV,2026-05-25,22450.0,22450.0,22100.0,22100.0,249800
ANV,2026-05-26,22100.0,22400.0,22050.0,22200.0,279300
ANV,2026-05-27,22300.0,22300.0,22000.0,22100.0,294400
ANV,2026-05-28,22200.0,22400.0,22050.0,22050.0,328800
ANV,2026-05-29,22100.0,22100.0,21700.0,21700.0,455400
ANV,2026-06-01,21500.0,22000.0,21400.0,21600.0,368200
ANV,2026-06-02,21700.0,21700.0,21050.0,21100.0,562400
ANV,2026-06-03,20800.0,21450.0,20800.0,21300.0,320800
ANV,2026-06-04,21300.0,21400.0,21150.0,21200.0,183000
ANV,2026-06-05,21400.0,21400.0,20950.0,21000.0,322700
ANV,2026-06-08,20900.0,20900.0,20150.0,20300.0,557600
ANV,2026-06-09,20150.0,20500.0,20150.0,20350.0,616900
ANV,2026-06-10,20400.0,20650.0,20350.0,20650.0,245000
ANV,2026-06-11,20450.0,20650.0,20350.0,20600.0,312400
ANV,2026-06-12,20600.0,20850.0,20400.0,20400.0,379500
ANV,2026-06-15,20800.0,20800.0,20550.0,20750.0,336100
ANV,2026-06-16,20800.0,20850.0,20600.0,20800.0,291400
ANV,2026-06-17,20800.0,22050.0,20800.0,21900.0,1243100
ANV,2026-06-18,22000.0,22100.0,21550.0,21800.0,558100
ANV,2026-06-19,21800.0,21900.0,21400.0,21450.0,432500
ANV,2026-06-22,21450.0,21750.0,21150.0,21500.0,300600
ANV,2026-06-23,21400.0,21750.0,21000.0,21000.0,337200
ANV,2026-06-24,21000.0,21800.0,20850.0,21700.0,514300
ANV,2026-06-25,21600.0,23200.0,21550.0,22450.0,1428000
ANV,2026-06-26,22400.0,22450.0,21950.0,21950.0,353800
ANV,2026-06-29,21900.0,22350.0,21550.0,21600.0,559600
ANV,2026-06-30,21650.0,21750.0,21150.0,21250.0,1005800
ANV,2026-07-01,21300.0,21450.0,21200.0,21350.0,449800
ANV,2026-07-02,21300.0,21900.0,21300.0,21500.0,679800
ANV,2026-07-03,21400.0,21550.0,20950.0,20950.0,740300
ANV,2026-07-06,21050.0,21100.0,20300.0,20400.0,832700
ANV,2026-07-07,20400.0,20500.0,20200.0,20250.0,387200
ANV,2026-07-08,20300.0,20550.0,19650.0,19750.0,1378700
ANV,2026-07-09,19700.0,20200.0,19700.0,20000.0,445700
ANV,2026-07-10,20200.0,20200.0,19400.0,19600.0,832400
ANV,2026-07-13,19600.0,19600.0,18600.0,18850.0,779400
ANV,2026-07-14,18600.0,19200.0,18600.0,18800.0,336700
ANV,2026-07-15,18900.0,19050.0,18350.0,18350.0,486300
ANV,2026-07-16,18350.0,18700.0,17800.0,18350.0,860700
ANV,2026-07-17,18150.0,18500.0,18100.0,18100.0,297500
ANV,2026-07-20,18350.0,18400.0,17000.0,17150.0,570800
ANV,2026-07-21,17000.0,18150.0,17000.0,17550.0,994000
ANV,2026-07-22,17600.0,17900.0,17000.0,17150.0,647300
ANV,2026-07-23,17150.0,17450.0,16450.0,17100.0,872100
ANV,2026-07-24,17200.0,17250.0,16750.0,16900.0,411600
ANV,2026-07-27,17000.0,17100.0,16150.0,16150.0,621200
ANV,2026-07-28,15700.0,16850.0,15700.0,16850.0,565800
ANV,2026-07-29,16850.0,17050.0,16800.0,16950.0,396900
ANV,2026-07-30,17000.0,17700.0,17000.0,17600.0,585900
ANV,2026-07-31,17800.0,17800.0,17050.0,17050.0,452300
ANV,2026-08-03,17200.0,17400.0,17000.0,17350.0,532300
ANV,2026-08-04,17500.0,17550.0,17250.0,17400.0,572900
ANV,2026-08-05,17550.0,17800.0,17400.0,17500.0,627800
ANV,2026-08-06,17500.0,17500.0,17200.0,17300.0,339300
ANV,2026-08-07,17150.0,17650.0,17150.0,17350.0,507800
ANV,2026-08-10,17200.0,17750.0,17200.0,17550.0,454500
ANV,2026-08-11,17700.0,17950.0,17600.0,17600.0,327000
ANV,2026-08-12,17500.0,18300.0,17450.0,18050.0,1232400
ANV,2026-08-13,18150.0,18150.0,17600.0,17600.0,723700
ANV,2026-08-14,17350.0,17700.0,17000.0,17150.0,855700
BCM,2026-01-29,0.03,0.03,0.02,0.02,4025199
BCM,2026-02-01,0.03,0.03,0.02,0.03,19179762
BCM,2026-02-02,0.03,0.03,0.03,0.03,17087273
BCM,2026-02-03,0.03,0.03,0.03,0.03,11053177
BCM,2026-02-04,0.03,0.03,0.03,0.03,9707503
BCM,2026-02-05,0.03,0.03,0.03,0.03,8472340
BCM,2026-02-08,0.03,0.03,0.03,0.03,5007488
BCM,2026-02-09,0.03,0.03,0.03,0.03,4139909
BCM,2026-02-10,0.03,0.03,0.03,0.03,9200838
BCM,2026-02-11,0.03,0.03,0.03,0.03,3670123
BCM,2026-02-12,0.03,0.03,0.03,0.03,2152749
BCM,2026-02-15,0.03,0.04,0.03,0.04,9169014
BCM,2026-02-16,0.03,0.04,0.03,0.03,9102453
BCM,2026-02-17,0.04,0.04,0.04,0.04,8777535
BCM,2026-02-18,0.04,0.04,0.03,0.03,3735609
BCM,2026-02-19,0.03,0.04,0.03,0.03,2634882
BCM,2026-02-22,0.04,0.04,0.03,0.04,5016621
BCM,2026-02-23,0.04,0.04,0.04,0.04,8919927
BCM,2026-02-24,0.04,0.04,0.04,0.04,2215886
BCM,2026-02-25,0.04,0.04,0.04,0.04,7812613
BCM,2026-02-26,0.04,0.04,0.04,0.04,6545963
BCM,2026-03-01,0.04,0.04,0.04,0.04,2848364
BCM,2026-03-02,0.04,0.04,0.04,0.04,9550054
BCM,2026-03-03,0.04,0.04,0.04,0.04,5697628
BCM,2026-03-04,0.04,0.04,0.04,0.04,5251077
BCM,2026-03-05,0.04,0.04,0.04,0.04,2128885
BCM,2026-03-08,0.04,0.04,0.03,0.03,9924207
BCM,2026-03-09,0.04,0.04,0.03,0.04,9003381
BCM,2026-03-10,0.04,0.04,0.04,0.04,26424005
BCM,2026-03-11,0.04,0.04,0.04,0.04,5870338
BCM,2026-03-12,0.04,0.04,0.03,0.03,3395948
BCM,2026-03-15,0.03,0.04,0.03,0.03,9130787
BCM,2026-03-16,0.03,0.03,0.03,0.03,6736057
BCM,2026-03-17,0.03,0.03,0.03,0.03,2631180
BCM,2026-03-18,0.03,0.03,0.03,0.03,3381192
BCM,2026-03-19,0.03,0.03,0.03,0.03,13560119
BCM,2026-03-22,0.03,0.03,0.02,0.02,9391949
BCM,2026-03-23,0.02,0.03,0.02,0.03,2915299
BCM,2026-03-24,0.03,0.03,0.03,0.03,3354197
BCM,2026-03-25,0.03,0.03,0.03,0.03,1783036
BCM,2026-03-26,0.03,0.03,0.02,0.03,1569349
BCM,2026-03-29,0.03,0.03,0.02,0.03,582082
BCM,2026-03-30,0.03,0.03,0.03,0.03,1563325
BCM,2026-03-31,0.03,0.03,0.03,0.03,4672747
BCM,2026-04-01,0.03,0.03,0.03,0.03,3279274
BCM,2026-04-06,0.03,0.03,0.03,0.03,2165366
BCM,2026-04-07,0.03,0.03,0.03,0.03,1134404
BCM,2026-04-08,0.03,0.03,0.03,0.03,991269
BCM,2026-04-09,0.03,0.03,0.03,0.03,2132077
BCM,2026-04-12,0.03,0.03,0.02,0.03,3636784
BCM,2026-04-13,0.03,0.03,0.03,0.03,627712
BCM,2026-04-14,0.03,0.03,0.03,0.03,1714272
BCM,2026-04-15,0.03,0.03,0.03,0.03,761113
BCM,2026-04-16,0.03,0.03,0.03,0.03,1000157
BCM,2026-04-19,0.03,0.03,0.03,0.03,4779745
BCM,2026-04-20,0.03,0.03,0.03,0.03,14399651
BCM,2026-04-21,0.03,0.04,0.03,0.03,30659096
BCM,2026-04-22,0.03,0.03,0.03,0.03,4686273
BCM,2026-04-23,0.03,0.04,0.03,0.03,4232795
BCM,2026-04-26,0.03,0.03,0.03,0.03,3228838
BCM,2026-04-27,0.03,0.03,0.03,0.03,525131
BCM,2026-04-28,0.03,0.03,0.03,0.03,1148657
BCM,2026-04-29,0.03,0.03,0.03,0.03,1699829
BCM,2026-04-30,0.03,0.03,0.03,0.03,2309474
BCM,2026-05-03,0.03,0.03,0.03,0.03,763850
BCM,2026-05-04,0.03,0.03,0.03,0.03,1198004
BCM,2026-05-05,0.03,0.03,0.03,0.03,1792086
BCM,2026-05-06,0.03,0.04,0.03,0.04,10387284
BCM,2026-05-07,0.04,0.04,0.03,0.04,5550668
BCM,2026-05-10,0.04,0.04,0.03,0.04,3164778
BCM,2026-05-11,0.04,0.04,0.04,0.04,13343388
BCM,2026-05-12,0.04,0.04,0.04,0.04,9314485
BCM,2026-05-13,0.04,0.04,0.04,0.04,8270030
BCM,2026-05-14,0.04,0.04,0.04,0.04,3856769
BCM,2026-05-17,0.04,0.04,0.03,0.03,4765052
BCM,2026-05-18,0.03,0.04,0.03,0.03,1928503
BCM,2026-05-19,0.03,0.03,0.03,0.03,2975474
BCM,2026-05-20,0.03,0.04,0.03,0.04,3679963
BCM,2026-05-21,0.04,0.04,0.04,0.04,8493474
BCM,2026-05-24,0.04,0.04,0.04,0.04,16601518
BCM,2026-05-25,0.04,0.05,0.04,0.04,15815370
BCM,2026-05-26,0.04,0.04,0.04,0.04,2901166
BCM,2026-05-27,0.04,0.04,0.04,0.04,3535866
BCM,2026-05-28,0.04,0.04,0.04,0.04,1892708
BCM,2026-05-31,0.04,0.04,0.04,0.04,1882167
BCM,2026-06-01,0.04,0.04,0.04,0.04,7617911
BCM,2026-06-02,0.04,0.04,0.04,0.04,1491045
BCM,2026-06-03,0.04,0.04,0.04,0.04,2498774
BCM,2026-06-04,0.04,0.04,0.04,0.04,6577978
BCM,2026-06-08,0.04,0.04,0.04,0.04,3829774
BCM,2026-06-09,0.04,0.04,0.04,0.04,6730973
BCM,2026-06-10,0.04,0.04,0.04,0.04,1445991
BCM,2026-06-11,0.04,0.04,0.04,0.04,3276599
BCM,2026-06-14,0.04,0.04,0.04,0.04,3524924
BCM,2026-06-15,0.04,0.04,0.04,0.04,2879909
BCM,2026-06-16,0.04,0.04,0.04,0.04,1367240
BCM,2026-06-17,0.04,0.05,0.04,0.05,13631844
BCM,2026-06-18,0.04,0.06,0.04,0.05,17425883
BCM,2026-06-21,0.05,0.06,0.05,0.05,9222390
BCM,2026-06-22,0.05,0.05,0.05,0.05,8517897
BCM,2026-06-23,0.05,0.06,0.05,0.05,6245174
BCM,2026-06-24,0.05,0.06,0.05,0.05,8098958
BCM,2026-06-25,0.05,0.05,0.05,0.05,2260994
BCM,2026-06-29,0.05,0.06,0.05,0.06,24901478
BCM,2026-06-30,0.06,0.06,0.05,0.05,15638461
BCM,2026-07-01,0.05,0.06,0.05,0.05,3178648
BCM,2026-07-02,0.05,0.06,0.05,0.06,30909252
BCM,2026-07-06,0.06,0.06,0.06,0.06,9491971
BCM,2026-07-07,0.06,0.06,0.05,0.05,5702434
BCM,2026-07-08,0.05,0.06,0.05,0.05,8302382
BCM,2026-07-09,0.06,0.06,0.05,0.05,7101022
BCM,2026-07-12,0.05,0.05,0.05,0.05,6082418
BCM,2026-07-13,0.05,0.05,0.04,0.05,12310621
BCM,2026-07-14,0.05,0.05,0.05,0.05,853781
BCM,2026-07-15,0.05,0.05,0.04,0.04,5896192
BCM,2026-07-16,0.05,0.05,0.04,0.04,26203934
BCM,2026-07-19,0.04,0.04,0.04,0.04,12115280
BCM,2026-07-20,0.04,0.04,0.04,0.04,2196576
BCM,2026-07-21,0.04,0.04,0.04,0.04,2145873
BCM,2026-07-22,0.04,0.05,0.04,0.04,6746958
BCM,2026-07-23,0.04,0.04,0.04,0.04,4929022
BCM,2026-07-26,0.04,0.04,0.04,0.04,1411861
BCM,2026-07-27,0.04,0.04,0.04,0.04,4658848
BCM,2026-07-28,0.04,0.05,0.04,0.04,1711187
BCM,2026-07-29,0.04,0.04,0.04,0.04,2044041
BCM,2026-07-30,0.04,0.04,0.04,0.04,3501523
BCM,2026-08-02,0.04,0.04,0.04,0.04,1187642
BCM,2026-08-03,0.04,0.05,0.04,0.05,5423566
BCM,2026-08-04,0.05,0.05,0.05,0.05,9035139
BCM,2026-08-05,0.05,0.06,0.05,0.05,9123610
BCM,2026-08-06,0.05,0.05,0.05,0.05,5957191
BCM,2026-08-09,0.05,0.05,0.05,0.05,5429778
BCM,2026-08-10,0.05,0.05,0.05,0.05,1302905
BCM,2026-08-11,0.05,0.06,0.05,0.05,5091781
BCM,2026-08-12,0.05,0.06,0.05,0.06,12611373
BCM,2026-08-13,0.06,0.06,0.06,0.06,8641193
BID,2026-01-30,40250.0,41356.0,40250.0,40430.0,1269455
BID,2026-02-02,40250.0,41474.0,40006.0,41474.0,1059667
BID,2026-02-03,41469.0,41950.0,40503.0,40693.0,717003
BID,2026-02-04,40623.0,41235.0,40319.0,40909.0,598147
BID,2026-02-05,40501.0,41948.0,40501.0,41887.0,989839
BID,2026-02-06,41350.0,43034.0,41350.0,42950.0,1417844
BID,2026-02-09,43259.0,43259.0,41723.0,41834.0,877167
BID,2026-02-10,42372.0,42372.0,41472.0,41868.0,681517
BID,2026-02-11,42000.0,42000.0,41443.0,41786.0,847766
BID,2026-02-12,41999.0,42494.0,41800.0,42310.0,722051
BID,2026-02-13,41800.0,42581.0,41795.0,42200.0,504494
BID,2026-02-16,42320.0,42656.0,42197.0,42264.0,376894
BID,2026-02-17,41801.0,43015.0,41801.0,42719.0,855109
BID,2026-02-18,43000.0,43473.0,42401.0,43211.0,757850
BID,2026-02-19,43581.0,43674.0,42949.0,43485.0,720203
BID,2026-02-20,43100.0,43857.0,43100.0,43377.0,574130
BID,2026-02-23,43400.0,44315.0,43386.0,44076.0,936383
BID,2026-02-24,43750.0,44700.0,43657.0,44491.0,525136
BID,2026-02-25,43456.0,44600.0,42850.0,42898.0,1653704
BID,2026-02-26,42901.0,43321.0,41710.0,42150.0,885250
BID,2026-02-27,42600.0,42600.0,41406.0,42014.0,1859426
BID,2026-03-02,41400.0,42542.0,41200.0,42401.0,565281
BID,2026-03-03,42275.0,42600.0,41457.0,41844.0,926410
BID,2026-03-04,41401.0,42550.0,41352.0,42302.0,725498
BID,2026-03-05,42600.0,42660.0,41927.0,42349.0,637017
BID,2026-03-06,42075.0,42516.0,41657.0,41904.0,742870
BID,2026-03-09,41950.0,42226.0,41390.0,41671.0,449164
BID,2026-03-10,41639.0,42461.0,41639.0,42386.0,611081
BID,2026-03-11,42500.0,42664.0,41281.0,41500.0,692859
BID,2026-03-12,42400.0,42400.0,40410.0,40410.0,1050433
BID,2026-03-13,40717.0,40875.0,40136.0,40400.0,1126173
BID,2026-03-16,40688.0,41111.0,40306.0,40828.0,1549523
BID,2026-03-17,40829.0,41145.0,40674.0,40850.0,984222
BID,2026-03-18,40844.0,41382.0,40493.0,40628.0,874235
BID,2026-03-19,40400.0,40939.0,39612.0,40851.0,3192945
BID,2026-03-20,40156.0,41632.0,40156.0,41006.0,2017022
BID,2026-03-23,40329.0,41589.0,40327.0,40461.0,901824
BID,2026-03-24,40153.0,40453.0,39747.0,40018.0,722448
BID,2026-03-25,39740.0,40426.0,39512.0,40426.0,726387
BID,2026-03-26,40328.0,40640.0,40000.0,40603.0,652347
BID,2026-03-27,41150.0,42897.0,41150.0,41570.0,1058828
BID,2026-03-30,40831.0,41435.0,40759.0,41000.0,716829
BID,2026-03-31,40507.0,41336.0,40507.0,40758.0,837965
BID,2026-04-01,40759.0,41461.0,40411.0,40719.0,1201696
BID,2026-04-02,40700.0,40842.0,40073.0,40800.0,669027
BID,2026-04-07,40310.0,41012.0,40310.0,40773.0,570785
BID,2026-04-08,40901.0,42104.0,40901.0,41370.0,688068
BID,2026-04-09,42187.0,42187.0,40803.0,40913.0,677797
BID,2026-04-10,41000.0,41214.0,40549.0,41000.0,408755
BID,2026-04-13,40970.0,40970.0,40512.0,40667.0,442900
BID,2026-04-14,41206.0,41206.0,40118.0,40768.0,676604
BID,2026-04-15,41206.0,41206.0,40626.0,41101.0,891327
BID,2026-04-16,41206.0,41277.0,40890.0,41232.0,906428
BID,2026-04-17,41600.0,41613.0,41063.0,41277.0,649624
BID,2026-04-20,40925.0,41811.0,40865.0,41591.0,580302
BID,2026-04-21,41500.0,42679.0,41500.0,42238.0,922511
BID,2026-04-22,42329.0,42592.0,41895.0,41963.0,680746
BID,2026-04-23,41850.0,42207.0,40980.0,40980.0,982359
BID,2026-04-24,40659.0,41162.0,40602.0,40611.0,735900
BID,2026-04-28,40384.0,41252.0,40250.0,40992.0,1443393
BID,2026-04-29,40651.0,41798.0,40610.0,40750.0,845453
BID,2026-04-30,40400.0,41253.0,40400.0,40761.0,1124743
BID,2026-05-04,40884.0,41340.0,40748.0,40949.0,310353
BID,2026-05-05,40876.0,41560.0,40800.0,41165.0,974080
BID,2026-05-06,41055.0,42084.0,41055.0,41400.0,780056
BID,2026-05-07,42250.0,42250.0,40937.0,41000.0,772470
BID,2026-05-08,41499.0,41499.0,40346.0,40836.0,643336
BID,2026-05-11,40835.0,41060.0,40559.0,40635.0,651527
BID,2026-05-12,41499.0,41499.0,40055.0,40439.0,689275
BID,2026-05-13,40416.0,40704.0,40167.0,40477.0,580703
BID,2026-05-14,40781.0,41756.0,40604.0,41539.0,536188
BID,2026-05-15,41232.0,41806.0,41232.0,41498.0,653397
BID,2026-05-18,41111.0,42339.0,41111.0,41857.0,700173
BID,2026-05-19,41231.0,42020.0,41231.0,41810.0,621873
BID,2026-05-20,41809.0,41909.0,41335.0,41553.0,688785
BID,2026-05-21,41500.0,41994.0,41420.0,41527.0,464547
BID,2026-05-22,41505.0,42418.0,41505.0,42418.0,683507
BID,2026-05-25,42420.0,42813.0,41776.0,41905.0,441343
BID,2026-05-26,41502.0,41996.0,41352.0,41400.0,629181
BID,2026-05-27,41324.0,41599.0,40873.0,41363.0,578390
BID,2026-05-28,41363.0,41500.0,40748.0,40777.0,564476
BID,2026-05-29,41999.0,41999.0,40479.0,40691.0,2739490
BID,2026-06-01,40600.0,41625.0,40000.0,40000.0,715081
BID,2026-06-02,40635.0,42222.0,40158.0,41436.0,1006610
BID,2026-06-03,41849.0,42004.0,41239.0,41350.0,798518
BID,2026-06-04,41000.0,42170.0,41000.0,41250.0,536739
BID,2026-06-05,41200.0,41782.0,41200.0,41250.0,575412
BID,2026-06-08,41400.0,42388.0,41368.0,42100.0,517436
BID,2026-06-09,42420.0,42573.0,41605.0,41750.0,565118
BID,2026-06-10,41555.0,42241.0,41555.0,41754.0,485609
BID,2026-06-11,41754.0,43038.0,41632.0,42940.0,892591
BID,2026-06-12,43259.0,43716.0,42742.0,43295.0,735769
BID,2026-06-15,44098.0,44098.0,42854.0,42966.0,641784
BID,2026-06-17,42536.0,43223.0,42536.0,42907.0,462383
BID,2026-06-18,42511.0,43683.0,42511.0,42944.0,2291105
BID,2026-06-19,42505.0,43957.0,42505.0,43428.0,1706500
BID,2026-06-22,43247.0,43804.0,43247.0,43261.0,509495
BID,2026-06-23,43900.0,43900.0,43089.0,43600.0,496445
BID,2026-06-24,43310.0,44100.0,43310.0,43785.0,755310
BID,2026-06-25,43785.0,44628.0,43428.0,44325.0,579819
BID,2026-06-26,43911.0,44620.0,43749.0,43749.0,690275
BID,2026-06-29,44025.0,44787.0,44007.0,44501.0,364168
BID,2026-06-30,44010.0,44865.0,44010.0,44660.0,624396
BID,2026-07-01,44410.0,44613.0,43645.0,43645.0,489177
BID,2026-07-02,43625.0,44716.0,43000.0,43030.0,1476214
BID,2026-07-03,43560.0,43791.0,42556.0,43242.0,1171533
BID,2026-07-06,42510.0,43932.0,42510.0,43662.0,621590
BID,2026-07-07,43686.0,44773.0,43009.0,44174.0,358014
BID,2026-07-08,44272.0,44272.0,43381.0,43386.0,505233
BID,2026-07-09,43400.0,43727.0,42800.0,42800.0,519991
BID,2026-07-10,42516.0,43139.0,42516.0,43130.0,435264
BID,2026-07-13,43006.0,43476.0,42982.0,43225.0,405630
BID,2026-07-14,43981.0,44047.0,42803.0,43576.0,628474
BID,2026-07-15,43537.0,43670.0,43273.0,43414.0,341193
BID,2026-07-16,43708.0,43925.0,43004.0,43579.0,393223
BID,2026-07-17,43538.0,44552.0,43362.0,43962.0,299142
BID,2026-07-20,43606.0,44318.0,43606.0,44055.0,287087
BID,2026-07-21,43801.0,44903.0,43682.0,43682.0,732172
BID,2026-07-22,43862.0,44036.0,43327.0,43979.0,441360
BID,2026-07-23,43809.0,43809.0,42758.0,43215.0,976078
BID,2026-07-24,43144.0,44195.0,43050.0,44057.0,413620
BID,2026-07-27,43815.0,44600.0,43815.0,44389.0,523007
BID,2026-07-28,44237.0,44735.0,44154.0,44621.0,457932
BID,2026-07-29,44910.0,45149.0,44273.0,44768.0,505105
BID,2026-07-30,43815.0,45493.0,43815.0,44948.0,685056
BID,2026-07-31,45500.0,45620.0,44951.0,45278.0,1109885
BID,2026-08-03,45111.0,45481.0,43748.0,44429.0,504035
BID,2026-08-04,44435.0,44591.0,44129.0,44300.0,456997
BID,2026-08-05,44170.0,44332.0,43204.0,43566.0,734386
BID,2026-08-06,43901.0,43945.0,43336.0,43757.0,469321
BID,2026-08-07,44799.0,44799.0,43292.0,43499.0,532286
BID,2026-08-11,43200.0,43904.0,43040.0,43569.0,517440
BID,2026-08-12,44917.0,44917.0,43006.0,43300.0,542633
BID,2026-08-13,43001.0,43633.0,43001.0,43339.0,748717
BID,2026-08-14,43284.0,43553.0,43058.0,43426.0,472820
BSI,2026-01-30,35909.06,35909.06,35318.15,35636.33,361460
BSI,2026-02-02,35681.78,35818.15,34999.96,35181.78,270930
BSI,2026-02-03,35227.24,35772.69,35227.24,35363.6,546810
BSI,2026-02-04,35590.87,36363.6,35590.87,35727.24,534270
BSI,2026-02-05,35727.24,35772.69,35090.87,35090.87,416350
BSI,2026-02-06,34818.15,34863.6,34090.88,34090.88,713130
BSI,2026-02-09,34227.24,34499.97,33727.24,34136.33,281160
BSI,2026-02-10,34136.33,34999.96,34090.88,34181.78,301510
BSI,2026-02-11,34181.78,34727.24,34181.78,34499.97,307560
BSI,2026-02-12,34954.51,34999.96,34545.42,34636.33,143110
BSI,2026-02-13,34545.42,34909.06,34409.06,34545.42,267630
BSI,2026-02-23,35181.78,35181.78,34727.24,34954.51,169400
BSI,2026-02-24,34909.06,35863.6,34863.6,35636.33,661650
BSI,2026-02-25,35909.06,35954.51,34999.96,35636.33,467940
BSI,2026-02-26,35454.51,35818.15,35181.78,35454.51,320210
BSI,2026-02-27,35545.42,35999.96,35090.87,35363.6,457600
BSI,2026-03-02,33181.79,35181.78,33181.79,34272.69,781660
BSI,2026-03-03,34272.69,35363.6,34136.33,34318.15,556600
BSI,2026-03-04,34318.15,34818.15,33136.33,34727.24,840730
BSI,2026-03-05,35363.6,36727.24,35045.42,35590.87,1293381
BSI,2026-03-06,35590.87,35590.87,34227.24,34363.6,606760
BSI,2026-03-09,31999.97,33181.79,31999.97,31999.97,364650
BSI,2026-03-10,31999.97,32545.42,30999.97,31772.7,1012881
BSI,2026-03-11,31818.15,33545.42,31499.97,33090.88,517330
BSI,2026-03-12,32727.24,33272.69,32272.7,32727.24,260040
BSI,2026-03-13,32318.15,32727.24,31818.15,31954.51,373120
BSI,2026-03-16,31954.51,32545.42,31636.33,31909.06,227810
BSI,2026-03-17,32727.24,32909.06,32227.24,32227.24,190740
BSI,2026-03-18,32318.15,32454.51,31409.06,31727.24,305030
BSI,2026-03-19,31636.33,31727.24,30863.61,31727.24,378510
BSI,2026-03-20,31590.88,31636.33,31090.88,31090.88,199650
BSI,2026-03-23,30363.61,30999.97,28954.52,28954.52,679580
BSI,2026-03-24,29363.61,30136.33,29318.15,29727.24,173030
BSI,2026-03-25,29954.52,31181.79,29909.06,30772.7,267300
BSI,2026-03-26,30772.7,30772.7,30318.15,30727.24,113520
BSI,2026-03-27,29999.97,31409.06,29999.97,31181.79,239140
BSI,2026-03-30,30181.79,30909.06,30181.79,30909.06,187770
BSI,2026-03-31,30772.7,33045.42,30772.7,33045.42,1003751
BSI,2026-04-01,34818.15,34818.15,33727.24,33727.24,581020
BSI,2026-04-02,33454.51,34363.6,33090.88,33454.51,736230
BSI,2026-04-03,33818.15,34090.88,32545.42,32590.88,657910
BSI,2026-04-06,32272.7,33181.79,32090.88,32454.51,430210
BSI,2026-04-07,32818.15,33545.42,32363.6,33545.42,230230
BSI,2026-04-08,35363.6,35363.6,34090.88,34545.42,1268851
BSI,2026-04-09,33681.78,34272.69,33636.33,33818.15,397540
BSI,2026-04-10,34090.88,34454.51,33636.33,33636.33,345840
BSI,2026-04-13,33272.69,33863.6,32772.69,33409.06,273790
BSI,2026-04-14,33636.33,34136.33,33636.33,33727.24,577830
BSI,2026-04-15,34136.33,34136.33,33590.88,33590.88,265100
BSI,2026-04-16,33590.88,33681.78,32636.33,33181.79,478830
BSI,2026-04-17,33181.79,33363.6,32727.24,33318.15,198660
BSI,2026-04-20,33409.06,33409.06,32727.24,32863.6,719840
BSI,2026-04-21,32999.97,33409.06,32818.15,32863.6,151580
BSI,2026-04-22,32999.97,32999.97,32272.7,32363.6,328680
BSI,2026-04-23,32636.33,32636.33,31727.24,31818.15,404690
BSI,2026-04-24,31772.7,32545.42,31772.7,32545.42,199980
BSI,2026-04-28,32499.97,32545.42,31999.97,31999.97,161810
BSI,2026-04-29,31818.15,32181.79,31636.33,31863.6,143660
BSI,2026-05-04,31909.06,32499.97,31818.15,31818.15,143550
BSI,2026-05-05,31818.15,31818.15,31363.6,31363.6,186890
BSI,2026-05-06,31363.6,33090.88,31363.6,32181.79,353320
BSI,2026-05-07,32681.79,32681.79,31863.6,31863.6,142450
BSI,2026-05-08,31954.51,32181.79,31727.24,31772.7,191510
BSI,2026-05-11,31772.7,32409.06,31681.79,31863.6,296450
BSI,2026-05-12,32318.15,32318.15,31772.7,31772.7,109670
BSI,2026-05-13,31818.15,32090.88,31772.7,31772.7,208670
BSI,2026-05-14,31863.6,32227.24,31636.33,31909.06,123420
BSI,2026-05-15,32227.24,32227.24,31818.15,31818.15,173470
BSI,2026-05-18,31636.33,32272.7,31636.33,32272.7,239470
BSI,2026-05-19,32636.33,33045.42,32272.7,32318.15,563420
BSI,2026-05-20,32363.6,32363.6,30681.79,31727.24,358930
BSI,2026-05-21,31727.24,31909.06,31363.6,31545.42,86240
BSI,2026-05-22,31454.51,32454.51,31181.79,31954.51,321640
BSI,2026-05-25,31954.51,32454.51,31636.33,31863.6,120340
BSI,2026-05-26,31863.6,32363.6,31863.6,32272.7,306460
BSI,2026-05-27,32545.42,32590.88,31954.51,32045.42,219010
BSI,2026-05-28,31909.06,32590.88,31909.06,32045.42,244750
BSI,2026-05-29,32136.33,32181.79,31818.15,31818.15,148940
BSI,2026-06-01,31727.24,32136.33,31590.88,31863.6,149270
BSI,2026-06-02,31772.7,31999.97,31227.24,31227.24,284900
BSI,2026-06-03,31181.79,31772.7,29999.97,31409.06,134640
BSI,2026-06-04,31409.06,31636.33,31090.88,31227.24,129690
BSI,2026-06-05,31590.88,31590.88,31090.88,31090.88,168850
BSI,2026-06-08,30136.33,30772.7,30090.88,30272.7,209110
BSI,2026-06-09,30090.88,30590.88,29954.52,30227.24,150260
BSI,2026-06-10,30363.61,30681.79,30318.15,30545.42,84040
BSI,2026-06-11,30454.52,30590.88,30272.7,30454.52,122650
BSI,2026-06-12,30590.88,30818.15,29999.97,30272.7,262350
BSI,2026-06-15,30450.0,32000.0,30450.0,31650.0,259200
BSI,2026-06-16,31850.0,33850.0,31500.0,33850.0,1150200
BSI,2026-06-17,34300.0,35900.0,33850.0,35200.0,1330600
BSI,2026-06-18,35050.0,35450.0,34450.0,34500.0,744500
BSI,2026-06-19,34200.0,36000.0,34200.0,34700.0,878100
BSI,2026-06-22,34700.0,34950.0,33800.0,34100.0,515200
BSI,2026-06-23,34500.0,35450.0,33650.0,34150.0,1124000
BSI,2026-06-24,34000.0,34850.0,33350.0,34600.0,592200
BSI,2026-06-25,35000.0,35300.0,34700.0,34700.0,485700
BSI,2026-06-26,34700.0,34700.0,34050.0,34250.0,342900
BSI,2026-06-29,34500.0,35350.0,34000.0,34900.0,550300
BSI,2026-06-30,35000.0,37000.0,35000.0,35700.0,1722700
BSI,2026-07-01,35500.0,36300.0,35500.0,36000.0,312100
BSI,2026-07-02,35650.0,37250.0,35650.0,36900.0,1570600
BSI,2026-07-03,36900.0,37400.0,36300.0,36500.0,1081500
BSI,2026-07-06,36550.0,36600.0,34200.0,35200.0,1462000
BSI,2026-07-07,34900.0,36950.0,34900.0,36850.0,997900
BSI,2026-07-08,37000.0,37300.0,36150.0,36300.0,778600
BSI,2026-07-09,35650.0,36400.0,35650.0,35900.0,721500
BSI,2026-07-10,35900.0,35900.0,34450.0,34450.0,1316800
BSI,2026-07-13,33850.0,34000.0,32050.0,32700.0,1518900
BSI,2026-07-14,32600.0,33500.0,32500.0,33000.0,414200
BSI,2026-07-15,33100.0,33200.0,32000.0,32000.0,513000
BSI,2026-07-16,31800.0,32500.0,30750.0,32300.0,713800
BSI,2026-07-17,32000.0,32750.0,32000.0,32050.0,233800
BSI,2026-07-20,32000.0,32000.0,29850.0,29850.0,905100
BSI,2026-07-21,29850.0,30400.0,27900.0,28850.0,506300
BSI,2026-07-22,28850.0,29600.0,28000.0,29000.0,456300
BSI,2026-07-23,28500.0,30050.0,27850.0,29200.0,542700
BSI,2026-07-24,29000.0,29150.0,28200.0,28200.0,426900
BSI,2026-07-27,28650.0,28650.0,26250.0,26250.0,750100
BSI,2026-07-28,25500.0,27500.0,25500.0,26900.0,634900
BSI,2026-07-29,27400.0,27400.0,26800.0,27000.0,158000
BSI,2026-07-30,27050.0,28400.0,27050.0,28000.0,650800
BSI,2026-07-31,28350.0,28350.0,27600.0,27600.0,333900
BSI,2026-08-03,28000.0,28500.0,27700.0,28200.0,360900
BSI,2026-08-04,28500.0,28900.0,28000.0,28500.0,387200
BSI,2026-08-05,28750.0,29000.0,28150.0,28200.0,332700
BSI,2026-08-06,28000.0,28700.0,27950.0,27950.0,185100
BSI,2026-08-07,28100.0,28600.0,27900.0,28150.0,383400
BSI,2026-08-10,28600.0,29100.0,28400.0,29100.0,478800
BSI,2026-08-11,29300.0,30200.0,29300.0,29400.0,630100
BSI,2026-08-12,29500.0,29500.0,28900.0,29000.0,371200
BSI,2026-08-13,29200.0,29250.0,28350.0,28350.0,405900
BSI,2026-08-14,28250.0,28450.0,28000.0,28100.0,315000
BVH,2026-01-30,69300.0,71000.0,68500.0,69800.0,707100
BVH,2026-02-02,69800.0,74600.0,69800.0,74600.0,1682700
BVH,2026-02-03,75000.0,79800.0,73000.0,79800.0,1985700
BVH,2026-02-04,79900.0,84500.0,79000.0,82000.0,1943400
BVH,2026-02-05,81400.0,82700.0,79100.0,79500.0,973400
BVH,2026-02-06,77500.0,82000.0,75200.0,78000.0,1731400
BVH,2026-02-09,77900.0,79000.0,76000.0,76500.0,524900
BVH,2026-02-10,77800.0,79200.0,72000.0,74900.0,1152300
BVH,2026-02-11,75000.0,80000.0,73500.0,78300.0,1019800
BVH,2026-02-12,79000.0,79300.0,76300.0,76600.0,394100
BVH,2026-02-13,77100.0,77100.0,74000.0,76000.0,646400
BVH,2026-02-23,77000.0,81300.0,76800.0,81300.0,835500
BVH,2026-02-24,83600.0,84000.0,82000.0,84000.0,721600
BVH,2026-02-25,84400.0,87400.0,79500.0,86000.0,1181200
BVH,2026-02-26,85100.0,85500.0,81900.0,84000.0,615300
BVH,2026-02-27,83900.0,84200.0,80000.0,81100.0,975100
BVH,2026-03-02,79700.0,85000.0,79500.0,82100.0,797400
BVH,2026-03-03,82000.0,84700.0,81300.0,81600.0,589400
BVH,2026-03-04,81600.0,82100.0,75900.0,80000.0,1456800
BVH,2026-03-05,80100.0,81500.0,76000.0,76000.0,668100
BVH,2026-03-06,74700.0,77400.0,74000.0,76600.0,979400
BVH,2026-03-09,71400.0,73900.0,71300.0,71300.0,500700
BVH,2026-03-10,73800.0,74700.0,70900.0,71300.0,1029600
BVH,2026-03-11,71000.0,75500.0,70500.0,74500.0,599100
BVH,2026-03-12,74400.0,78000.0,72300.0,72300.0,788500
BVH,2026-03-13,72400.0,74400.0,71300.0,72700.0,555100
BVH,2026-03-16,73400.0,74400.0,71900.0,72000.0,319900
BVH,2026-03-17,72900.0,75700.0,72900.0,75700.0,554500
BVH,2026-03-18,76700.0,76700.0,72400.0,75200.0,489900
BVH,2026-03-19,73700.0,75500.0,73200.0,74400.0,466600
BVH,2026-03-20,73900.0,77600.0,73900.0,76000.0,901300
BVH,2026-03-23,75800.0,76500.0,72600.0,75100.0,453700
BVH,2026-03-24,76500.0,80300.0,75400.0,80300.0,1675200
BVH,2026-03-25,81000.0,85900.0,80600.0,85900.0,1532500
BVH,2026-03-26,85700.0,85700.0,81500.0,81500.0,802700
BVH,2026-03-27,81500.0,84000.0,81000.0,84000.0,439300
BVH,2026-03-30,81800.0,86500.0,81400.0,84500.0,762400
BVH,2026-03-31,84000.0,85000.0,81700.0,82500.0,459500
BVH,2026-04-01,84800.0,84800.0,81900.0,83800.0,390300
BVH,2026-04-02,83800.0,88500.0,81500.0,82500.0,1405000
BVH,2026-04-03,83500.0,85300.0,78000.0,85000.0,856100
BVH,2026-04-06,85000.0,85100.0,81200.0,81200.0,347300
BVH,2026-04-07,81000.0,81900.0,77800.0,79900.0,619600
BVH,2026-04-08,81500.0,83500.0,79700.0,83500.0,506900
BVH,2026-04-09,82600.0,83000.0,79500.0,79800.0,575200
BVH,2026-04-10,78500.0,80200.0,75300.0,76400.0,1598500
BVH,2026-04-13,77300.0,77300.0,75100.0,75100.0,540800
BVH,2026-04-14,75600.0,77100.0,75100.0,75200.0,389400
BVH,2026-04-15,76000.0,76400.0,73900.0,74000.0,582300
BVH,2026-04-16,73500.0,74300.0,70900.0,73500.0,1682500
BVH,2026-04-17,73900.0,74100.0,72400.0,72600.0,425400
BVH,2026-04-20,72900.0,73900.0,71900.0,72300.0,449000
BVH,2026-04-21,72700.0,72900.0,71200.0,71200.0,369200
BVH,2026-04-22,71200.0,72300.0,70600.0,70800.0,453900
BVH,2026-04-23,70800.0,71500.0,67300.0,71000.0,1020200
BVH,2026-04-24,71200.0,72600.0,70800.0,71800.0,491900
BVH,2026-04-28,71800.0,72000.0,69500.0,71000.0,589400
BVH,2026-04-29,70100.0,70900.0,69200.0,70500.0,483300
BVH,2026-05-04,70100.0,72000.0,70100.0,70200.0,485500
BVH,2026-05-05,70200.0,70800.0,68300.0,69200.0,665000
BVH,2026-05-06,69500.0,69800.0,68300.0,68500.0,610700
BVH,2026-05-07,68200.0,69400.0,67200.0,67200.0,945800
BVH,2026-05-08,68500.0,68500.0,65100.0,66000.0,1406600
BVH,2026-05-11,66000.0,66400.0,62900.0,63700.0,1412000
BVH,2026-05-12,63400.0,66900.0,63400.0,66600.0,1034000
BVH,2026-05-13,66800.0,69200.0,66400.0,68700.0,1434000
BVH,2026-05-14,68700.0,68700.0,67800.0,67900.0,532700
BVH,2026-05-15,68000.0,68000.0,66400.0,67100.0,488900
BVH,2026-05-18,67600.0,71700.0,67500.0,71700.0,1824600
BVH,2026-05-19,72500.0,72500.0,69700.0,71000.0,846100
BVH,2026-05-20,70200.0,71700.0,68000.0,70500.0,1116600
BVH,2026-05-21,71000.0,72300.0,69600.0,72200.0,714400
BVH,2026-05-22,71200.0,72000.0,70100.0,72000.0,525900
BVH,2026-05-25,71100.0,71300.0,70100.0,70100.0,379300
BVH,2026-05-26,70400.0,70500.0,69200.0,69200.0,477900
BVH,2026-05-27,69200.0,69200.0,66800.0,68100.0,611900
BVH,2026-05-28,68100.0,68400.0,67000.0,67000.0,184400
BVH,2026-05-29,66800.0,68200.0,66000.0,67700.0,477100
BVH,2026-06-01,68100.0,68100.0,67000.0,67100.0,99800
BVH,2026-06-02,67400.0,69700.0,66800.0,69700.0,1032500
BVH,2026-06-03,69700.0,69700.0,68600.0,69700.0,242500
BVH,2026-06-04,69600.0,70400.0,69300.0,70000.0,421300
BVH,2026-06-05,70100.0,70100.0,69000.0,69700.0,249700
BVH,2026-06-08,68900.0,68900.0,66600.0,66600.0,299600
BVH,2026-06-09,67300.0,67500.0,64200.0,67500.0,456900
BVH,2026-06-10,66900.0,67900.0,65500.0,66200.0,392100
BVH,2026-06-11,65500.0,67500.0,65500.0,67500.0,252700
BVH,2026-06-12,67100.0,67500.0,65600.0,65600.0,261300
BVH,2026-06-15,66200.0,66400.0,65200.0,65200.0,305400
BVH,2026-06-16,65200.0,67000.0,65100.0,65500.0,310200
BVH,2026-06-17,65800.0,66900.0,65600.0,66900.0,251200
BVH,2026-06-18,67000.0,67300.0,66200.0,67000.0,304500
BVH,2026-06-19,66500.0,67000.0,65900.0,66800.0,291700
BVH,2026-06-22,66300.0,66500.0,66000.0,66000.0,270500
BVH,2026-06-23,66600.0,66600.0,64900.0,64900.0,424700
BVH,2026-06-24,64800.0,65000.0,63000.0,64300.0,448000
BVH,2026-06-25,64000.0,64600.0,63200.0,63600.0,334500
BVH,2026-06-26,63200.0,64100.0,63100.0,63400.0,326900
BVH,2026-06-29,63400.0,65400.0,61700.0,64900.0,678200
BVH,2026-06-30,64400.0,64600.0,63600.0,64600.0,175900
BVH,2026-07-01,64500.0,64800.0,63700.0,64000.0,266100
BVH,2026-07-02,63700.0,64100.0,62800.0,63300.0,405800
BVH,2026-07-03,63000.0,63100.0,62200.0,62300.0,296900
BVH,2026-07-06,62300.0,62400.0,59700.0,60000.0,861300
BVH,2026-07-07,60200.0,61500.0,59000.0,59500.0,528700
BVH,2026-07-08,60200.0,60600.0,59500.0,60400.0,316200
BVH,2026-07-09,60800.0,60800.0,59500.0,60100.0,368500
BVH,2026-07-10,60000.0,60600.0,59000.0,59000.0,239000
BVH,2026-07-13,59400.0,59400.0,57500.0,57500.0,390600
BVH,2026-07-14,57500.0,59000.0,57500.0,58600.0,327600
BVH,2026-07-15,58600.0,60200.0,58600.0,59000.0,417500
BVH,2026-07-16,59000.0,60600.0,57200.0,60500.0,671100
BVH,2026-07-17,60700.0,61300.0,59700.0,60000.0,312000
BVH,2026-07-20,59800.0,60200.0,58000.0,58100.0,278300
BVH,2026-07-21,58000.0,59200.0,56000.0,58300.0,382200
BVH,2026-07-22,58000.0,58800.0,57100.0,57100.0,281600
BVH,2026-07-23,57100.0,57500.0,55200.0,57200.0,238600
BVH,2026-07-24,56900.0,58000.0,56100.0,57000.0,167300
BVH,2026-07-27,57100.0,58800.0,57000.0,57500.0,240100
BVH,2026-07-28,57500.0,57800.0,56000.0,56600.0,156400
BVH,2026-07-29,56600.0,59000.0,56600.0,59000.0,325800
BVH,2026-07-30,59000.0,61400.0,58400.0,61100.0,539500
BVH,2026-07-31,61100.0,63300.0,60100.0,60100.0,720500
BVH,2026-08-03,61200.0,64300.0,60900.0,64300.0,937000
BVH,2026-08-04,64300.0,64900.0,62900.0,63000.0,255900
BVH,2026-08-05,63000.0,63900.0,61700.0,63900.0,612400
BVH,2026-08-06,63900.0,63900.0,62500.0,62800.0,103700
BVH,2026-08-07,62600.0,67100.0,62400.0,66900.0,1276400
BVH,2026-08-10,66900.0,67900.0,65200.0,67500.0,478000
BVH,2026-08-11,67200.0,68000.0,65700.0,66000.0,366300
BVH,2026-08-12,65700.0,67000.0,65300.0,66800.0,368600
BVH,2026-08-13,66900.0,67100.0,65500.0,65500.0,401100
BVH,2026-08-14,65500.0,66400.0,64900.0,65000.0,396200
CTG,2026-01-30,37621.27,38409.15,37227.33,38162.94,28912930
CTG,2026-02-02,38212.18,39197.03,38113.7,38753.85,23742701
CTG,2026-02-03,39147.79,39689.46,38704.61,39098.54,24034726
CTG,2026-02-04,39295.52,39295.52,38556.88,39000.06,18513783
CTG,2026-02-05,39049.3,39098.54,38015.21,38015.21,16319337
CTG,2026-02-06,37621.27,37769.0,36833.39,36833.39,25220795
CTG,2026-02-09,37128.84,37276.57,36242.48,36537.94,10070873
CTG,2026-02-10,36931.88,37030.36,36094.75,36537.94,12842666
CTG,2026-02-11,36882.63,37670.51,36734.9,37325.82,13934203
CTG,2026-02-12,37719.75,37719.75,37178.09,37424.3,8789866
CTG,2026-02-13,37424.3,38015.21,37128.84,38015.21,9402142
CTG,2026-02-23,38359.91,38409.15,37965.97,38113.7,8508503
CTG,2026-02-24,37965.97,38113.7,37473.54,37621.27,12319947
CTG,2026-02-25,37769.0,38507.64,37621.27,37916.72,10736254
CTG,2026-02-26,37965.97,38162.94,37473.54,37916.72,11666142
CTG,2026-02-27,37867.48,37867.48,37473.54,37670.51,9025130
CTG,2026-03-02,36931.88,37276.57,36291.72,36291.72,26125805
CTG,2026-03-03,36242.48,36734.9,35356.12,35356.12,21581662
CTG,2026-03-04,35208.39,36144.0,34912.93,35848.54,19750215
CTG,2026-03-05,36439.45,36537.94,35651.57,35651.57,8139005
CTG,2026-03-06,35356.12,35750.06,35109.9,35109.9,8663248
CTG,2026-03-09,32697.02,32992.48,32697.02,32697.02,18044169
CTG,2026-03-10,33681.87,34617.48,33090.96,34518.99,25359902
CTG,2026-03-11,34469.75,35060.66,34174.3,34568.24,13075087
CTG,2026-03-12,34272.78,34371.26,33731.11,33780.36,13112352
CTG,2026-03-13,33780.36,33977.32,33435.66,33484.9,8406254
CTG,2026-03-16,33534.14,33977.32,33484.9,33632.63,5238665
CTG,2026-03-17,33928.08,34272.78,33878.84,33878.84,7294714
CTG,2026-03-18,34075.81,35208.39,34075.81,34469.75,12739300
CTG,2026-03-19,33977.32,34272.78,33780.36,34125.05,7646748
CTG,2026-03-20,34026.57,34075.81,33090.96,33090.96,10873432
CTG,2026-03-23,32697.02,32697.02,31515.2,32007.62,13441640
CTG,2026-03-24,32795.5,33435.66,32598.54,33041.72,6509113
CTG,2026-03-25,33238.69,33583.38,33189.44,33534.14,6337107
CTG,2026-03-26,33534.14,33583.38,32943.23,33287.93,5826471
CTG,2026-03-27,33189.44,34469.75,33090.96,34272.78,12259227
CTG,2026-03-30,33583.38,34223.54,33386.42,33534.14,6155150
CTG,2026-03-31,33878.84,34125.05,33583.38,34075.81,7508148
CTG,2026-04-01,34666.72,34765.2,34125.05,34223.54,8384728
CTG,2026-04-02,33928.08,34026.57,33583.38,33780.36,6347362
CTG,2026-04-03,33878.84,33977.32,33287.93,33287.93,8759506
CTG,2026-04-06,33238.69,33534.14,33041.72,33189.44,6163882
CTG,2026-04-07,33238.69,33337.17,32992.48,33189.44,5031223
CTG,2026-04-08,34272.78,34962.18,33780.36,34962.18,13543077
CTG,2026-04-09,34518.99,34765.2,34272.78,34469.75,6406356
CTG,2026-04-10,34715.96,35257.63,34469.75,34469.75,8153018
CTG,2026-04-13,34272.78,34469.75,34026.57,34272.78,4370614
CTG,2026-04-14,34568.24,34617.48,34272.78,34371.26,5549169
CTG,2026-04-15,34666.72,34765.2,34322.02,34518.99,5672437
CTG,2026-04-16,34617.48,34617.48,33977.32,34075.81,5862618
CTG,2026-04-17,34174.3,34371.26,34026.57,34322.02,3833883
CTG,2026-04-20,34420.51,34765.2,34371.26,34568.24,6112707
CTG,2026-04-21,34765.2,34912.93,34322.02,34322.02,5896430
CTG,2026-04-22,34371.26,34568.24,34272.78,34371.26,4058993
CTG,2026-04-23,34272.78,36242.48,34272.78,34962.18,22639183
CTG,2026-04-24,35060.66,35159.14,34469.75,34469.75,4856678
CTG,2026-04-28,34765.2,34814.45,34174.3,34272.78,7052038
CTG,2026-04-29,34469.75,34568.24,34223.54,34420.51,6750977
CTG,2026-05-04,34863.69,35159.14,34666.72,34814.45,8445956
CTG,2026-05-05,34765.2,34765.2,34322.02,34765.2,5819871
CTG,2026-05-06,34765.2,35011.42,34469.75,35011.42,10329999
CTG,2026-05-07,35109.9,35454.6,34962.18,35257.63,10825201
CTG,2026-05-08,35405.36,36144.0,35356.12,35651.57,18529116
CTG,2026-05-11,35750.06,35750.06,35060.66,35060.66,7180788
CTG,2026-05-12,35109.9,35109.9,34469.75,34715.96,8944509
CTG,2026-05-13,34715.96,35208.39,34469.75,35011.42,9846372
CTG,2026-05-14,35109.9,35651.57,35060.66,35405.36,9257145
CTG,2026-05-15,35700.81,35750.06,34863.69,35257.63,10527897
CTG,2026-05-18,35060.66,36144.0,34715.96,35750.06,19208508
CTG,2026-05-19,35996.27,36242.48,34962.18,35257.63,15922830
CTG,2026-05-20,35208.39,35356.12,33780.36,34666.72,12551860
CTG,2026-05-21,34863.69,34962.18,34322.02,34420.51,9722901
CTG,2026-05-22,34371.26,34420.51,34075.81,34272.78,8886023
CTG,2026-05-25,34617.48,34715.96,34272.78,34272.78,4154033
CTG,2026-05-26,34371.26,34765.2,34371.26,34715.96,6470020
CTG,2026-05-27,34765.2,34962.18,34666.72,34814.45,7486317
CTG,2026-05-28,34814.45,34962.18,34322.02,34322.02,6105802
CTG,2026-05-29,34371.26,34469.75,34174.3,34272.78,8476519
CTG,2026-06-01,34518.99,34518.99,34026.57,34026.57,5879067
CTG,2026-06-02,34026.57,34174.3,33287.93,33337.17,17128496
CTG,2026-06-03,33287.93,33583.38,33189.44,33435.66,6602731
CTG,2026-06-04,33484.9,33878.84,33386.42,33583.38,4351728
CTG,2026-06-05,33583.38,33829.6,33386.42,33386.42,4145199
CTG,2026-06-08,32844.75,33189.44,32746.26,32746.26,10880844
CTG,2026-06-09,32795.5,32943.23,32746.26,32893.99,3665025
CTG,2026-06-10,33090.96,33287.93,32943.23,32992.48,3692440
CTG,2026-06-11,32844.75,32943.23,32746.26,32844.75,3971873
CTG,2026-06-12,33041.72,33140.2,32893.99,32893.99,4984413
CTG,2026-06-15,33238.69,33435.66,33041.72,33189.44,7125958
CTG,2026-06-16,33337.17,33386.42,33140.2,33189.44,5005330
CTG,2026-06-17,33189.44,33928.08,33090.96,33780.36,11654465
CTG,2026-06-18,33829.6,33928.08,33337.17,33435.66,4590343
CTG,2026-06-19,33484.9,33534.14,33189.44,33238.69,3782911
CTG,2026-06-22,33386.42,33484.9,33287.93,33337.17,3212570
CTG,2026-06-23,33484.9,33977.32,33484.9,33484.9,9567751
CTG,2026-06-24,33386.42,33583.38,33041.72,33386.42,7603899
CTG,2026-06-25,33238.69,33287.93,32992.48,32992.48,8719195
CTG,2026-06-26,32992.48,33090.96,32893.99,33090.96,4067015
CTG,2026-06-29,33140.2,33534.14,33140.2,33386.42,9228613
CTG,2026-06-30,33386.42,33780.36,33386.42,33435.66,6970604
CTG,2026-07-01,33534.14,34125.05,33534.14,33878.84,7202416
CTG,2026-07-02,33928.08,34026.57,33534.14,33731.11,5149210
CTG,2026-07-03,33829.6,33928.08,33484.9,33632.63,7320404
CTG,2026-07-06,33878.84,34223.54,33140.2,33632.63,10754734
CTG,2026-07-07,33632.63,33731.11,33386.42,33731.11,4844087
CTG,2026-07-08,33731.11,34174.3,33731.11,33977.32,8846727
CTG,2026-07-09,33878.84,33977.32,33534.14,33534.14,5456871
CTG,2026-07-10,33681.87,33780.36,33189.44,33189.44,5590597
CTG,2026-07-13,33189.44,33189.44,32007.62,32106.11,17558714
CTG,2026-07-14,32056.87,32303.08,31613.68,32106.11,11361831
CTG,2026-07-15,32204.6,32253.84,31662.93,31662.93,6617149
CTG,2026-07-16,31613.68,31859.9,30973.53,31810.66,10631872
CTG,2026-07-17,31761.41,31859.9,31465.96,31515.2,3710311
CTG,2026-07-20,31416.72,31416.72,30037.92,30333.38,11544093
CTG,2026-07-21,30136.41,30678.08,30136.41,30431.86,5677412
CTG,2026-07-22,30678.08,30678.08,29250.04,29250.04,16032999
CTG,2026-07-23,29150.0,29850.0,28400.0,29050.0,11433200
CTG,2026-07-24,29050.0,29600.0,28650.0,29000.0,7636700
CTG,2026-07-27,29300.0,29600.0,28750.0,28750.0,6451500
CTG,2026-07-28,28400.0,29200.0,28400.0,29000.0,4953400
CTG,2026-07-29,29250.0,29500.0,29100.0,29350.0,9178500
CTG,2026-07-30,29450.0,30600.0,29350.0,30450.0,11105400
CTG,2026-07-31,30800.0,32000.0,30550.0,30800.0,15291900
CTG,2026-08-03,31200.0,32000.0,31050.0,31800.0,11302600
CTG,2026-08-04,31900.0,32000.0,31650.0,31850.0,7570100
CTG,2026-08-05,32100.0,32300.0,31750.0,31850.0,9430500
CTG,2026-08-06,31800.0,31850.0,31300.0,31350.0,5720900
CTG,2026-08-07,31450.0,33000.0,31350.0,32500.0,14932900
CTG,2026-08-10,32800.0,32950.0,32600.0,32800.0,7077200
CTG,2026-08-11,32500.0,32800.0,32300.0,32300.0,7727200
CTG,2026-08-12,32350.0,32450.0,32100.0,32200.0,5077700
CTG,2026-08-13,32350.0,32800.0,32150.0,32150.0,8770500
CTG,2026-08-14,32150.0,32150.0,31350.0,31450.0,7919900
CTS,2026-01-29,50.54,52.06,50.09,51.98,139816
CTS,2026-01-30,51.43,52.21,50.8,51.41,197996
CTS,2026-02-02,51.24,53.54,51.24,53.12,193384
CTS,2026-02-03,53.26,54.23,52.6,53.28,172250
CTS,2026-02-04,53.46,55.34,53.0,53.83,183286
CTS,2026-02-05,53.78,54.41,53.1,54.19,181244
CTS,2026-02-06,54.86,56.08,54.76,55.78,191488
CTS,2026-02-09,55.72,56.14,55.05,55.58,245153
CTS,2026-02-10,58.85,59.66,57.19,57.29,306200
CTS,2026-02-11,57.63,57.95,55.22,57.15,229747
CTS,2026-02-12,57.8,58.68,55.82,56.92,229209
CTS,2026-02-13,57.07,58.3,56.53,57.46,144980
CTS,2026-02-17,57.05,57.4,55.79,56.0,198309
CTS,2026-02-18,55.59,56.5,54.25,54.3,226376
CTS,2026-02-19,54.08,54.17,52.78,53.4,333899
CTS,2026-02-20,53.35,54.43,53.35,53.75,259968
CTS,2026-02-23,53.75,53.98,51.62,52.21,248270
CTS,2026-02-24,52.76,53.76,52.36,52.94,228268
CTS,2026-02-25,53.3,53.51,52.1,53.22,169646
CTS,2026-02-26,53.57,53.57,52.35,53.38,232345
CTS,2026-02-27,52.7,52.76,51.73,52.66,232357
CTS,2026-03-02,51.72,52.72,51.39,51.95,355489
CTS,2026-03-03,50.35,51.3,49.25,51.21,244263
CTS,2026-03-04,51.81,52.5,50.87,51.93,149015
CTS,2026-03-05,51.39,52.28,50.35,51.19,253933
CTS,2026-03-06,49.78,50.18,47.74,47.9,256446
CTS,2026-03-09,46.7,47.75,45.99,47.48,388272
CTS,2026-03-10,47.47,49.2,47.32,48.11,280650
CTS,2026-03-11,47.82,48.8,47.29,48.24,169588
CTS,2026-03-12,47.39,47.69,46.44,46.78,276009
CTS,2026-03-13,47.34,48.04,45.54,45.79,263155
CTS,2026-03-16,46.58,47.32,45.88,46.01,128110
CTS,2026-03-17,46.22,46.96,45.71,46.31,201076
CTS,2026-03-18,46.14,47.47,46.08,46.63,210788
CTS,2026-03-19,45.88,47.36,45.5,47.2,254978
CTS,2026-03-20,47.04,47.3,45.81,46.17,402967
CTS,2026-03-23,48.03,48.97,47.94,48.64,176800
CTS,2026-03-24,47.97,50.19,47.97,50.04,231387
CTS,2026-03-25,50.77,50.79,49.95,50.34,134028
CTS,2026-03-26,49.37,50.11,48.52,48.66,109239
CTS,2026-03-27,47.94,48.41,47.7,47.84,86007
CTS,2026-03-30,48.41,48.41,46.4,46.64,137167
CTS,2026-03-31,46.24,48.13,46.24,47.76,128887
CTS,2026-04-01,48.2,49.15,48.2,48.44,124905
CTS,2026-04-02,47.28,48.82,47.15,48.34,118976
CTS,2026-04-06,48.34,48.93,47.7,48.4,91772
CTS,2026-04-07,48.13,49.58,48.04,49.46,143314
CTS,2026-04-08,50.78,52.21,50.78,51.15,175544
CTS,2026-04-09,51.02,54.94,51.02,53.39,519695
CTS,2026-04-10,54.26,55.16,54.0,54.94,199799
CTS,2026-04-13,54.67,55.75,54.17,55.57,182212
CTS,2026-04-14,56.07,56.4,54.97,55.56,166807
CTS,2026-04-15,55.14,55.25,54.1,54.54,170500
CTS,2026-04-16,54.37,55.66,54.02,54.59,162656
CTS,2026-04-17,55.69,56.91,54.76,55.13,221607
CTS,2026-04-20,55.18,55.87,54.4,54.82,168570
CTS,2026-04-21,55.01,56.33,54.5,55.12,203318
CTS,2026-04-22,56.08,56.08,53.92,54.34,187011
CTS,2026-04-23,54.58,56.19,54.58,55.53,153316
CTS,2026-04-24,55.85,57.02,55.03,56.77,269890
CTS,2026-04-27,57.01,57.56,55.78,55.98,162859
CTS,2026-04-28,55.92,55.95,54.12,54.27,202902
CTS,2026-04-29,57.0,58.01,54.11,54.43,503883
CTS,2026-04-30,55.07,57.24,54.58,57.1,410577
CTS,2026-05-01,58.02,58.4,55.13,57.0,264944
CTS,2026-05-04,56.94,57.09,55.6,56.53,197896
CTS,2026-05-05,56.93,58.66,56.9,58.07,266530
CTS,2026-05-06,59.25,60.05,58.14,60.0,400167
CTS,2026-05-07,60.19,60.82,59.0,59.85,479648
CTS,2026-05-08,60.3,62.02,60.0,61.75,362610
CTS,2026-05-11,61.95,61.98,60.64,61.49,367494
CTS,2026-05-12,61.36,61.48,58.09,58.66,360295
CTS,2026-05-13,59.38,60.0,58.48,59.48,233682
CTS,2026-05-14,59.98,61.77,59.74,61.29,307198
CTS,2026-05-15,60.13,61.06,58.31,58.32,270086
CTS,2026-05-18,58.51,59.11,56.25,56.94,286572
CTS,2026-05-19,56.13,57.57,55.57,57.07,291942
CTS,2026-05-20,57.52,59.49,57.38,59.41,177693
CTS,2026-05-21,58.72,60.0,58.01,59.91,175529
CTS,2026-05-22,60.63,62.44,60.5,62.32,258517
CTS,2026-05-26,64.69,65.34,63.5,65.25,336651
CTS,2026-05-27,65.99,65.99,64.4,65.12,261283
CTS,2026-05-28,64.5,65.34,63.5,64.79,423063
CTS,2026-05-29,65.13,65.71,63.45,64.21,271868
CTS,2026-06-01,63.22,64.59,61.75,63.89,302095
CTS,2026-06-02,64.43,66.99,64.06,66.72,314647
CTS,2026-06-03,66.68,67.31,66.09,67.04,240753
CTS,2026-06-04,66.36,66.99,65.26,66.28,149062
CTS,2026-06-05,65.92,65.92,62.02,62.85,241894
CTS,2026-06-08,63.88,65.28,63.0,65.21,208339
CTS,2026-06-09,66.35,67.82,63.78,66.27,356843
CTS,2026-06-10,65.6,67.5,64.72,64.81,330853
CTS,2026-06-11,65.85,68.0,64.79,67.88,403273
CTS,2026-06-12,68.38,68.59,66.02,66.13,441143
CTS,2026-06-15,67.43,67.52,65.85,66.63,333112
CTS,2026-06-16,67.41,68.05,64.73,64.8,311612
CTS,2026-06-17,65.47,66.36,64.27,64.72,375698
CTS,2026-06-18,66.43,67.51,66.0,67.0,620536
CTS,2026-06-22,67.32,68.31,65.72,68.31,551272
CTS,2026-06-23,66.81,67.15,65.59,65.85,514642
CTS,2026-06-24,65.62,67.27,65.5,67.01,451053
CTS,2026-06-25,67.87,69.55,66.7,66.82,335157
CTS,2026-06-26,65.55,65.55,61.64,65.0,1256773
CTS,2026-06-29,64.99,65.0,62.9,64.57,320883
CTS,2026-06-30,64.93,66.03,64.55,65.19,253531
CTS,2026-07-01,64.47,64.47,61.86,63.83,282706
CTS,2026-07-02,63.19,64.24,59.96,60.5,483193
CTS,2026-07-06,60.72,62.0,60.0,60.34,269366
CTS,2026-07-07,59.96,59.96,56.97,59.15,367469
CTS,2026-07-08,58.49,59.29,58.09,59.06,223639
CTS,2026-07-09,60.05,61.49,60.05,60.96,296885
CTS,2026-07-10,60.3,61.21,59.94,60.14,190897
CTS,2026-07-13,59.48,60.31,58.72,59.07,324406
CTS,2026-07-14,60.01,60.32,58.73,60.05,175766
CTS,2026-07-15,60.61,60.7,58.84,59.39,142653
CTS,2026-07-16,58.6,59.89,58.37,59.48,188975
CTS,2026-07-17,57.74,59.81,57.0,59.4,205042
CTS,2026-07-20,60.0,60.4,58.78,59.2,149466
CTS,2026-07-21,60.13,61.7,60.0,61.31,186940
CTS,2026-07-22,61.36,61.36,60.09,60.13,154730
CTS,2026-07-23,59.16,60.97,58.58,60.92,154749
CTS,2026-07-24,61.39,61.39,59.82,59.99,168526
CTS,2026-07-27,60.3,60.87,58.56,60.41,210288
CTS,2026-07-28,62.67,66.2,61.87,64.82,503619
CTS,2026-07-29,65.04,65.71,61.2,61.53,500748
CTS,2026-07-30,63.46,64.07,61.56,62.7,324807
CTS,2026-07-31,63.95,64.83,62.01,64.12,222097
CTS,2026-08-03,64.12,65.8,63.72,65.23,175269
CTS,2026-08-04,66.21,67.93,66.15,67.26,227109
CTS,2026-08-05,66.77,67.67,66.55,66.78,262725
CTS,2026-08-06,66.51,67.97,65.93,66.26,184763
CTS,2026-08-07,66.82,67.99,65.64,66.23,139264
CTS,2026-08-10,66.26,66.89,64.51,64.61,142385
CTS,2026-08-11,65.37,66.85,63.83,64.14,132673
CTS,2026-08-12,65.3,65.46,63.27,63.62,170894
CTS,2026-08-13,64.25,64.25,62.12,62.57,139975
CTS,2026-08-14,62.48,64.23,62.4,63.47,164976
DBC,2026-01-30,25224.26,25224.26,24783.28,24827.37,9689363
DBC,2026-02-02,25003.77,25091.96,24474.59,24606.88,7853580
DBC,2026-02-03,24739.18,25356.55,24650.98,24783.28,8601227
DBC,2026-02-04,24871.47,25577.05,24871.47,25577.05,15434022
DBC,2026-02-05,25929.83,26150.32,25047.87,25047.87,10796094
DBC,2026-02-06,24827.37,24959.67,23945.41,23945.41,12336627
DBC,2026-02-09,24210.0,24254.1,23416.23,23592.62,7371590
DBC,2026-02-10,23636.72,23680.82,23063.44,23283.93,6217918
DBC,2026-02-11,23372.13,23857.21,23372.13,23504.42,3791978
DBC,2026-02-12,23548.52,23769.01,23548.52,23636.72,1791903
DBC,2026-02-13,23592.62,23636.72,23460.33,23548.52,3013377
DBC,2026-02-23,23769.01,23813.11,23548.52,23724.92,3544916
DBC,2026-02-24,23724.92,24077.7,23680.82,24033.6,4956080
DBC,2026-02-25,24077.7,24298.19,23857.21,23857.21,4280658
DBC,2026-02-26,23901.31,24033.6,23680.82,23680.82,3101136
DBC,2026-02-27,23680.82,23724.92,23372.13,23416.23,6866582
DBC,2026-03-02,22754.75,23239.83,22710.65,22710.65,11061863
DBC,2026-03-03,22666.55,23107.54,22093.28,22137.37,8872779
DBC,2026-03-04,22269.67,22490.16,21123.11,22005.08,14986613
DBC,2026-03-05,22225.57,22534.26,22049.18,22093.28,4844738
DBC,2026-03-06,21960.98,22049.18,21652.29,21696.39,8213004
DBC,2026-03-09,20241.15,20726.23,20197.05,20197.05,7436785
DBC,2026-03-10,20682.13,20682.13,20064.75,20373.44,6921459
DBC,2026-03-11,20593.93,21299.51,20461.64,21299.51,5105519
DBC,2026-03-12,21079.01,21299.51,20682.13,20814.42,3451942
DBC,2026-03-13,20549.83,20946.72,20549.83,20726.23,2844323
DBC,2026-03-16,20814.42,20858.52,20505.74,20549.83,2860310
DBC,2026-03-17,20858.52,21167.21,20682.13,20814.42,2458708
DBC,2026-03-18,20902.62,21123.11,20638.03,20726.23,2447483
DBC,2026-03-19,20682.13,20682.13,20285.24,20461.64,3826673
DBC,2026-03-20,20461.64,20858.52,20329.34,20505.74,3339920
DBC,2026-03-23,20593.93,20593.93,19315.08,19403.28,4712193
DBC,2026-03-24,19844.26,19976.56,19667.87,19667.87,2496918
DBC,2026-03-25,19932.46,20638.03,19888.36,20549.83,3452623
DBC,2026-03-26,20373.44,20593.93,20108.85,20197.05,1635775
DBC,2026-03-27,20285.24,20549.83,20152.95,20461.64,1991117
DBC,2026-03-30,20020.65,20638.03,20020.65,20417.54,2516873
DBC,2026-03-31,20549.83,20593.93,20285.24,20461.64,2203937
DBC,2026-04-01,20726.23,20858.52,20549.83,20549.83,3338446
DBC,2026-04-02,20638.03,20638.03,20285.24,20417.54,1960844
DBC,2026-04-03,20593.93,20593.93,20108.85,20108.85,2609280
DBC,2026-04-06,20020.65,20197.05,19667.87,19667.87,2454966
DBC,2026-04-07,19844.26,19976.56,19667.87,19756.06,966135
DBC,2026-04-08,20241.15,20638.03,20020.65,20638.03,3595258
DBC,2026-04-09,20638.03,20638.03,20285.24,20329.34,3610565
DBC,2026-04-10,20549.83,20682.13,20373.44,20505.74,2430929
DBC,2026-04-13,20285.24,20417.54,20197.05,20329.34,2812463
DBC,2026-04-14,20593.93,21431.8,20329.34,21343.6,6399331
DBC,2026-04-15,21343.6,21387.7,20858.52,20902.62,3814654
DBC,2026-04-16,20814.42,20946.72,20417.54,20549.83,3687665
DBC,2026-04-17,20638.03,20990.82,20461.64,20549.83,2283305
DBC,2026-04-20,20549.83,20682.13,20505.74,20505.74,1809137
DBC,2026-04-21,20682.13,20682.13,20373.44,20373.44,1925355
DBC,2026-04-22,20373.44,20461.64,20241.15,20241.15,1950412
DBC,2026-04-23,20241.15,20417.54,20064.75,20373.44,3405795
DBC,2026-04-24,20417.54,20417.54,20064.75,20152.95,1725121
DBC,2026-04-28,20152.95,20241.15,19800.16,19844.26,2109602
DBC,2026-04-29,19932.46,20020.65,19491.47,19932.46,2335007
DBC,2026-05-04,20108.85,20152.95,19888.36,19888.36,1200498
DBC,2026-05-05,19888.36,20285.24,19844.26,20064.75,2632297
DBC,2026-05-06,20108.85,20241.15,19888.36,20197.05,1731923
DBC,2026-05-07,20108.85,20329.34,20020.65,20020.65,1745416
DBC,2026-05-08,20020.65,20064.75,19800.16,19844.26,2345098
DBC,2026-05-11,20020.65,20020.65,19800.16,19800.16,1827165
DBC,2026-05-12,19976.56,19976.56,19756.06,19800.16,1552212
DBC,2026-05-13,19844.26,20197.05,19800.16,19932.46,2184321
DBC,2026-05-14,20108.85,20152.95,19844.26,19932.46,1373180
DBC,2026-05-15,19976.56,19976.56,19800.16,19888.36,1385652
DBC,2026-05-18,19756.06,19844.26,19579.67,19667.87,2375031
DBC,2026-05-19,19667.87,19800.16,19623.77,19623.77,1693033
DBC,2026-05-20,19535.57,19667.87,18741.8,19226.88,3604216
DBC,2026-05-21,19270.98,19315.08,19050.49,19182.78,1622282
DBC,2026-05-22,19138.69,19270.98,18962.29,19138.69,1997806
DBC,2026-05-25,19359.18,19623.77,19359.18,19359.18,1979212
DBC,2026-05-26,19491.47,19491.47,19315.08,19447.37,1053894
DBC,2026-05-27,19447.37,19535.57,19315.08,19359.18,1404133
DBC,2026-05-28,19359.18,19491.47,19050.49,19094.59,1845647
DBC,2026-05-29,19050.49,19270.98,18962.29,18962.29,1191087
DBC,2026-06-01,19050.49,19315.08,19006.39,19226.88,1010695
DBC,2026-06-02,19094.59,19359.18,19094.59,19094.59,2206204
DBC,2026-06-03,19094.59,19667.87,19094.59,19491.47,3291505
DBC,2026-06-04,19623.77,19623.77,19315.08,19359.18,2426054
DBC,2026-06-05,19600.0,19600.0,19300.0,19300.0,975200
DBC,2026-06-08,19700.0,19700.0,19000.0,19050.0,1612300
DBC,2026-06-09,19000.0,19150.0,18850.0,19050.0,1014600
DBC,2026-06-10,19050.0,19100.0,18800.0,18800.0,1463700
DBC,2026-06-11,18600.0,18700.0,18450.0,18500.0,1956400
DBC,2026-06-12,18650.0,18650.0,18400.0,18500.0,1242000
DBC,2026-06-15,18600.0,18850.0,18550.0,18850.0,1033100
DBC,2026-06-16,18900.0,19250.0,18900.0,19250.0,1532100
DBC,2026-06-17,19250.0,19300.0,19150.0,19200.0,1128100
DBC,2026-06-18,19200.0,19250.0,19000.0,19050.0,1153900
DBC,2026-06-19,19000.0,19100.0,18900.0,18900.0,751000
DBC,2026-06-22,18800.0,18900.0,18750.0,18750.0,657100
DBC,2026-06-23,18750.0,18950.0,18750.0,18750.0,881800
DBC,2026-06-24,18900.0,18900.0,18600.0,18750.0,852000
DBC,2026-06-25,18750.0,18850.0,18600.0,18600.0,749900
DBC,2026-06-26,18600.0,18700.0,18500.0,18500.0,974300
DBC,2026-06-29,18600.0,18650.0,18500.0,18550.0,808300
DBC,2026-06-30,18600.0,18650.0,18500.0,18550.0,873300
DBC,2026-07-01,18500.0,18650.0,18500.0,18500.0,1039500
DBC,2026-07-02,18600.0,18700.0,18550.0,18600.0,595600
DBC,2026-07-03,18600.0,18700.0,18500.0,18500.0,993600
DBC,2026-07-06,18500.0,18550.0,18150.0,18200.0,2347400
DBC,2026-07-07,18200.0,18200.0,17950.0,18000.0,1870200
DBC,2026-07-08,18050.0,18100.0,17850.0,17950.0,1397800
DBC,2026-07-09,17900.0,18100.0,17800.0,17800.0,1193400
DBC,2026-07-10,17800.0,17800.0,17350.0,17350.0,2716100
DBC,2026-07-13,17350.0,17350.0,16850.0,16900.0,3318600
DBC,2026-07-14,16800.0,17400.0,16800.0,17250.0,1585400
DBC,2026-07-15,17400.0,17400.0,17150.0,17200.0,1277500
DBC,2026-07-16,17200.0,17850.0,17100.0,17750.0,3137100
DBC,2026-07-17,17700.0,17750.0,17450.0,17450.0,1238600
DBC,2026-07-20,16300.0,17200.0,16250.0,16250.0,7689000
DBC,2026-07-21,16400.0,16550.0,16200.0,16300.0,1739500
DBC,2026-07-22,16450.0,16550.0,16000.0,16000.0,1657900
DBC,2026-07-23,15850.0,16200.0,15450.0,16100.0,2295300
DBC,2026-07-24,16000.0,16250.0,15950.0,16100.0,951300
DBC,2026-07-27,16000.0,16150.0,15700.0,15700.0,1549500
DBC,2026-07-28,15500.0,16100.0,15500.0,16000.0,1877400
DBC,2026-07-29,16150.0,16350.0,16000.0,16150.0,1407700
DBC,2026-07-30,16150.0,16500.0,16000.0,16450.0,2452400
DBC,2026-07-31,16500.0,16650.0,16250.0,16300.0,1953900
DBC,2026-08-03,16000.0,16700.0,15950.0,16550.0,2373700
DBC,2026-08-04,16450.0,17100.0,16450.0,16600.0,1997200
DBC,2026-08-05,16850.0,17050.0,16600.0,16750.0,2396500
DBC,2026-08-06,16850.0,16950.0,16600.0,16600.0,1311100
DBC,2026-08-07,16500.0,16750.0,16500.0,16650.0,1158800
DBC,2026-08-10,16650.0,16800.0,16600.0,16800.0,1349500
DBC,2026-08-11,16900.0,16950.0,16700.0,16700.0,1160800
DBC,2026-08-12,16650.0,16800.0,16500.0,16700.0,976500
DBC,2026-08-13,16700.0,16800.0,16550.0,16550.0,1225100
DBC,2026-08-14,16450.0,16600.0,16250.0,16250.0,1004900
DCM,2026-01-30,85.0,85.0,82.32,84.65,6987
DCM,2026-02-01,84.65,86.89,83.3,85.08,4510
DCM,2026-02-02,84.5,86.99,84.0,84.63,8750
DCM,2026-02-03,87.0,91.0,85.31,87.0,17549
DCM,2026-02-04,88.99,88.99,85.75,88.73,5104
DCM,2026-02-05,88.5,88.99,86.02,88.23,2430
DCM,2026-02-06,88.49,88.79,85.12,87.12,2532
DCM,2026-02-09,89.0,89.0,86.51,87.68,2148
DCM,2026-02-10,89.0,90.26,87.49,89.24,11028
DCM,2026-02-11,88.5,90.49,86.11,87.0,13711
DCM,2026-02-12,87.9,87.9,85.65,86.66,4251
DCM,2026-02-13,86.0,86.0,84.0,84.48,16242
DCM,2026-02-16,84.0,85.25,83.58,84.66,2847
DCM,2026-02-17,86.35,86.35,84.31,84.56,1218
DCM,2026-02-18,84.57,85.4,83.22,84.44,1650
DCM,2026-02-19,84.87,84.87,82.5,83.21,4480
DCM,2026-02-20,83.62,84.44,82.3,82.76,2241
DCM,2026-02-23,81.01,83.9,81.01,81.32,4768
DCM,2026-02-24,81.01,82.0,80.51,80.95,4915
DCM,2026-02-25,81.25,82.0,79.0,80.39,3999
DCM,2026-02-26,80.35,80.55,78.1,78.84,10229
DCM,2026-02-27,78.1,79.0,76.33,77.86,4413
DCM,2026-03-02,77.49,77.5,68.9,70.66,44562
DCM,2026-03-04,69.9,70.68,67.36,69.81,13130
DCM,2026-03-05,71.89,71.92,69.63,71.59,7679
DCM,2026-03-06,70.0,71.9,70.0,70.85,4530
DCM,2026-03-09,69.0,69.8,63.8,64.41,33676
DCM,2026-03-10,65.89,68.8,60.8,61.05,195244
DCM,2026-03-11,61.8,62.76,60.5,60.98,51884
DCM,2026-03-12,61.0,62.35,60.55,60.88,14058
DCM,2026-03-13,60.9,61.99,58.02,58.66,12415
DCM,2026-03-16,59.0,59.8,58.0,58.39,5162
DCM,2026-03-17,60.0,60.5,58.0,59.96,13059
DCM,2026-03-18,60.9,63.89,60.02,62.72,30759
DCM,2026-03-19,62.5,62.5,60.26,61.41,6868
DCM,2026-03-20,62.95,62.95,60.6,61.24,9261
DCM,2026-03-23,62.4,62.4,55.12,58.52,11818
DCM,2026-03-24,60.49,60.49,57.0,59.77,11129
DCM,2026-03-25,61.5,61.5,58.25,58.9,12683
DCM,2026-03-27,58.5,59.4,55.15,57.71,33624
DCM,2026-03-30,58.9,58.9,55.0,55.37,11198
DCM,2026-04-01,57.6,62.35,57.6,61.12,11068
DCM,2026-04-02,59.5,63.2,58.25,62.16,11251
DCM,2026-04-06,63.8,66.9,61.01,65.75,9390
DCM,2026-04-07,67.2,68.7,63.3,63.89,17487
DCM,2026-04-08,67.0,67.0,64.5,65.05,11067
DCM,2026-04-09,65.05,66.6,61.55,65.01,22356
DCM,2026-04-10,65.02,69.4,63.0,67.99,24840
DCM,2026-04-13,67.99,69.5,65.99,69.39,6905
DCM,2026-04-15,70.5,72.8,68.0,70.2,15060
DCM,2026-04-16,72.0,72.42,70.5,70.89,12067
DCM,2026-04-17,71.99,73.1,69.19,72.16,16743
DCM,2026-04-20,72.16,72.49,70.0,71.41,5443
DCM,2026-04-21,71.24,72.9,70.5,71.43,4491
DCM,2026-04-22,71.44,72.9,70.55,72.7,5222
DCM,2026-04-23,73.2,83.9,71.61,78.88,29764
DCM,2026-04-24,79.0,81.75,76.01,78.3,8718
DCM,2026-04-27,79.99,87.04,79.2,84.09,36298
DCM,2026-04-28,85.4,86.39,82.01,84.12,14589
DCM,2026-04-29,87.7,87.7,82.15,83.47,10286
DCM,2026-04-30,85.7,85.7,80.0,82.02,9574
DCM,2026-05-04,81.03,82.99,81.03,81.82,1624
DCM,2026-05-05,83.0,87.15,81.1,82.75,16534
DCM,2026-05-06,83.0,83.99,82.1,82.87,4132
DCM,2026-05-07,83.49,83.49,82.2,83.34,4207
DCM,2026-05-08,83.2,83.2,80.5,82.14,3494
DCM,2026-05-11,80.02,84.18,80.02,82.8,5283
DCM,2026-05-12,83.4,83.4,80.41,80.98,3919
DCM,2026-05-13,79.4,82.0,78.25,79.92,6116
DCM,2026-05-14,81.19,88.9,79.2,85.2,51835
DCM,2026-05-15,87.9,88.0,81.81,83.56,7291
DCM,2026-05-18,81.2,84.4,80.0,83.63,10105
DCM,2026-05-19,84.0,84.1,81.02,81.96,5888
DCM,2026-05-20,81.96,84.78,81.12,82.2,20833
DCM,2026-05-21,82.95,84.0,82.0,82.18,2208
DCM,2026-05-22,82.5,83.5,82.1,82.58,569
DCM,2026-05-25,80.15,89.9,80.15,88.23,57123
DCM,2026-05-26,88.23,94.0,88.01,92.05,58083
DCM,2026-05-27,93.98,93.98,89.1,90.44,14764
DCM,2026-05-29,86.99,88.5,83.8,87.04,19046
DCM,2026-06-01,85.8,88.19,83.0,84.76,8621
DCM,2026-06-02,84.0,95.55,82.01,94.11,47115
DCM,2026-06-03,94.0,96.89,91.7,95.1,55946
DCM,2026-06-04,95.0,96.99,92.61,93.02,18699
DCM,2026-06-05,93.48,104.3,93.0,98.03,70769
DCM,2026-06-08,99.98,99.98,94.0,95.08,3847
DCM,2026-06-09,97.49,97.49,92.0,93.25,8000
DCM,2026-06-10,93.25,95.0,92.0,92.85,9824
DCM,2026-06-11,92.2,93.92,91.1,92.96,5236
DCM,2026-06-12,92.96,93.9,92.3,92.89,3391
DCM,2026-06-15,91.98,97.0,91.98,94.98,12022
DCM,2026-06-16,94.05,96.0,93.05,95.0,2835
DCM,2026-06-17,95.47,99.0,92.0,96.66,11687
DCM,2026-06-18,97.14,97.49,94.01,94.43,1792
DCM,2026-06-19,94.4,99.15,94.4,96.9,6128
DCM,2026-06-22,92.65,99.5,92.65,98.48,13022
DCM,2026-06-23,98.0,101.0,93.56,99.65,12791
DCM,2026-06-24,97.2,99.8,95.4,97.49,5783
DCM,2026-06-25,92.62,99.6,92.62,98.34,19630
DCM,2026-06-29,95.4,101.0,93.9,96.09,13423
DCM,2026-06-30,96.9,100.0,96.01,99.3,6522
DCM,2026-07-01,98.5,99.0,95.3,98.1,4356
DCM,2026-07-02,98.44,102.0,97.0,98.0,8595
DCM,2026-07-03,98.0,99.89,95.0,97.8,3412
DCM,2026-07-06,95.84,97.69,95.84,96.99,1301
DCM,2026-07-07,97.47,98.99,94.7,98.47,6874
DCM,2026-07-08,95.01,99.0,95.0,97.42,7800
DCM,2026-07-09,96.0,102.0,96.0,100.06,24234
DCM,2026-07-10,99.56,100.0,97.0,98.0,4113
DCM,2026-07-13,97.2,98.83,95.0,96.02,6766
DCM,2026-07-14,95.26,100.82,94.6,98.37,13453
DCM,2026-07-15,99.5,100.0,97.0,99.0,7559
DCM,2026-07-16,99.0,100.0,94.05,97.77,49634
DCM,2026-07-17,97.99,98.0,92.89,93.93,16538
DCM,2026-07-20,96.4,98.62,93.9,97.5,28482
DCM,2026-07-21,96.8,100.68,96.06,96.91,14633
DCM,2026-07-22,97.0,97.0,92.07,92.07,22874
DCM,2026-07-23,92.07,94.0,87.8,88.29,8834
DCM,2026-07-24,88.73,89.8,88.0,88.9,1162
DCM,2026-07-27,86.4,88.0,86.4,87.0,3941
DCM,2026-07-28,85.26,89.9,85.26,89.9,3090
DCM,2026-07-29,90.0,90.0,88.0,89.7,474
DCM,2026-07-30,89.7,89.7,85.8,88.2,761
DCM,2026-07-31,88.6,91.0,88.0,88.05,1259
DCM,2026-08-03,89.8,89.8,83.65,83.65,14955
DCM,2026-08-04,81.25,84.94,79.47,82.0,14813
DCM,2026-08-05,83.2,83.4,80.0,82.58,4974
DCM,2026-08-06,82.58,83.0,81.0,82.21,3114
DCM,2026-08-07,82.75,82.75,81.0,82.49,1928
DCM,2026-08-10,82.08,83.65,81.0,82.0,414
DCM,2026-08-11,82.0,84.8,81.02,83.75,3262
DCM,2026-08-12,81.25,83.75,81.25,82.17,372
DCM,2026-08-13,82.8,83.7,82.5,82.76,1518
DCM,2026-08-14,82.0,84.2,81.8,82.66,8000
DGC,2026-01-30,69000.0,71000.0,68200.0,68600.0,3461500
DGC,2026-02-02,69000.0,69200.0,66600.0,67300.0,3457600
DGC,2026-02-03,67300.0,68400.0,67300.0,67900.0,2877600
DGC,2026-02-04,68000.0,70200.0,67700.0,68700.0,3240400
DGC,2026-02-05,69000.0,69300.0,67500.0,67700.0,1776500
DGC,2026-02-06,67000.0,67200.0,65200.0,65300.0,4564800
DGC,2026-02-09,65800.0,67400.0,65700.0,67200.0,1663800
DGC,2026-02-10,67300.0,68900.0,67000.0,68000.0,2665800
DGC,2026-02-11,68000.0,68700.0,68000.0,68500.0,2003400
DGC,2026-02-12,68100.0,68700.0,67600.0,67800.0,1138100
DGC,2026-02-13,67900.0,68800.0,67300.0,68400.0,1516100
DGC,2026-02-23,69100.0,72500.0,68800.0,70200.0,4067100
DGC,2026-02-24,70000.0,75100.0,70000.0,75100.0,10866500
DGC,2026-02-25,76600.0,76900.0,73500.0,76000.0,7127000
DGC,2026-02-26,76000.0,76000.0,73500.0,73600.0,3485600
DGC,2026-02-27,73300.0,74500.0,72000.0,73800.0,3393400
DGC,2026-03-02,73000.0,76800.0,71900.0,75300.0,9213900
DGC,2026-03-03,76900.0,76900.0,73600.0,73800.0,4302800
DGC,2026-03-04,73500.0,73900.0,70100.0,70900.0,6232900
DGC,2026-03-05,72300.0,73100.0,71000.0,71000.0,2672600
DGC,2026-03-06,71100.0,75600.0,71100.0,73100.0,5742700
DGC,2026-03-09,76000.0,77200.0,70000.0,71000.0,10234900
DGC,2026-03-10,74800.0,75900.0,73200.0,75900.0,10779700
DGC,2026-03-11,77400.0,79700.0,76000.0,77700.0,6463800
DGC,2026-03-12,77000.0,82000.0,76200.0,80900.0,9831700
DGC,2026-03-13,80400.0,81700.0,76500.0,77400.0,8635900
DGC,2026-03-16,76500.0,77700.0,72200.0,73900.0,9659900
DGC,2026-03-17,74700.0,75500.0,68800.0,68800.0,7724600
DGC,2026-03-18,64000.0,64000.0,64000.0,64000.0,643800
DGC,2026-03-19,59600.0,59600.0,59600.0,59600.0,1376100
DGC,2026-03-20,55500.0,58000.0,55500.0,55500.0,34977300
DGC,2026-03-23,54300.0,57500.0,51700.0,51700.0,7143900
DGC,2026-03-24,53000.0,53500.0,51700.0,52500.0,7065700
DGC,2026-03-25,52500.0,55700.0,52500.0,54700.0,4337800
DGC,2026-03-26,55000.0,55000.0,51700.0,52300.0,5037800
DGC,2026-03-27,52700.0,52700.0,51600.0,51800.0,5864900
DGC,2026-03-30,50900.0,51000.0,48250.0,49100.0,6921600
DGC,2026-03-31,49500.0,51500.0,49500.0,50200.0,2507200
DGC,2026-04-01,50600.0,51400.0,50200.0,50500.0,2855400
DGC,2026-04-02,50400.0,54000.0,49600.0,54000.0,4398300
DGC,2026-04-03,56900.0,57400.0,55000.0,56500.0,8384200
DGC,2026-04-06,56300.0,56300.0,53000.0,53000.0,3451700
DGC,2026-04-07,53300.0,54200.0,52500.0,54200.0,1791100
DGC,2026-04-08,55000.0,56300.0,54800.0,55700.0,3396100
DGC,2026-04-09,55700.0,55800.0,52900.0,53100.0,6912700
DGC,2026-04-10,52500.0,54900.0,51700.0,54000.0,3815900
DGC,2026-04-13,53100.0,55400.0,53100.0,54300.0,2204800
DGC,2026-04-14,54600.0,57300.0,54000.0,56300.0,4533600
DGC,2026-04-15,56400.0,56700.0,54600.0,54600.0,2341800
DGC,2026-04-16,54600.0,55000.0,54000.0,54900.0,1675900
DGC,2026-04-17,55000.0,55900.0,54200.0,54500.0,2642000
DGC,2026-04-20,53800.0,54500.0,52500.0,53100.0,3422200
DGC,2026-04-21,53100.0,54400.0,52500.0,53300.0,1959400
DGC,2026-04-22,53600.0,56500.0,53600.0,54800.0,4246300
DGC,2026-04-23,54800.0,54800.0,53100.0,53500.0,2156500
DGC,2026-04-24,53600.0,53600.0,52600.0,53300.0,1894500
DGC,2026-04-28,53300.0,53500.0,52200.0,52300.0,2272300
DGC,2026-04-29,52500.0,54000.0,52500.0,53600.0,1358600
DGC,2026-05-04,53700.0,54800.0,53300.0,53400.0,1030600
DGC,2026-05-05,53100.0,53300.0,52600.0,53000.0,1564200
DGC,2026-05-06,53200.0,56200.0,52800.0,55800.0,5766700
DGC,2026-05-07,54800.0,55800.0,53900.0,53900.0,3649000
DGC,2026-05-08,53100.0,54300.0,52200.0,52200.0,4582900
DGC,2026-05-11,52700.0,52700.0,48550.0,48600.0,8962300
DGC,2026-05-12,48600.0,50200.0,47200.0,47900.0,5487500
DGC,2026-05-13,49150.0,49900.0,48500.0,49500.0,1807600
DGC,2026-05-14,50000.0,51300.0,49650.0,50800.0,2002200
DGC,2026-05-15,51100.0,51500.0,50000.0,51500.0,1516300
DGC,2026-05-18,51000.0,51900.0,50600.0,51600.0,1473600
DGC,2026-05-19,51600.0,51800.0,49800.0,49900.0,2749000
DGC,2026-05-20,50300.0,50600.0,47000.0,48800.0,5140400
DGC,2026-05-21,48850.0,49050.0,47800.0,48000.0,1717200
DGC,2026-05-22,48050.0,49500.0,48050.0,48500.0,1456500
DGC,2026-05-25,48600.0,49200.0,48150.0,48500.0,1155200
DGC,2026-05-26,48500.0,48600.0,47900.0,47900.0,967400
DGC,2026-05-27,47500.0,47950.0,47500.0,47750.0,997100
DGC,2026-05-28,48000.0,48000.0,47600.0,47600.0,1427700
DGC,2026-05-29,47600.0,47600.0,46500.0,46500.0,1951300
DGC,2026-06-01,45950.0,45950.0,44850.0,44850.0,1978600
DGC,2026-06-02,45100.0,46600.0,45100.0,45700.0,648900
DGC,2026-06-03,45350.0,46000.0,45350.0,45800.0,486400
DGC,2026-06-04,45900.0,45900.0,45400.0,45400.0,374800
DGC,2026-06-05,45400.0,45850.0,45400.0,45850.0,373600
DGC,2026-06-08,45700.0,45700.0,45000.0,45200.0,596400
DGC,2026-06-09,45000.0,45100.0,44850.0,44900.0,482000
DGC,2026-06-10,44850.0,44900.0,44850.0,44850.0,461300
DGC,2026-06-11,44950.0,45150.0,44950.0,45150.0,466600
DGC,2026-06-12,45150.0,46000.0,45150.0,45750.0,594100
DGC,2026-06-15,45850.0,47850.0,45850.0,47850.0,1298400
DGC,2026-06-16,49000.0,49000.0,48000.0,48300.0,664300
DGC,2026-06-17,48200.0,48200.0,47750.0,47850.0,411300
DGC,2026-06-18,47800.0,47800.0,47500.0,47800.0,463000
DGC,2026-06-19,47750.0,48400.0,47550.0,48400.0,499300
DGC,2026-06-22,50900.0,51500.0,49350.0,51500.0,2491500
DGC,2026-06-23,52300.0,52900.0,50500.0,50500.0,1515700
DGC,2026-06-24,50300.0,51000.0,50100.0,50400.0,452700
DGC,2026-06-25,50100.0,50100.0,48600.0,48750.0,1042200
DGC,2026-06-26,48500.0,48500.0,47450.0,47750.0,931500
DGC,2026-06-29,47500.0,48900.0,47500.0,48800.0,421600
DGC,2026-06-30,49000.0,49000.0,47800.0,47800.0,612800
DGC,2026-07-01,47800.0,48250.0,47800.0,47900.0,614900
DGC,2026-07-02,47900.0,48750.0,47900.0,48300.0,545900
DGC,2026-07-03,47650.0,48000.0,47650.0,47700.0,467900
DGC,2026-07-06,47550.0,47700.0,46150.0,46250.0,669300
DGC,2026-07-07,46300.0,46300.0,45500.0,45850.0,796200
DGC,2026-07-08,45850.0,46550.0,45850.0,46550.0,286700
DGC,2026-07-09,45800.0,47100.0,45800.0,46700.0,277300
DGC,2026-07-10,46700.0,46900.0,46200.0,46200.0,218800
DGC,2026-07-13,46200.0,46200.0,45300.0,45300.0,451100
DGC,2026-07-14,45350.0,45600.0,45200.0,45400.0,348100
DGC,2026-07-15,45400.0,45500.0,44850.0,44850.0,417000
DGC,2026-07-16,44850.0,44950.0,44000.0,44800.0,584500
DGC,2026-07-17,44950.0,44950.0,44150.0,44800.0,173400
DGC,2026-07-20,44650.0,44650.0,43000.0,43000.0,762200
DGC,2026-07-21,43000.0,43550.0,43000.0,43000.0,550200
DGC,2026-07-22,42900.0,42900.0,40500.0,40500.0,1267800
DGC,2026-07-23,40950.0,40950.0,37700.0,37950.0,3864000
DGC,2026-07-24,37300.0,37500.0,36050.0,36850.0,1507400
DGC,2026-07-27,36850.0,36850.0,35900.0,36000.0,820700
DGC,2026-07-28,35900.0,37250.0,35850.0,36750.0,957900
DGC,2026-07-29,36950.0,37850.0,36950.0,37850.0,653400
DGC,2026-07-30,38450.0,39050.0,38400.0,39050.0,764800
DGC,2026-07-31,39550.0,39650.0,39000.0,39100.0,735500
DGC,2026-08-03,39200.0,39900.0,39200.0,39400.0,593500
DGC,2026-08-04,39700.0,39800.0,39500.0,39600.0,336800
DGC,2026-08-05,39650.0,40550.0,39650.0,40550.0,709700
DGC,2026-08-06,40650.0,43350.0,40650.0,43350.0,575200
DGC,2026-08-07,45800.0,45800.0,44050.0,44200.0,802700
DGC,2026-08-10,45000.0,45000.0,43500.0,43600.0,436400
DGC,2026-08-11,43650.0,44250.0,43650.0,44100.0,394100
DGC,2026-08-12,44400.0,44400.0,43800.0,43800.0,242100
DGC,2026-08-13,44000.0,44400.0,43900.0,43900.0,429100
DGC,2026-08-14,44000.0,44100.0,43200.0,43200.0,454100
DGW,2026-01-30,46863.84,48328.34,46863.84,47840.17,6399578
DGW,2026-02-02,48328.34,51159.69,47547.27,51159.69,8392244
DGW,2026-02-03,52721.82,54674.48,51745.49,54674.48,6654717
DGW,2026-02-04,55748.44,55748.44,53698.15,54674.48,5598414
DGW,2026-02-05,54381.58,56529.51,52233.66,52233.66,5094691
DGW,2026-02-06,51452.59,53600.52,51257.32,52233.66,5876496
DGW,2026-02-09,52819.45,52819.45,50866.79,50964.43,1742546
DGW,2026-02-10,50866.79,51843.12,47400.82,47400.82,6490633
DGW,2026-02-11,47352.0,49304.66,46668.57,49207.03,3824833
DGW,2026-02-12,49207.03,50183.36,48621.23,49402.3,2020833
DGW,2026-02-13,48914.13,49499.93,48425.97,49304.66,1934284
DGW,2026-02-23,49792.83,51159.69,49304.66,50476.26,3704690
DGW,2026-02-24,50378.63,51550.22,49597.56,50964.43,2712709
DGW,2026-02-25,51647.86,52233.66,50378.63,51062.06,4955086
DGW,2026-02-26,51159.69,52233.66,50866.79,51745.49,2259379
DGW,2026-02-27,51940.76,52233.66,49890.46,49988.1,3072833
DGW,2026-03-02,47937.8,49499.93,47547.27,47547.27,6783054
DGW,2026-03-03,47547.27,47547.27,44423.02,44862.36,7632767
DGW,2026-03-04,43446.68,45204.08,42177.46,44911.18,6694355
DGW,2026-03-05,45496.98,46278.04,44911.18,44911.18,3687277
DGW,2026-03-06,44178.93,45204.08,42763.25,43690.77,3320598
DGW,2026-03-09,40664.14,41005.86,40664.14,40664.14,3225958
DGW,2026-03-10,41103.49,41298.76,39053.2,41298.76,5160447
DGW,2026-03-11,41298.76,44178.93,41005.86,44178.93,3631149
DGW,2026-03-12,43446.68,44374.2,42372.72,43104.97,1913697
DGW,2026-03-13,42177.46,43446.68,42031.01,42128.64,2893284
DGW,2026-03-16,41298.76,42470.36,40908.23,42079.82,2213288
DGW,2026-03-17,42665.62,43300.24,42372.72,42860.89,1433531
DGW,2026-03-18,43446.68,43446.68,41005.86,42665.62,1303862
DGW,2026-03-19,41786.92,42567.99,40517.7,42470.36,2728483
DGW,2026-03-20,42275.09,42275.09,40761.78,41005.86,1933669
DGW,2026-03-23,39639.0,40371.25,38467.4,39639.0,3308000
DGW,2026-03-24,40810.59,41347.58,40029.53,41298.76,1489250
DGW,2026-03-25,41982.19,42665.62,41689.29,42567.99,2124793
DGW,2026-03-26,42372.72,43934.85,41884.56,43934.85,2215746
DGW,2026-03-27,43934.85,44423.02,43153.79,44423.02,1507379
DGW,2026-03-30,42763.25,45106.45,42763.25,44715.91,1518953
DGW,2026-03-31,45008.81,45350.53,44032.48,44715.91,1537082
DGW,2026-04-01,45496.98,45496.98,44276.57,44911.18,1092151
DGW,2026-04-02,44520.65,44862.36,42763.25,44862.36,1959583
DGW,2026-04-03,44813.55,44813.55,42860.89,42860.89,1136091
DGW,2026-04-06,42860.89,43104.97,41494.02,42665.62,1487509
DGW,2026-04-07,42177.46,42567.99,41494.02,41933.37,1256952
DGW,2026-04-08,43397.87,44715.91,43202.6,44667.1,2197105
DGW,2026-04-09,44667.1,45545.79,44032.48,45106.45,2383005
DGW,2026-04-10,45106.45,45692.24,44423.02,44569.46,1405467
DGW,2026-04-13,43934.85,44715.91,43495.5,44520.65,1008368
DGW,2026-04-14,45106.45,45594.61,43934.85,44520.65,1545379
DGW,2026-04-15,44715.91,45008.81,43495.5,43593.13,1518953
DGW,2026-04-16,43544.32,44618.28,43446.68,44130.12,1451251
DGW,2026-04-17,44276.57,46570.94,44276.57,44862.36,3829955
DGW,2026-04-20,44862.36,45399.34,44081.3,44911.18,1221308
DGW,2026-04-21,45106.45,45204.08,43983.67,44423.02,1875800
DGW,2026-04-22,43983.67,44520.65,43641.95,44520.65,1133223
DGW,2026-04-23,44618.28,44715.91,42860.89,43544.32,1677404
DGW,2026-04-24,43104.97,43593.13,42567.99,43446.68,1077197
DGW,2026-04-28,42812.07,43739.58,41786.92,41982.19,2099699
DGW,2026-04-29,41884.56,42665.62,41591.66,42421.54,817858
DGW,2026-05-04,42421.54,42860.89,41982.19,42470.36,655106
DGW,2026-05-05,42567.99,42567.99,41933.37,42470.36,590271
DGW,2026-05-06,42470.36,42860.89,42177.46,42470.36,1284504
DGW,2026-05-07,42958.52,43690.77,42567.99,43153.79,1286040
DGW,2026-05-08,42812.07,43056.15,41884.56,42275.09,1960505
DGW,2026-05-11,42079.82,42128.64,40517.7,40517.7,3473006
DGW,2026-05-12,40615.33,41298.76,40371.25,41249.94,1120010
DGW,2026-05-13,41400.0,41450.0,40500.0,41400.0,1095200
DGW,2026-05-14,41450.0,42400.0,41400.0,42400.0,1060200
DGW,2026-05-15,42500.0,42500.0,41750.0,42400.0,935100
DGW,2026-05-18,41800.0,42100.0,41550.0,42000.0,882700
DGW,2026-05-19,41950.0,42800.0,41450.0,41900.0,1374300
DGW,2026-05-20,41750.0,41750.0,39600.0,40850.0,2196900
DGW,2026-05-21,41200.0,41700.0,40850.0,41700.0,699300
DGW,2026-05-22,41700.0,41700.0,40600.0,41250.0,866100
DGW,2026-05-25,40850.0,41100.0,40600.0,41000.0,531600
DGW,2026-05-26,41050.0,41450.0,40550.0,41450.0,776000
DGW,2026-05-27,41300.0,42250.0,41300.0,41700.0,1069800
DGW,2026-05-28,41700.0,42050.0,41300.0,41600.0,815500
DGW,2026-05-29,41650.0,41650.0,40700.0,40850.0,633100
DGW,2026-06-01,41000.0,41150.0,40000.0,40000.0,1112900
DGW,2026-06-02,40000.0,40350.0,39200.0,39400.0,945000
DGW,2026-06-03,39100.0,40450.0,39100.0,40450.0,681200
DGW,2026-06-04,40450.0,40450.0,39650.0,40100.0,420400
DGW,2026-06-05,40100.0,40450.0,39500.0,39900.0,478200
DGW,2026-06-08,39500.0,39500.0,38750.0,39500.0,995500
DGW,2026-06-09,39500.0,39500.0,38850.0,38950.0,323300
DGW,2026-06-10,39000.0,39400.0,38700.0,39350.0,657500
DGW,2026-06-11,39050.0,39250.0,38800.0,39150.0,204400
DGW,2026-06-12,39450.0,39450.0,38900.0,38900.0,405000
DGW,2026-06-15,39200.0,40200.0,39200.0,40200.0,1234100
DGW,2026-06-16,40150.0,41350.0,40100.0,41300.0,1307300
DGW,2026-06-17,41100.0,42000.0,41100.0,42000.0,1192200
DGW,2026-06-18,41950.0,41950.0,41000.0,41000.0,443600
DGW,2026-06-19,41000.0,41000.0,40250.0,40250.0,424900
DGW,2026-06-22,40250.0,40700.0,39800.0,40600.0,471700
DGW,2026-06-23,40100.0,40450.0,39100.0,39100.0,1197100
DGW,2026-06-24,39100.0,39350.0,38850.0,39250.0,1003700
DGW,2026-06-25,39250.0,40000.0,39100.0,39750.0,596500
DGW,2026-06-26,39700.0,39750.0,39000.0,39100.0,672500
DGW,2026-06-29,39200.0,40250.0,39150.0,40250.0,714400
DGW,2026-06-30,40250.0,40250.0,39800.0,40200.0,401200
DGW,2026-07-01,40100.0,40750.0,39700.0,40100.0,850000
DGW,2026-07-02,40800.0,40800.0,40100.0,40200.0,661300
DGW,2026-07-03,39950.0,40700.0,39900.0,40250.0,611700
DGW,2026-07-06,40350.0,40450.0,37450.0,39000.0,829300
DGW,2026-07-07,38450.0,39400.0,38450.0,39400.0,617500
DGW,2026-07-08,39600.0,39600.0,38800.0,39450.0,257900
DGW,2026-07-09,39000.0,39200.0,38800.0,38850.0,451000
DGW,2026-07-10,38900.0,39050.0,38500.0,38500.0,422800
DGW,2026-07-13,38550.0,38800.0,38000.0,38550.0,801900
DGW,2026-07-14,38400.0,39000.0,38000.0,39000.0,357600
DGW,2026-07-15,39000.0,39000.0,37800.0,37800.0,592000
DGW,2026-07-16,37800.0,38000.0,35300.0,38000.0,1272300
DGW,2026-07-17,38400.0,38400.0,37250.0,37400.0,321100
DGW,2026-07-20,36950.0,37200.0,35000.0,35150.0,1084300
DGW,2026-07-21,34850.0,36050.0,34850.0,35550.0,505400
DGW,2026-07-22,35400.0,36000.0,33900.0,34400.0,977100
DGW,2026-07-23,34050.0,35000.0,33150.0,34750.0,591000
DGW,2026-07-24,34450.0,34450.0,33500.0,33500.0,560200
DGW,2026-07-27,33450.0,34050.0,33000.0,33150.0,722300
DGW,2026-07-28,31450.0,34200.0,31450.0,33950.0,671800
DGW,2026-07-29,34000.0,35350.0,33850.0,35350.0,729300
DGW,2026-07-30,35500.0,37200.0,35500.0,36500.0,1759300
DGW,2026-07-31,36950.0,37050.0,36300.0,36600.0,1276400
DGW,2026-08-03,36900.0,37800.0,36850.0,37050.0,1457100
DGW,2026-08-04,37100.0,39600.0,36850.0,39600.0,1831900
DGW,2026-08-05,40000.0,40250.0,39150.0,39150.0,995000
DGW,2026-08-06,39100.0,40450.0,38900.0,40000.0,1362300
DGW,2026-08-07,39900.0,40100.0,39200.0,39400.0,888300
DGW,2026-08-10,39900.0,41450.0,39750.0,40300.0,1465300
DGW,2026-08-11,40300.0,41550.0,40200.0,41150.0,1306300
DGW,2026-08-12,41200.0,41450.0,40550.0,41000.0,494100
DGW,2026-08-13,40650.0,43850.0,40650.0,43150.0,4211400
DGW,2026-08-14,43000.0,43050.0,41600.0,41600.0,954900
DPM,2026-01-29,54.84,55.24,52.05,54.17,1523502
DPM,2026-01-30,50.09,51.49,46.0,47.51,1605435
DPM,2026-02-02,47.38,49.49,46.59,47.0,1514281
DPM,2026-02-03,53.23,53.23,47.78,48.87,1472360
DPM,2026-02-04,49.97,50.64,47.69,49.04,1072089
DPM,2026-02-05,47.14,48.42,46.16,47.7,851517
DPM,2026-02-06,48.46,51.11,46.25,50.96,817958
DPM,2026-02-09,51.24,52.83,50.8,52.66,477607
DPM,2026-02-10,52.66,55.24,51.86,52.14,871241
DPM,2026-02-11,54.23,55.22,52.61,55.0,797222
DPM,2026-02-12,54.12,54.6,48.14,48.18,1328009
DPM,2026-02-13,48.63,52.52,48.45,51.95,1186513
DPM,2026-02-17,50.47,51.33,48.45,50.09,1027344
DPM,2026-02-18,50.19,52.12,50.0,51.97,1051545
DPM,2026-02-19,51.94,53.05,50.85,52.94,713993
DPM,2026-02-20,52.94,53.96,52.06,53.28,1125409
DPM,2026-02-23,53.19,56.26,53.19,56.12,1308183
DPM,2026-02-24,55.45,56.69,54.69,56.08,1380349
DPM,2026-02-25,56.97,58.87,56.77,57.8,1032277
DPM,2026-02-26,57.24,59.72,56.8,58.9,1215837
DPM,2026-02-27,59.12,60.13,58.15,59.06,1701293
DPM,2026-03-02,59.51,60.06,57.51,59.38,683861
DPM,2026-03-03,56.53,57.2,54.1,55.37,983599
DPM,2026-03-04,56.01,56.98,55.18,56.12,1004608
DPM,2026-03-05,55.79,55.79,52.82,53.91,628569
DPM,2026-03-06,52.49,54.9,52.2,54.83,670633
DPM,2026-03-09,52.9,53.41,50.91,53.36,672527
DPM,2026-03-10,53.94,55.32,53.78,54.2,546602
DPM,2026-03-11,53.91,53.91,52.04,53.32,489723
DPM,2026-03-12,53.09,53.72,51.79,51.93,601969
DPM,2026-03-13,51.26,52.19,49.31,49.41,791143
DPM,2026-03-16,48.57,50.86,47.82,48.95,1400793
DPM,2026-03-17,49.14,49.42,47.56,47.9,1053888
DPM,2026-03-18,46.36,46.46,44.51,44.75,1170749
DPM,2026-03-19,41.4,43.56,40.61,43.24,1492098
DPM,2026-03-20,42.62,43.04,41.11,41.85,6082021
DPM,2026-03-23,41.93,44.31,41.87,44.01,1543483
DPM,2026-03-24,43.11,44.27,42.31,43.47,1180805
DPM,2026-03-25,45.54,46.01,44.75,45.35,643961
DPM,2026-03-26,43.95,46.01,43.06,44.09,1607205
DPM,2026-03-27,44.29,46.26,44.08,45.48,608841
DPM,2026-03-30,46.16,46.91,45.49,46.04,682934
DPM,2026-03-31,47.06,49.05,47.06,48.98,784766
DPM,2026-04-01,50.1,52.76,49.81,51.87,867071
DPM,2026-04-02,49.65,52.24,49.1,51.5,678485
DPM,2026-04-06,51.63,52.0,51.07,51.74,348301
DPM,2026-04-07,51.7,52.73,50.06,52.68,885035
DPM,2026-04-08,55.17,55.81,52.31,53.18,691117
DPM,2026-04-09,53.5,54.44,53.06,53.47,484763
DPM,2026-04-10,54.27,55.35,54.09,54.51,842066
DPM,2026-04-13,53.9,55.65,53.9,55.39,672068
DPM,2026-04-14,56.23,56.79,54.81,54.98,967201
DPM,2026-04-15,55.6,55.6,52.09,52.68,886202
DPM,2026-04-16,52.72,53.12,51.97,52.27,605226
DPM,2026-04-17,53.03,54.34,52.78,53.81,1072618
DPM,2026-04-20,53.8,53.8,51.74,52.61,1191581
DPM,2026-04-21,52.03,52.39,49.46,49.55,864570
DPM,2026-04-22,50.45,50.67,49.51,50.3,412902
DPM,2026-04-23,49.98,50.65,48.62,49.26,632926
DPM,2026-04-24,49.42,49.64,48.5,49.16,688355
DPM,2026-04-27,48.63,49.18,47.68,48.23,438031
DPM,2026-04-28,47.75,47.88,46.19,47.06,1056300
DPM,2026-04-29,46.12,46.64,45.54,45.73,848158
DPM,2026-04-30,47.05,47.31,45.24,45.61,691846
DPM,2026-05-01,45.26,46.14,45.14,45.4,502399
DPM,2026-05-04,45.0,45.3,44.0,44.24,693154
DPM,2026-05-05,44.76,45.35,43.69,43.86,493452
DPM,2026-05-06,44.74,48.42,44.69,46.93,733545
DPM,2026-05-07,48.0,49.06,45.84,46.51,1265881
DPM,2026-05-08,46.63,48.38,46.42,47.36,662016
DPM,2026-05-11,47.72,48.77,47.32,47.74,1417206
DPM,2026-05-12,46.95,48.06,46.18,47.84,521199
DPM,2026-05-13,47.5,48.69,46.66,48.0,412525
DPM,2026-05-14,48.09,48.09,46.82,47.38,377364
DPM,2026-05-15,45.14,45.44,43.66,44.77,776669
DPM,2026-05-19,44.22,44.22,42.47,42.82,823000
DPM,2026-05-20,43.24,45.14,43.24,44.49,857406
DPM,2026-05-21,43.84,45.53,43.61,45.44,685591
DPM,2026-05-22,45.47,46.02,44.98,45.52,601954
DPM,2026-05-25,46.38,47.84,46.38,47.77,138382
DPM,2026-05-26,47.03,48.3,46.98,47.5,720405
DPM,2026-05-27,46.4,47.12,45.57,45.65,648915
DPM,2026-05-28,44.75,46.02,44.4,44.93,732459
DPM,2026-05-29,45.13,46.58,44.67,46.3,1467348
DPM,2026-06-01,45.46,45.72,43.78,44.84,545969
DPM,2026-06-02,45.75,46.28,44.82,45.97,479696
DPM,2026-06-03,45.58,49.09,45.58,47.43,883459
DPM,2026-06-04,48.16,49.38,47.67,48.44,753402
DPM,2026-06-05,46.98,47.34,44.26,44.45,895391
DPM,2026-06-08,44.96,45.24,44.28,44.61,738676
DPM,2026-06-09,45.24,45.24,42.43,43.71,624217
DPM,2026-06-10,42.32,43.02,40.61,40.66,934654
DPM,2026-06-11,40.98,44.4,40.67,44.14,1541546
DPM,2026-06-12,44.5,45.48,43.98,44.64,726245
DPM,2026-06-15,46.95,48.55,46.94,47.74,633762
DPM,2026-06-16,48.43,49.69,48.02,49.23,1263042
DPM,2026-06-17,48.76,50.49,47.0,47.07,649270
DPM,2026-06-18,47.26,48.04,44.81,45.14,783851
DPM,2026-06-19,44.3,45.4,43.95,45.4,1168514
DPM,2026-06-22,45.95,47.67,45.4,47.6,589978
DPM,2026-06-23,45.43,47.74,45.14,46.94,731414
DPM,2026-06-24,44.8,46.68,44.6,44.68,1489869
DPM,2026-06-25,45.67,46.42,44.75,44.93,657821
DPM,2026-06-26,45.16,47.12,44.95,46.13,736179
DPM,2026-06-29,45.47,46.18,44.62,45.79,559307
DPM,2026-06-30,45.27,46.51,45.03,46.06,627946
DPM,2026-07-02,46.98,48.63,46.78,48.57,953534
DPM,2026-07-03,48.98,51.03,48.98,50.94,463718
DPM,2026-07-06,51.11,51.74,50.64,51.02,1188705
DPM,2026-07-07,50.8,51.24,48.18,48.93,868922
DPM,2026-07-08,47.62,49.26,45.44,46.12,903913
DPM,2026-07-09,47.04,50.43,46.22,50.04,965830
DPM,2026-07-10,49.41,50.5,48.3,49.01,666730
DPM,2026-07-13,48.41,48.91,46.76,47.0,479351
DPM,2026-07-14,48.47,48.79,46.86,47.78,532687
DPM,2026-07-15,47.61,48.57,46.29,47.32,443105
DPM,2026-07-16,46.55,46.75,45.06,46.19,441844
DPM,2026-07-17,45.28,47.4,45.17,46.99,606216
DPM,2026-07-20,46.87,47.68,46.4,46.93,823328
DPM,2026-07-21,48.48,50.72,48.21,50.58,831187
DPM,2026-07-22,51.36,52.39,50.69,51.09,384703
DPM,2026-07-23,49.6,51.17,49.43,50.92,1571229
DPM,2026-07-24,50.97,52.79,50.37,52.45,2220384
DPM,2026-07-27,52.93,53.15,49.85,51.05,1314234
DPM,2026-07-28,50.1,50.51,49.1,50.0,801575
DPM,2026-07-29,49.79,50.55,48.26,49.3,1213837
DPM,2026-07-30,50.33,52.48,49.72,52.3,642356
DPM,2026-07-31,55.25,55.71,48.78,49.28,1085185
DPM,2026-08-04,51.72,53.76,50.31,53.54,1100023
DPM,2026-08-05,55.9,57.38,55.33,56.59,844451
DPM,2026-08-06,56.0,58.08,55.72,57.99,788463
DPM,2026-08-07,61.24,62.99,60.65,61.62,874336
DPM,2026-08-10,61.44,62.18,60.13,61.89,726166
DPM,2026-08-11,62.04,62.92,61.48,62.28,623011
DPM,2026-08-12,63.91,63.91,62.03,62.73,619428
DPM,2026-08-13,61.8,62.35,61.1,61.35,352469
DPM,2026-08-14,62.01,62.96,61.62,62.32,490205
DXG,2026-02-20,20965.95,21285.9,20965.95,21285.9,-99999902
DXG,2026-03-20,20259.37,20259.37,20259.37,20259.37,-99999902
DXG,2026-04-17,20810.71,20810.71,20789.34,20789.34,-99999902
DXG,2026-05-15,19983.14,19983.14,19661.82,19661.82,-99999902
DXG,2026-06-18,20681.5,21087.92,20681.5,21087.92,-99999902
DXG,2026-07-17,20052.52,20052.52,19706.07,19706.07,-99999902
EIB,2026-01-30,21200.0,21200.0,20700.0,20850.0,9228500
EIB,2026-02-02,20750.0,20800.0,20400.0,20650.0,9487100
EIB,2026-02-03,20750.0,21600.0,20750.0,21500.0,10283500
EIB,2026-02-04,21600.0,21650.0,21300.0,21450.0,5333800
EIB,2026-02-05,21600.0,21600.0,21000.0,21000.0,4545000
EIB,2026-02-06,20900.0,20950.0,20500.0,20600.0,7748100
EIB,2026-02-09,21000.0,21100.0,20500.0,20500.0,7314200
EIB,2026-02-10,21000.0,21450.0,20000.0,20000.0,24655700
EIB,2026-02-11,21000.0,21400.0,20500.0,21400.0,6526200
EIB,2026-02-12,22500.0,22700.0,21900.0,22350.0,19915800
EIB,2026-02-13,22300.0,23200.0,22300.0,23100.0,14234900
EIB,2026-02-23,23100.0,23850.0,22550.0,23400.0,13645700
EIB,2026-02-24,23400.0,24350.0,23300.0,24200.0,18062200
EIB,2026-02-25,24350.0,24550.0,23600.0,23600.0,15154700
EIB,2026-02-26,23600.0,24050.0,23300.0,23900.0,12732900
EIB,2026-02-27,23900.0,24000.0,23400.0,23400.0,8495300
EIB,2026-03-02,22700.0,23350.0,22700.0,22700.0,16426400
EIB,2026-03-03,22800.0,23250.0,22500.0,22800.0,9439600
EIB,2026-03-04,22800.0,23250.0,21850.0,22500.0,14089400
EIB,2026-03-05,22600.0,23300.0,22350.0,22350.0,11494400
EIB,2026-03-06,22350.0,22550.0,22000.0,22050.0,6059400
EIB,2026-03-09,20600.0,20950.0,20550.0,20550.0,20427200
EIB,2026-03-10,21000.0,21500.0,20600.0,21050.0,10427800
EIB,2026-03-11,21200.0,22500.0,21100.0,22450.0,12062300
EIB,2026-03-12,22100.0,23300.0,22050.0,22550.0,13211300
EIB,2026-03-13,22300.0,22900.0,22300.0,22500.0,6430000
EIB,2026-03-16,22550.0,22850.0,22000.0,22350.0,6779800
EIB,2026-03-17,22800.0,23250.0,22500.0,23000.0,7822400
EIB,2026-03-18,23150.0,23550.0,22500.0,22850.0,9512700
EIB,2026-03-19,22400.0,22650.0,22200.0,22350.0,5942300
EIB,2026-03-20,22250.0,22850.0,22250.0,22250.0,9054700
EIB,2026-03-23,21900.0,22000.0,21000.0,21250.0,11502200
EIB,2026-03-24,21950.0,22200.0,21550.0,22150.0,4580100
EIB,2026-03-25,22450.0,22700.0,22150.0,22550.0,6167700
EIB,2026-03-26,22700.0,22750.0,22250.0,22400.0,5525400
EIB,2026-03-27,22450.0,22850.0,22300.0,22750.0,5592900
EIB,2026-03-30,22350.0,23300.0,22100.0,23000.0,10282800
EIB,2026-03-31,23100.0,23900.0,23000.0,23600.0,16665300
EIB,2026-04-01,23900.0,24050.0,23350.0,23400.0,14700700
EIB,2026-04-02,23100.0,23350.0,22850.0,22850.0,8547300
EIB,2026-04-03,22850.0,23100.0,22150.0,22150.0,12603900
EIB,2026-04-06,22200.0,22450.0,21800.0,22100.0,8088900
EIB,2026-04-07,22450.0,22450.0,21800.0,22100.0,7262800
EIB,2026-04-08,22850.0,23200.0,22600.0,23050.0,15475400
EIB,2026-04-09,22900.0,23000.0,22600.0,22600.0,13137000
EIB,2026-04-10,22750.0,24050.0,22650.0,23100.0,30032900
EIB,2026-04-13,22900.0,23500.0,22750.0,22950.0,12969000
EIB,2026-04-14,23200.0,23550.0,22950.0,23000.0,14493000
EIB,2026-04-15,23150.0,23300.0,22700.0,22700.0,12013700
EIB,2026-04-16,22800.0,22800.0,22250.0,22350.0,14998800
EIB,2026-04-17,22400.0,22800.0,22300.0,22400.0,9883800
EIB,2026-04-20,22700.0,22900.0,22450.0,22550.0,7546700
EIB,2026-04-21,22800.0,23400.0,22550.0,22950.0,18291600
EIB,2026-04-22,23000.0,23100.0,22650.0,22650.0,6568200
EIB,2026-04-23,22800.0,23300.0,22100.0,22400.0,17990900
EIB,2026-04-24,22400.0,22550.0,22150.0,22350.0,6601000
EIB,2026-04-28,22350.0,22500.0,21800.0,21850.0,10046600
EIB,2026-04-29,21850.0,21900.0,21600.0,21750.0,9045100
EIB,2026-05-04,21700.0,22050.0,21700.0,21850.0,4034900
EIB,2026-05-05,21850.0,21900.0,21400.0,21500.0,7106800
EIB,2026-05-06,21500.0,22250.0,21500.0,21950.0,7209400
EIB,2026-05-07,22150.0,22450.0,22000.0,22050.0,9140500
EIB,2026-05-08,22050.0,22750.0,22000.0,22150.0,10698700
EIB,2026-05-11,22450.0,23200.0,22250.0,22750.0,25038300
EIB,2026-05-12,22900.0,22950.0,22450.0,22550.0,6210800
EIB,2026-05-13,22500.0,22900.0,22050.0,22100.0,12142200
EIB,2026-05-14,22100.0,22350.0,22000.0,22100.0,7246200
EIB,2026-05-15,22100.0,22300.0,21800.0,21850.0,10697300
EIB,2026-05-18,21850.0,21900.0,21550.0,21700.0,9602200
EIB,2026-05-19,21800.0,22250.0,21700.0,21700.0,7016700
EIB,2026-05-20,21700.0,21900.0,20700.0,21400.0,10321900
EIB,2026-05-21,21600.0,21650.0,21200.0,21400.0,5665000
EIB,2026-05-22,21450.0,21450.0,21050.0,21200.0,5693300
EIB,2026-05-25,21200.0,21850.0,21200.0,21500.0,4991800
EIB,2026-05-26,21400.0,21700.0,21350.0,21550.0,5044200
EIB,2026-05-27,21600.0,22100.0,21600.0,21950.0,10080300
EIB,2026-05-28,22000.0,22000.0,21350.0,21350.0,5220300
EIB,2026-05-29,21450.0,21450.0,21250.0,21300.0,4173700
EIB,2026-06-01,21300.0,21700.0,21250.0,21400.0,3547000
EIB,2026-06-02,21350.0,21500.0,21050.0,21050.0,4441800
EIB,2026-06-03,20950.0,21450.0,20850.0,21100.0,5235900
EIB,2026-06-04,21200.0,21400.0,21000.0,21150.0,4824500
EIB,2026-06-05,21300.0,21350.0,21100.0,21100.0,2846000
EIB,2026-06-08,20900.0,21000.0,20700.0,20700.0,5128200
EIB,2026-06-09,20900.0,20900.0,20700.0,20750.0,3360200
EIB,2026-06-10,20800.0,21000.0,20750.0,20800.0,3402100
EIB,2026-06-11,20700.0,20800.0,20550.0,20550.0,4434800
EIB,2026-06-12,20700.0,20850.0,20550.0,20700.0,5344600
EIB,2026-06-15,20750.0,21200.0,20750.0,21150.0,4009600
EIB,2026-06-16,21250.0,21250.0,21050.0,21200.0,3400500
EIB,2026-06-17,21200.0,21600.0,21150.0,21450.0,5526800
EIB,2026-06-18,21500.0,21500.0,21000.0,21000.0,4313400
EIB,2026-06-19,21050.0,21150.0,20900.0,21000.0,2539000
EIB,2026-06-22,20900.0,21050.0,20800.0,20950.0,3282200
EIB,2026-06-23,20950.0,21400.0,20800.0,20800.0,6025500
EIB,2026-06-24,20850.0,20900.0,20500.0,20750.0,4463800
EIB,2026-06-25,20750.0,20850.0,20550.0,20550.0,2102700
EIB,2026-06-26,20650.0,20800.0,20450.0,20600.0,3227800
EIB,2026-06-29,20600.0,20950.0,20600.0,20700.0,3523000
EIB,2026-06-30,20700.0,21000.0,20700.0,21000.0,4514900
EIB,2026-07-01,20900.0,21300.0,20900.0,21050.0,3668500
EIB,2026-07-02,21200.0,21200.0,20900.0,20900.0,3671900
EIB,2026-07-03,21000.0,21000.0,20600.0,20650.0,3750100
EIB,2026-07-06,20800.0,20850.0,19250.0,20000.0,8011300
EIB,2026-07-07,20100.0,20300.0,20000.0,20200.0,3376300
EIB,2026-07-08,20200.0,20450.0,20100.0,20300.0,3004700
EIB,2026-07-09,20250.0,20250.0,19900.0,20000.0,5740700
EIB,2026-07-10,20000.0,20000.0,19750.0,19750.0,3307400
EIB,2026-07-13,19450.0,19700.0,19150.0,19350.0,9374500
EIB,2026-07-14,19300.0,19550.0,19050.0,19500.0,2695300
EIB,2026-07-15,19500.0,19550.0,19300.0,19450.0,6821900
EIB,2026-07-16,19200.0,19400.0,18650.0,19050.0,8060600
EIB,2026-07-17,19050.0,19050.0,18650.0,19000.0,2292800
EIB,2026-07-20,18800.0,18950.0,17850.0,17850.0,7595700
EIB,2026-07-21,17600.0,18500.0,17600.0,17600.0,5255600
EIB,2026-07-22,17600.0,18100.0,16400.0,16500.0,19029800
EIB,2026-07-23,16250.0,17650.0,16250.0,17650.0,10307800
EIB,2026-07-24,17750.0,18100.0,17450.0,17500.0,9792900
EIB,2026-07-27,17550.0,17900.0,16900.0,17200.0,5909900
EIB,2026-07-28,16950.0,17650.0,16850.0,17350.0,4424300
EIB,2026-07-29,17350.0,17400.0,16950.0,17400.0,3078900
EIB,2026-07-30,17400.0,18100.0,17400.0,17900.0,7657800
EIB,2026-07-31,17900.0,18200.0,17600.0,17800.0,6237200
EIB,2026-08-03,17900.0,18400.0,17850.0,18250.0,6367700
EIB,2026-08-04,18350.0,18400.0,18050.0,18200.0,3821000
EIB,2026-08-05,18300.0,18650.0,18150.0,18200.0,6254300
EIB,2026-08-06,18250.0,18500.0,18050.0,18150.0,4875400
EIB,2026-08-07,18100.0,18250.0,17950.0,18000.0,3756400
EIB,2026-08-10,18000.0,18400.0,18000.0,18150.0,3537600
EIB,2026-08-11,18200.0,18400.0,18050.0,18100.0,3647400
EIB,2026-08-12,18150.0,18350.0,18100.0,18200.0,4978800
EIB,2026-08-13,18250.0,18350.0,17500.0,17500.0,9963000
EIB,2026-08-14,17500.0,17650.0,17100.0,17150.0,5245900
FPT,2026-01-30,104954.02,104954.02,102488.0,103079.84,10982451
FPT,2026-02-02,101896.15,102882.56,100219.26,102882.56,9459960
FPT,2026-02-03,103474.41,103967.61,101501.59,102488.0,9222331
FPT,2026-02-04,101698.87,102093.44,100120.62,100515.18,11800062
FPT,2026-02-05,99824.69,100515.18,97654.59,97654.59,18337810
FPT,2026-02-06,96668.18,98641.0,95385.85,96273.62,9901359
FPT,2026-02-09,97457.31,98049.15,96569.54,97654.59,5178982
FPT,2026-02-10,98542.36,98542.36,95977.69,96470.9,6197727
FPT,2026-02-11,96865.46,98147.8,96076.33,97260.03,5583378
FPT,2026-02-12,97654.59,97851.87,97062.74,97457.31,4182033
FPT,2026-02-13,96766.82,97161.38,94991.28,94991.28,18763394
FPT,2026-02-23,95484.49,95484.49,91834.77,93215.74,22972597
FPT,2026-02-24,92722.54,92722.54,91242.92,91242.92,28932188
FPT,2026-02-25,90947.0,91242.92,87790.49,87889.13,48390730
FPT,2026-02-26,88776.9,90947.0,88678.26,89270.1,17766952
FPT,2026-02-27,89763.31,92229.34,89072.82,91637.49,18963311
FPT,2026-03-02,88875.54,90256.52,88086.41,88382.34,17482993
FPT,2026-03-03,88875.54,89664.67,85817.67,85817.67,16731784
FPT,2026-03-04,85719.03,85817.67,83055.72,83943.49,24082987
FPT,2026-03-05,85324.46,85620.39,83253.0,83253.0,16125951
FPT,2026-03-06,83253.0,83450.29,80392.41,80491.06,24040611
FPT,2026-03-09,74967.16,75657.65,74868.52,74868.52,17875933
FPT,2026-03-10,75361.72,78518.24,75361.72,78419.6,21389888
FPT,2026-03-11,78912.8,79899.21,77235.9,79110.08,10799566
FPT,2026-03-12,77729.11,78123.67,76446.77,76644.06,12897679
FPT,2026-03-13,76052.21,77433.18,75263.08,75953.57,9150353
FPT,2026-03-16,76052.21,78222.31,76052.21,77137.26,8781338
FPT,2026-03-17,78320.95,80195.13,78025.03,78320.95,9345809
FPT,2026-03-18,78912.8,79110.08,77038.62,77531.83,6440222
FPT,2026-03-19,76644.06,76742.7,75559.01,75756.29,11762755
FPT,2026-03-20,75460.37,75460.37,72599.78,73586.19,21718859
FPT,2026-03-23,72698.42,75065.8,70626.96,72106.57,13337456
FPT,2026-03-24,74473.96,74868.52,73092.98,74375.31,5261199
FPT,2026-03-25,75164.44,75953.57,74572.6,75953.57,7531655
FPT,2026-03-26,75953.57,75953.57,73191.62,73191.62,9877637
FPT,2026-03-27,73487.54,75263.08,72994.34,75065.8,9205401
FPT,2026-03-30,73388.9,74178.03,72501.13,72994.34,7922466
FPT,2026-03-31,73882.11,74473.96,73388.9,73684.83,5716892
FPT,2026-04-01,74868.52,75263.08,73980.75,74276.67,8651574
FPT,2026-04-02,74178.03,74178.03,73191.62,73684.83,5296377
FPT,2026-04-03,73684.83,74473.96,72895.7,72994.34,6420352
FPT,2026-04-06,72994.34,73487.54,72501.13,72895.7,4656278
FPT,2026-04-07,73487.54,73487.54,72797.06,72994.34,4777932
FPT,2026-04-08,74967.16,78025.03,74079.39,78025.03,14811285
FPT,2026-04-09,78025.03,78123.67,77038.62,77235.9,6358512
FPT,2026-04-10,77531.83,77926.39,76249.49,76644.06,6183838
FPT,2026-04-13,75854.93,75953.57,74868.52,74967.16,9690797
FPT,2026-04-14,75953.57,76150.85,74967.16,75164.44,7190215
FPT,2026-04-15,75854.93,75953.57,73980.75,74079.39,10186230
FPT,2026-04-16,74572.6,74572.6,72994.34,73092.98,11472308
FPT,2026-04-17,73980.75,76939.98,73882.11,74967.16,12519743
FPT,2026-04-20,75263.08,75953.57,75065.8,75854.93,6971543
FPT,2026-04-21,75953.57,76348.13,74079.39,74079.39,7217080
FPT,2026-04-22,74473.96,74473.96,73092.98,73586.19,8257215
FPT,2026-04-23,73980.75,74967.16,73092.98,73290.26,8078283
FPT,2026-04-24,72994.34,73092.98,72205.21,72402.49,10603907
FPT,2026-04-28,72402.49,73388.9,71909.29,73388.9,9634736
FPT,2026-04-29,72402.49,74473.96,72402.49,74473.96,9289240
FPT,2026-05-04,73882.11,74079.39,72599.78,72698.42,8400056
FPT,2026-05-05,72698.42,73487.54,71810.65,73290.26,6935655
FPT,2026-05-06,73191.62,73191.62,72007.93,72303.85,9585872
FPT,2026-05-07,72895.7,73290.26,72007.93,72007.93,10326436
FPT,2026-05-08,72205.21,72303.85,70922.88,70922.88,13629525
FPT,2026-05-11,70725.6,70725.6,69048.7,69048.7,17142060
FPT,2026-05-12,69147.34,70528.32,69048.7,69640.55,8650865
FPT,2026-05-13,69640.55,70528.32,69048.7,69739.19,11676280
FPT,2026-05-14,70133.75,74276.67,70035.11,72895.7,21862612
FPT,2026-05-15,73191.62,73191.62,71712.01,71909.29,6474082
FPT,2026-05-18,71909.29,74276.67,71021.52,73882.11,18576149
FPT,2026-05-19,73980.75,74769.88,73290.26,73487.54,11435305
FPT,2026-05-20,73783.47,77433.18,71810.65,76644.06,26334485
FPT,2026-05-21,76644.06,76841.34,74671.24,75460.37,11971796
FPT,2026-05-22,75756.29,76545.42,74079.39,74079.39,11829563
FPT,2026-05-25,73586.19,74572.6,72501.13,72501.13,10584848
FPT,2026-05-26,72599.78,73586.19,72599.78,73487.54,5175130
FPT,2026-05-27,73487.54,74276.67,72106.57,72599.78,9302724
FPT,2026-05-28,72800.0,73100.0,71200.0,71200.0,10646900
FPT,2026-05-29,71200.0,72500.0,70800.0,71600.0,5446700
FPT,2026-06-01,72200.0,73400.0,72100.0,72900.0,5972700
FPT,2026-06-02,73000.0,75600.0,73000.0,74800.0,17368000
FPT,2026-06-03,75100.0,77700.0,75000.0,76500.0,25278600
FPT,2026-06-04,76700.0,77200.0,75800.0,76100.0,11304700
FPT,2026-06-05,76000.0,76000.0,74300.0,75000.0,11218100
FPT,2026-06-08,73700.0,74500.0,72800.0,72900.0,10914200
FPT,2026-06-09,73400.0,74200.0,72600.0,73700.0,7772300
FPT,2026-06-10,73500.0,74500.0,73500.0,74200.0,4736000
FPT,2026-06-11,73900.0,73900.0,73100.0,73100.0,3507300
FPT,2026-06-12,73600.0,74300.0,73500.0,73500.0,5688200
FPT,2026-06-15,74400.0,75200.0,73500.0,73600.0,6422700
FPT,2026-06-16,73700.0,74200.0,73100.0,73200.0,5819800
FPT,2026-06-17,73300.0,73400.0,72200.0,72300.0,10652200
FPT,2026-06-18,72300.0,72300.0,71500.0,71600.0,13665800
FPT,2026-06-19,71600.0,71800.0,70800.0,71500.0,14295100
FPT,2026-06-22,71500.0,71700.0,70300.0,70600.0,9260100
FPT,2026-06-23,70900.0,71800.0,70700.0,70800.0,5737500
FPT,2026-06-24,71000.0,71200.0,70100.0,70800.0,5968500
FPT,2026-06-25,71000.0,71700.0,70800.0,71000.0,6592100
FPT,2026-06-26,71300.0,71300.0,70300.0,70800.0,4333200
FPT,2026-06-29,70700.0,70800.0,70200.0,70400.0,4618200
FPT,2026-06-30,70500.0,70800.0,70200.0,70200.0,6075800
FPT,2026-07-01,70400.0,73200.0,70300.0,72900.0,11630500
FPT,2026-07-02,72900.0,73300.0,72500.0,72500.0,5690500
FPT,2026-07-03,72500.0,73100.0,71700.0,72300.0,7490500
FPT,2026-07-06,72400.0,74000.0,71900.0,73000.0,11200200
FPT,2026-07-07,73000.0,73700.0,72500.0,73200.0,4557200
FPT,2026-07-08,72400.0,72800.0,71500.0,72100.0,6741600
FPT,2026-07-09,71800.0,73000.0,71700.0,72100.0,4441900
FPT,2026-07-10,72000.0,72300.0,70600.0,70600.0,7937300
FPT,2026-07-13,70300.0,71300.0,70200.0,70500.0,7738400
FPT,2026-07-14,70300.0,70900.0,70000.0,70300.0,6626800
FPT,2026-07-15,70400.0,70400.0,66800.0,66800.0,21271900
FPT,2026-07-16,66700.0,68000.0,64700.0,68000.0,13030600
FPT,2026-07-17,68300.0,68400.0,67000.0,67000.0,3987800
FPT,2026-07-20,66900.0,67700.0,66100.0,67100.0,7346800
FPT,2026-07-21,66500.0,67900.0,64800.0,64800.0,7540400
FPT,2026-07-22,65000.0,67500.0,64600.0,64600.0,10060700
FPT,2026-07-23,65000.0,65700.0,64200.0,64700.0,6287300
FPT,2026-07-24,64300.0,64500.0,62800.0,62900.0,5804800
FPT,2026-07-27,63100.0,63700.0,62200.0,62200.0,4449500
FPT,2026-07-28,61900.0,63700.0,61500.0,63000.0,5399400
FPT,2026-07-29,63000.0,65300.0,62500.0,65100.0,6114000
FPT,2026-07-30,65200.0,67200.0,64800.0,67000.0,7571500
FPT,2026-07-31,67200.0,67900.0,66500.0,67100.0,6253600
FPT,2026-08-03,67400.0,71700.0,67300.0,71700.0,16279100
FPT,2026-08-04,72400.0,73300.0,71300.0,71500.0,6584300
FPT,2026-08-05,72200.0,72200.0,70200.0,70300.0,6877600
FPT,2026-08-06,70400.0,71400.0,70400.0,70700.0,4629700
FPT,2026-08-07,71100.0,71700.0,70300.0,70800.0,4301800
FPT,2026-08-10,70900.0,72000.0,70700.0,71800.0,5252100
FPT,2026-08-11,71600.0,73100.0,71000.0,71200.0,6936800
FPT,2026-08-12,71200.0,71900.0,70600.0,70800.0,3685600
FPT,2026-08-13,71000.0,71300.0,69200.0,69200.0,7458000
FPT,2026-08-14,69300.0,69600.0,68000.0,68300.0,7123800
FRT,2026-01-30,160856.98,162856.98,157142.7,161809.36,1048426
FRT,2026-02-02,163142.69,172380.78,158190.32,167142.69,1701316
FRT,2026-02-03,169714.12,169714.12,163618.88,165714.12,1127911
FRT,2026-02-04,163809.36,169714.12,163809.36,166571.26,911400
FRT,2026-02-05,166761.74,166761.74,161428.41,161904.6,910980
FRT,2026-02-06,160095.08,160761.74,152761.75,152761.75,1048426
FRT,2026-02-09,155714.13,157809.37,153333.18,156190.32,230580
FRT,2026-02-10,156190.32,157142.7,151999.85,157142.7,462420
FRT,2026-02-11,157142.7,159047.46,154856.99,159047.46,367080
FRT,2026-02-12,159904.6,162190.31,157999.84,159047.46,393855
FRT,2026-02-13,159047.46,161904.6,157047.46,161904.6,604485
FRT,2026-02-23,161904.6,164095.07,159999.84,163714.12,611625
FRT,2026-02-24,162856.98,163714.12,160095.08,162856.98,567315
FRT,2026-02-25,162856.98,162856.98,160666.51,162856.98,378105
FRT,2026-02-26,162761.74,163714.12,160666.51,162761.74,411810
FRT,2026-02-27,162761.74,162761.74,157333.18,160952.22,1020601
FRT,2026-03-02,157618.89,160952.22,157142.7,160952.22,562695
FRT,2026-03-03,159428.41,160952.22,154285.56,157142.7,684285
FRT,2026-03-04,154952.23,155999.84,147618.9,155999.84,944580
FRT,2026-03-05,155999.84,156190.32,150380.8,151428.42,525840
FRT,2026-03-06,149809.37,149809.37,143333.19,143428.43,844725
FRT,2026-03-09,134285.58,135237.96,133428.44,133428.44,765975
FRT,2026-03-10,136190.34,140952.24,135714.15,138285.58,709590
FRT,2026-03-11,138095.1,147904.61,138095.1,147904.61,536340
FRT,2026-03-12,146476.04,146476.04,140761.76,146285.57,689850
FRT,2026-03-13,142857.0,142857.0,141523.67,141999.86,322980
FRT,2026-03-16,140476.05,143523.67,140476.05,143333.19,202965
FRT,2026-03-17,143809.38,147523.66,143333.19,144952.24,405615
FRT,2026-03-18,146857.0,146857.0,142571.29,142571.29,195825
FRT,2026-03-19,141904.62,142476.05,140476.05,141904.62,256725
FRT,2026-03-20,141904.62,142857.0,140952.24,141523.67,165480
FRT,2026-03-23,138095.1,142857.0,137142.72,142857.0,461055
FRT,2026-03-24,142857.0,150476.04,142857.0,150476.04,396480
FRT,2026-03-25,150476.04,151047.47,147904.61,151047.47,396165
FRT,2026-03-26,150856.99,150856.99,146857.0,150476.04,371490
FRT,2026-03-27,147523.66,154761.75,147523.66,154761.75,740040
FRT,2026-03-30,151523.66,151523.66,148761.76,150476.04,661815
FRT,2026-03-31,150095.09,150095.09,146571.28,149523.66,501270
FRT,2026-04-01,150476.04,150476.04,147142.71,149523.66,171465
FRT,2026-04-02,146857.0,148285.57,146476.04,146666.52,194880
FRT,2026-04-03,146666.52,147618.9,141618.91,144761.76,476700
FRT,2026-04-06,145714.14,145714.14,140476.05,140952.24,287595
FRT,2026-04-07,140952.24,142666.52,139714.15,142380.81,173565
FRT,2026-04-08,144571.28,147618.9,144095.09,145809.38,726180
FRT,2026-04-09,144761.76,145714.14,142857.0,142857.0,235095
FRT,2026-04-10,143809.38,145142.71,141999.86,144761.76,432810
FRT,2026-04-13,144285.57,144380.81,141904.62,141904.62,192990
FRT,2026-04-14,143618.9,144285.57,142857.0,143333.19,82425
FRT,2026-04-15,144761.76,144761.76,141618.91,143809.38,285495
FRT,2026-04-16,142857.0,144285.57,141904.62,143809.38,347235
FRT,2026-04-17,143618.9,149237.95,143618.9,144857.0,854910
FRT,2026-04-20,145714.14,145714.14,142952.24,143618.9,211155
FRT,2026-04-21,143333.19,143809.38,141904.62,143809.38,441735
FRT,2026-04-22,141999.86,143237.95,141047.48,142761.76,226275
FRT,2026-04-23,142761.76,142761.76,139618.91,139714.15,247065
FRT,2026-04-24,139999.86,140952.24,136476.05,137618.91,388290
FRT,2026-04-28,137618.91,140476.05,136190.34,140476.05,493500
FRT,2026-04-29,139428.43,141904.62,138095.1,141904.62,341460
FRT,2026-05-04,140285.57,141523.67,139714.15,140952.24,163695
FRT,2026-05-05,139714.15,141809.38,139142.72,141809.38,155925
FRT,2026-05-06,140285.57,141618.91,140285.57,140761.76,237405
FRT,2026-05-07,140666.53,142285.57,138666.53,138761.77,332430
FRT,2026-05-08,138761.77,140380.81,136857.01,138095.1,393015
FRT,2026-05-11,137047.48,138095.1,131428.44,131428.44,708225
FRT,2026-05-12,133333.2,135047.48,130380.82,131714.15,413595
FRT,2026-05-13,130476.06,132380.82,130476.06,130952.25,196875
FRT,2026-05-14,130952.25,134190.34,129523.68,129523.68,445200
FRT,2026-05-15,129618.92,131523.68,127618.92,127618.92,386610
FRT,2026-05-18,127618.92,128380.82,126571.3,127618.92,448875
FRT,2026-05-19,127618.92,129047.49,126380.83,126380.83,418740
FRT,2026-05-20,126285.59,126285.59,122380.83,125714.16,649530
FRT,2026-05-21,126666.54,126761.78,124285.59,125142.73,385140
FRT,2026-05-22,124761.78,125237.97,123142.73,123142.73,224490
FRT,2026-05-25,124571.3,124571.3,123333.21,123904.64,280980
FRT,2026-05-26,124095.11,124095.11,123333.21,123999.88,222600
FRT,2026-05-27,123999.88,124761.78,123618.92,124761.78,190680
FRT,2026-05-28,124761.78,125047.49,123809.4,124761.78,341145
FRT,2026-05-29,124666.54,124666.54,123428.45,123999.88,210735
FRT,2026-06-01,123618.92,123809.4,121047.5,121047.5,377160
FRT,2026-06-02,121047.5,124666.54,121047.5,121618.93,348075
FRT,2026-06-03,121428.45,122190.35,120666.55,121999.88,419580
FRT,2026-06-04,121904.64,121904.64,119428.45,120952.26,474810
FRT,2026-06-05,120952.26,121904.64,113333.22,118857.02,555030
FRT,2026-06-08,117142.74,119047.5,116571.31,118571.31,404565
FRT,2026-06-09,118761.79,118857.02,115333.22,116571.31,695310
FRT,2026-06-10,116476.07,116476.07,114285.6,115237.98,711900
FRT,2026-06-11,115142.74,115237.98,113333.22,113333.22,514605
FRT,2026-06-12,113428.46,117047.5,113428.46,115237.98,273735
FRT,2026-06-15,116857.03,118095.12,114761.79,117904.64,225960
FRT,2026-06-16,119999.88,125714.16,118857.02,124666.54,1101556
FRT,2026-06-17,124666.54,127428.44,123047.5,125714.16,762195
FRT,2026-06-18,125714.16,127428.44,123714.16,123809.4,553350
FRT,2026-06-19,123809.4,125142.73,122952.26,123809.4,316575
FRT,2026-06-22,123142.73,124285.59,121428.45,124285.59,491820
FRT,2026-06-23,124190.35,124666.54,121428.45,122666.54,415590
FRT,2026-06-24,121904.64,123142.73,119047.5,122666.54,326340
FRT,2026-06-25,121237.97,122285.59,120095.12,121714.16,211050
FRT,2026-06-26,120095.12,120571.31,117999.88,118095.12,530670
FRT,2026-06-29,121100.0,121100.0,118800.0,119000.0,113600
FRT,2026-06-30,119000.0,120400.0,118800.0,120000.0,155200
FRT,2026-07-01,120300.0,122200.0,119500.0,122100.0,132200
FRT,2026-07-02,122500.0,123100.0,121600.0,122000.0,134300
FRT,2026-07-03,122000.0,122000.0,117500.0,120400.0,492800
FRT,2026-07-06,120300.0,120300.0,116200.0,116200.0,184800
FRT,2026-07-07,117700.0,117700.0,115000.0,117000.0,346900
FRT,2026-07-08,115600.0,116900.0,115300.0,116400.0,145500
FRT,2026-07-09,116400.0,116400.0,115500.0,115500.0,95600
FRT,2026-07-10,115500.0,115500.0,113900.0,113900.0,166800
FRT,2026-07-13,113300.0,114000.0,112100.0,113300.0,221000
FRT,2026-07-14,110000.0,114900.0,110000.0,113600.0,95800
FRT,2026-07-15,113500.0,114000.0,112000.0,113000.0,135100
FRT,2026-07-16,111400.0,112400.0,108500.0,111400.0,222700
FRT,2026-07-17,111600.0,111800.0,109000.0,111800.0,222400
FRT,2026-07-20,113000.0,113000.0,109000.0,109900.0,99800
FRT,2026-07-21,108700.0,111300.0,108700.0,110900.0,360400
FRT,2026-07-22,110900.0,113000.0,104800.0,105000.0,525600
FRT,2026-07-23,105000.0,109000.0,100200.0,109000.0,788600
FRT,2026-07-24,106000.0,108300.0,103700.0,107800.0,379500
FRT,2026-07-27,108100.0,109500.0,106900.0,107800.0,372900
FRT,2026-07-28,105300.0,108000.0,104000.0,107700.0,364900
FRT,2026-07-29,107000.0,112500.0,105800.0,108700.0,451300
FRT,2026-07-30,109900.0,116300.0,109900.0,116300.0,253700
FRT,2026-07-31,124400.0,124400.0,123300.0,124400.0,1254600
FRT,2026-08-03,126000.0,133100.0,125900.0,133100.0,1302200
FRT,2026-08-04,136000.0,137900.0,132100.0,133100.0,957900
FRT,2026-08-05,134900.0,139000.0,133500.0,135000.0,993100
FRT,2026-08-06,135000.0,135400.0,130500.0,132100.0,272000
FRT,2026-08-07,132100.0,133600.0,131100.0,132000.0,451000
FRT,2026-08-10,134000.0,137200.0,132000.0,137000.0,778600
FRT,2026-08-11,138100.0,146500.0,138000.0,146500.0,1428500
FRT,2026-08-12,148000.0,148500.0,145000.0,148000.0,931600
FRT,2026-08-13,147300.0,147900.0,143100.0,146900.0,408300
FRT,2026-08-14,142100.0,144800.0,141800.0,142900.0,825400
GAS,2026-01-29,0.03,0.03,0.03,0.03,299677
GAS,2026-02-01,0.02,0.02,0.02,0.02,334618
GAS,2026-02-03,0.02,0.02,0.02,0.02,96139
GAS,2026-02-04,0.03,0.03,0.03,0.03,47215
GAS,2026-02-05,0.03,0.03,0.02,0.02,258624
GAS,2026-02-08,0.03,0.03,0.03,0.03,161469
GAS,2026-02-11,0.03,0.03,0.03,0.03,24199
GAS,2026-02-15,0.03,0.03,0.03,0.03,482
GAS,2026-02-18,0.02,0.02,0.02,0.02,27397
GAS,2026-02-19,0.02,0.02,0.02,0.02,533
GAS,2026-02-23,0.02,0.03,0.02,0.03,290701
GAS,2026-02-26,0.03,0.03,0.03,0.03,392152
GAS,2026-03-01,0.03,0.03,0.03,0.03,408071
GAS,2026-03-02,0.03,0.03,0.02,0.03,483300
GAS,2026-03-03,0.03,0.03,0.03,0.03,506632
GAS,2026-03-04,0.03,0.03,0.03,0.03,60155
GAS,2026-03-05,0.03,0.03,0.03,0.03,190045
GAS,2026-03-08,0.03,0.04,0.03,0.04,3852386
GAS,2026-03-09,0.04,0.04,0.03,0.03,752516
GAS,2026-03-10,0.03,0.03,0.03,0.03,101691
GAS,2026-03-11,0.03,0.03,0.03,0.03,1685493
GAS,2026-03-12,0.03,0.03,0.03,0.03,426111
GAS,2026-03-15,0.03,0.04,0.03,0.03,3127768
GAS,2026-03-16,0.03,0.04,0.03,0.03,407186
GAS,2026-03-17,0.03,0.03,0.03,0.03,400378
GAS,2026-03-18,0.03,0.04,0.03,0.03,1441202
GAS,2026-03-19,0.03,0.03,0.03,0.03,50766
GAS,2026-03-22,0.03,0.03,0.03,0.03,2294377
GAS,2026-03-29,0.03,0.03,0.03,0.03,358877
GAS,2026-03-30,0.03,0.03,0.03,0.03,25000
GAS,2026-03-31,0.03,0.03,0.03,0.03,2400043
GAS,2026-04-01,0.03,0.03,0.03,0.03,240166
GAS,2026-04-06,0.03,0.03,0.03,0.03,23765
GAS,2026-04-07,0.03,0.03,0.03,0.03,1837668
GAS,2026-04-08,0.03,0.03,0.03,0.03,300000
GAS,2026-04-09,0.03,0.03,0.03,0.03,11
GAS,2026-04-12,0.03,0.03,0.03,0.03,1185063
GAS,2026-04-13,0.03,0.03,0.03,0.03,55034
GAS,2026-04-14,0.03,0.03,0.03,0.03,963755
GAS,2026-04-15,0.03,0.03,0.03,0.03,789626
GAS,2026-04-16,0.03,0.03,0.03,0.03,163444
GAS,2026-04-19,0.03,0.03,0.03,0.03,1840093
GAS,2026-04-20,0.03,0.03,0.03,0.03,235359
GAS,2026-04-21,0.03,0.03,0.03,0.03,1271491
GAS,2026-04-22,0.03,0.03,0.03,0.03,1136535
GAS,2026-04-23,0.03,0.03,0.03,0.03,18703
GAS,2026-04-26,0.03,0.03,0.03,0.03,1136695
GAS,2026-04-27,0.03,0.03,0.03,0.03,50010
GAS,2026-04-28,0.03,0.03,0.03,0.03,721054
GAS,2026-04-29,0.03,0.03,0.03,0.03,3010
GAS,2026-04-30,0.03,0.03,0.03,0.03,420178
GAS,2026-05-03,0.03,0.03,0.03,0.03,996047
GAS,2026-05-04,0.03,0.03,0.03,0.03,1259334
GAS,2026-05-05,0.03,0.03,0.02,0.02,553653
GAS,2026-05-06,0.02,0.02,0.02,0.02,1441470
GAS,2026-05-07,0.02,0.02,0.02,0.02,562614
GAS,2026-05-10,0.02,0.02,0.02,0.02,495956
GAS,2026-05-11,0.02,0.02,0.02,0.02,799500
GAS,2026-05-12,0.02,0.02,0.02,0.02,1200000
GAS,2026-05-13,0.02,0.02,0.02,0.02,392394
GAS,2026-05-14,0.02,0.02,0.02,0.02,2000
GAS,2026-05-17,0.02,0.02,0.02,0.02,430656
GAS,2026-05-18,0.02,0.02,0.02,0.02,53462
GAS,2026-05-19,0.02,0.02,0.02,0.02,4518854
GAS,2026-05-21,0.02,0.02,0.02,0.02,3569682
GAS,2026-05-24,0.02,0.02,0.02,0.02,517355
GAS,2026-05-25,0.02,0.02,0.02,0.02,23492
GAS,2026-05-26,0.02,0.02,0.02,0.02,50391
GAS,2026-05-27,0.02,0.02,0.02,0.02,1093259
GAS,2026-05-28,0.02,0.02,0.02,0.02,829
GAS,2026-06-01,0.02,0.02,0.02,0.02,554048
GAS,2026-06-02,0.02,0.02,0.02,0.02,150776
GAS,2026-06-03,0.02,0.02,0.02,0.02,108325
GAS,2026-06-04,0.02,0.02,0.02,0.02,27500
GAS,2026-06-08,0.02,0.02,0.02,0.02,2500
GAS,2026-06-09,0.02,0.02,0.02,0.02,399246
GAS,2026-06-10,0.02,0.02,0.02,0.02,422951
GAS,2026-06-11,0.02,0.02,0.02,0.02,273
GAS,2026-06-14,0.02,0.02,0.02,0.02,1461673
GAS,2026-06-15,0.02,0.02,0.02,0.02,274
GAS,2026-06-16,0.02,0.02,0.02,0.02,340
GAS,2026-06-17,0.02,0.02,0.02,0.02,1833647
GAS,2026-06-18,0.02,0.02,0.02,0.02,230000
GAS,2026-06-21,0.02,0.02,0.02,0.02,1050291
GAS,2026-06-22,0.02,0.02,0.02,0.02,4683992
GAS,2026-06-23,0.02,0.02,0.02,0.02,505961
GAS,2026-06-24,0.02,0.02,0.02,0.02,131700
GAS,2026-06-25,0.02,0.02,0.01,0.01,823463
GAS,2026-06-28,0.01,0.02,0.01,0.01,1073206
GAS,2026-06-29,0.01,0.02,0.01,0.02,7018999
GAS,2026-06-30,0.02,0.02,0.02,0.02,500000
GAS,2026-07-01,0.02,0.02,0.01,0.01,1678695
GAS,2026-07-05,0.02,0.02,0.02,0.02,1614529
GAS,2026-07-06,0.01,0.01,0.01,0.01,29411
GAS,2026-07-09,0.01,0.01,0.01,0.01,24312
GAS,2026-07-12,0.02,0.02,0.01,0.01,7884091
GAS,2026-07-13,0.01,0.02,0.01,0.01,2870374
GAS,2026-07-15,0.02,0.02,0.02,0.02,3192409
GAS,2026-07-16,0.02,0.02,0.01,0.01,7908890
GAS,2026-07-19,0.02,0.02,0.01,0.01,1376679
GAS,2026-07-20,0.01,0.01,0.01,0.01,3675670
GAS,2026-07-21,0.01,0.01,0.01,0.01,724429
GAS,2026-07-23,0.01,0.01,0.01,0.01,268000
GAS,2026-07-26,0.01,0.01,0.01,0.01,650061
GAS,2026-07-27,0.01,0.02,0.01,0.01,2872951
GAS,2026-07-29,0.02,0.02,0.02,0.02,1768977
GAS,2026-08-02,0.02,0.02,0.02,0.02,125171
GAS,2026-08-03,0.01,0.01,0.01,0.01,924828
GAS,2026-08-04,0.01,0.01,0.01,0.01,3052728
GAS,2026-08-05,0.01,0.01,0.01,0.01,7880708
GAS,2026-08-06,0.01,0.01,0.01,0.01,153846
GAS,2026-08-09,0.01,0.01,0.01,0.01,1988798
GAS,2026-08-10,0.01,0.01,0.01,0.01,1868819
GAS,2026-08-11,0.01,0.01,0.01,0.01,43357
GAS,2026-08-12,0.01,0.01,0.01,0.01,100000
GAS,2026-08-13,0.01,0.01,0.01,0.01,970167
GEX,2026-01-30,24733.23,24866.57,24166.57,24466.57,11158394
GEX,2026-02-02,24599.9,24599.9,23133.24,23333.24,13523304
GEX,2026-02-03,23533.24,24966.57,23499.91,24966.57,17620720
GEX,2026-02-04,25333.23,25633.23,24266.57,24733.23,12567200
GEX,2026-02-05,24799.9,24799.9,23866.57,24333.24,8286183
GEX,2026-02-06,23999.9,23999.9,22833.24,22833.24,15189510
GEX,2026-02-09,23033.24,23166.57,21999.91,21999.91,11894447
GEX,2026-02-10,22133.24,22733.24,21699.91,22366.58,10392191
GEX,2026-02-11,22566.58,23899.9,22466.58,23899.9,13623354
GEX,2026-02-12,24133.24,24233.24,23366.57,23433.24,6212424
GEX,2026-02-13,23566.57,25066.57,23366.57,25066.57,23808095
GEX,2026-02-23,25266.57,26799.89,24533.24,26799.89,37240198
GEX,2026-02-24,26866.56,27199.89,26299.89,26866.56,20716882
GEX,2026-02-25,27099.89,27099.89,25533.23,25833.23,19750429
GEX,2026-02-26,25933.23,26766.56,25666.56,26599.89,18922875
GEX,2026-02-27,26866.56,26933.23,26299.89,26366.56,12931401
GEX,2026-03-02,25133.23,26199.9,25099.9,25099.9,16579866
GEX,2026-03-03,25399.9,25833.23,24999.9,24999.9,12664850
GEX,2026-03-04,25266.57,25266.57,23266.57,23366.57,19115926
GEX,2026-03-05,23933.24,24999.9,23866.57,23966.57,16424315
GEX,2026-03-06,24433.24,24733.23,23733.24,23733.24,12102198
GEX,2026-03-09,22099.91,22399.91,22099.91,22099.91,4754119
GEX,2026-03-10,22199.91,22666.58,20799.92,21199.92,21864087
GEX,2026-03-11,21599.91,22666.58,21399.91,22666.58,8796635
GEX,2026-03-12,22766.58,23799.9,22466.58,22899.91,10626342
GEX,2026-03-13,22966.57,22999.91,22399.91,22499.91,8723884
GEX,2026-03-16,22799.91,22866.58,21999.91,22199.91,4917619
GEX,2026-03-17,22666.58,23499.91,22466.58,23266.57,9324337
GEX,2026-03-18,23666.57,24199.9,22999.91,23333.24,7790431
GEX,2026-03-19,22733.24,23166.57,22499.91,22666.58,6365875
GEX,2026-03-20,22799.91,23299.91,22499.91,23033.24,8510434
GEX,2026-03-23,22666.58,22666.58,21433.25,21433.25,16537716
GEX,2026-03-24,21999.91,22699.91,21666.58,22399.91,8317083
GEX,2026-03-25,22566.58,23966.57,22533.24,23733.24,21344935
GEX,2026-03-26,23799.9,23833.24,23199.91,23599.91,6556826
GEX,2026-03-27,23666.57,24299.9,23499.91,23966.57,10983193
GEX,2026-03-30,23633.24,24999.9,23133.24,24199.9,12386449
GEX,2026-03-31,24533.24,25199.9,24333.24,24666.57,13146202
GEX,2026-04-01,25233.23,25233.23,24499.9,24699.9,13224502
GEX,2026-04-02,24633.23,24666.57,23999.9,24099.9,9932889
GEX,2026-04-03,24333.24,24433.24,23366.57,23533.24,7915231
GEX,2026-04-06,23666.57,24899.9,23533.24,24266.57,10178290
GEX,2026-04-07,24666.57,24799.9,24166.57,24433.24,4769419
GEX,2026-04-08,25199.9,26133.23,25033.23,26133.23,21838737
GEX,2026-04-09,26166.56,27433.22,25866.56,26999.89,23663194
GEX,2026-04-10,27433.22,27533.22,26633.23,26733.23,13673304
GEX,2026-04-13,26666.56,27933.22,26333.23,27699.89,22447739
GEX,2026-04-14,27999.89,28166.55,27133.22,27366.56,12607700
GEX,2026-04-15,27666.56,27666.56,26533.23,26666.56,14458107
GEX,2026-04-16,26799.89,27299.89,26133.23,26666.56,12386899
GEX,2026-04-17,26899.89,26899.89,25999.9,25999.9,9885339
GEX,2026-04-20,26633.23,27666.56,26533.23,27299.89,16750717
GEX,2026-04-21,27599.89,27633.22,26866.56,26866.56,8562634
GEX,2026-04-22,26999.89,27633.22,26599.89,27299.89,13363103
GEX,2026-04-23,27566.56,27599.89,25866.56,26366.56,21008934
GEX,2026-04-24,26533.23,26799.89,25733.23,26533.23,8702434
GEX,2026-04-28,26733.23,26933.23,25966.56,25999.9,8858435
GEX,2026-04-29,26133.23,26366.56,25933.23,26066.56,10596942
GEX,2026-05-04,26399.89,26399.89,25866.56,26199.9,13844905
GEX,2026-05-05,28000.0,28150.0,27350.0,27450.0,8957000
GEX,2026-05-06,27850.0,29350.0,27450.0,29350.0,14255200
GEX,2026-05-07,30150.0,31400.0,30150.0,31400.0,34522500
GEX,2026-05-08,31600.0,33550.0,31000.0,33500.0,30870900
GEX,2026-05-11,34000.0,35500.0,33650.0,34100.0,29137200
GEX,2026-05-12,34400.0,34750.0,33750.0,34500.0,12469100
GEX,2026-05-13,34700.0,35350.0,32850.0,34800.0,21812600
GEX,2026-05-14,35000.0,36000.0,34200.0,35150.0,18306600
GEX,2026-05-15,35300.0,36100.0,34500.0,34900.0,15880900
GEX,2026-05-18,34600.0,35650.0,33700.0,35000.0,15512300
GEX,2026-05-19,35700.0,37450.0,35000.0,36200.0,33596000
GEX,2026-05-20,36500.0,36500.0,34000.0,36000.0,16506800
GEX,2026-05-21,36500.0,36500.0,34950.0,35000.0,9605500
GEX,2026-05-22,35000.0,35100.0,32800.0,32800.0,25828800
GEX,2026-05-25,32800.0,34650.0,32750.0,34050.0,11178000
GEX,2026-05-26,34300.0,34800.0,33750.0,34100.0,7700600
GEX,2026-05-27,34300.0,34950.0,33400.0,33500.0,13248900
GEX,2026-05-28,33650.0,33750.0,32200.0,32300.0,12691400
GEX,2026-05-29,32600.0,33150.0,31850.0,32100.0,7684900
GEX,2026-06-01,32400.0,32750.0,31600.0,32200.0,7077500
GEX,2026-06-02,32400.0,32500.0,30800.0,31000.0,9912600
GEX,2026-06-03,31400.0,31700.0,30850.0,31400.0,6801100
GEX,2026-06-04,31600.0,33050.0,31150.0,32750.0,10682200
GEX,2026-06-05,33050.0,33050.0,31850.0,32000.0,7663500
GEX,2026-06-08,31700.0,31800.0,30400.0,30600.0,11669300
GEX,2026-06-09,30900.0,30950.0,29900.0,30800.0,8793000
GEX,2026-06-10,30700.0,31500.0,30100.0,31250.0,10930700
GEX,2026-06-11,31050.0,31100.0,30500.0,30500.0,5368400
GEX,2026-06-12,30950.0,31100.0,29500.0,29500.0,10297600
GEX,2026-06-15,30000.0,31250.0,30000.0,30600.0,11689300
GEX,2026-06-16,30800.0,31100.0,30400.0,30800.0,9711200
GEX,2026-06-17,31000.0,32250.0,30850.0,31150.0,23580500
GEX,2026-06-18,31350.0,31350.0,30500.0,30600.0,10696900
GEX,2026-06-19,30750.0,30800.0,29900.0,30000.0,11829400
GEX,2026-06-22,30200.0,31000.0,29800.0,30650.0,9229300
GEX,2026-06-23,31100.0,31250.0,29950.0,30300.0,12374100
GEX,2026-06-24,30500.0,30600.0,29800.0,30500.0,8320700
GEX,2026-06-25,30650.0,30650.0,29950.0,29950.0,4738800
GEX,2026-06-26,30000.0,30450.0,29850.0,30150.0,7629800
GEX,2026-06-29,30400.0,30800.0,30250.0,30400.0,5828900
GEX,2026-06-30,30650.0,31900.0,30500.0,31450.0,23941700
GEX,2026-07-01,31550.0,31600.0,30950.0,31100.0,8134300
GEX,2026-07-02,31400.0,31550.0,30750.0,30950.0,8547700
GEX,2026-07-03,31050.0,31050.0,30200.0,30550.0,12072300
GEX,2026-07-06,30800.0,30800.0,28450.0,28750.0,27798200
GEX,2026-07-07,28750.0,29600.0,28550.0,29350.0,7373000
GEX,2026-07-08,29300.0,29300.0,28850.0,28900.0,8953800
GEX,2026-07-09,28900.0,28900.0,27300.0,27300.0,20836600
GEX,2026-07-10,27500.0,27850.0,26500.0,26600.0,10562000
GEX,2026-07-13,26500.0,26800.0,25200.0,26000.0,13036300
GEX,2026-07-14,26000.0,26750.0,25950.0,26500.0,9120500
GEX,2026-07-15,26600.0,26600.0,25000.0,25450.0,9952600
GEX,2026-07-16,25450.0,25550.0,24000.0,25350.0,12882600
GEX,2026-07-17,25400.0,25550.0,24500.0,25000.0,4995700
GEX,2026-07-20,24800.0,24800.0,23250.0,23250.0,13639000
GEX,2026-07-21,22900.0,23600.0,22050.0,22050.0,9956300
GEX,2026-07-22,22000.0,22600.0,20750.0,20750.0,21941300
GEX,2026-07-23,20500.0,22200.0,20200.0,22200.0,21127600
GEX,2026-07-24,22200.0,22700.0,21550.0,21800.0,11655400
GEX,2026-07-27,22000.0,22100.0,20300.0,20300.0,15477400
GEX,2026-07-28,19700.0,21450.0,19700.0,20900.0,11534000
GEX,2026-07-29,21000.0,21050.0,20400.0,20700.0,6363500
GEX,2026-07-30,20900.0,22100.0,20900.0,22100.0,20873200
GEX,2026-07-31,22500.0,23050.0,22350.0,22500.0,17674200
GEX,2026-08-03,22850.0,23900.0,22750.0,23350.0,17154800
GEX,2026-08-04,23450.0,24850.0,23200.0,24850.0,16656400
GEX,2026-08-05,25000.0,25100.0,24550.0,24700.0,12021100
GEX,2026-08-06,24800.0,25200.0,24200.0,24650.0,10687300
GEX,2026-08-07,24700.0,25300.0,24400.0,24550.0,9582700
GEX,2026-08-10,24900.0,26250.0,24800.0,26100.0,18136800
GEX,2026-08-11,26150.0,26500.0,25800.0,26400.0,11677500
GEX,2026-08-12,26500.0,26700.0,26000.0,26150.0,9425000
GEX,2026-08-13,26150.0,26850.0,25400.0,25400.0,16682000
GEX,2026-08-14,25400.0,25550.0,24450.0,24650.0,14566500
GMD,2026-01-29,8.28,8.4,7.49,7.59,6673606
GMD,2026-02-01,7.28,7.29,6.69,6.97,9840235
GMD,2026-02-02,7.03,7.29,7.0,7.1,5924080
GMD,2026-02-03,7.36,7.41,7.19,7.31,5164295
GMD,2026-02-04,7.02,7.23,6.76,6.87,4655489
GMD,2026-02-05,6.6,6.69,6.27,6.65,7812994
GMD,2026-02-08,6.97,7.0,6.77,6.87,4220427
GMD,2026-02-09,7.07,7.14,6.94,7.06,3589228
GMD,2026-02-10,7.05,7.26,7.01,7.24,2520834
GMD,2026-02-11,7.24,7.28,7.12,7.2,3454666
GMD,2026-02-12,6.7,6.93,6.66,6.87,4097463
GMD,2026-02-15,7.0,7.47,6.93,7.38,4857428
GMD,2026-02-16,7.35,7.36,7.12,7.17,3644851
GMD,2026-02-17,7.11,7.11,6.88,6.96,3975360
GMD,2026-02-18,7.37,7.37,7.01,7.09,4002852
GMD,2026-02-19,7.22,7.22,6.83,6.87,2590013
GMD,2026-02-22,7.01,7.25,6.96,7.24,3090029
GMD,2026-02-23,7.38,7.45,7.05,7.2,4735737
GMD,2026-02-24,7.19,7.31,7.09,7.29,3422935
GMD,2026-02-25,7.22,7.31,7.07,7.21,3595318
GMD,2026-02-26,7.39,7.57,7.28,7.43,5630745
GMD,2026-03-01,7.65,8.07,7.6,8.06,7883119
GMD,2026-03-02,7.87,8.16,7.82,8.13,4931529
GMD,2026-03-03,7.35,7.75,7.08,7.57,7568383
GMD,2026-03-04,7.5,7.55,7.21,7.25,4327132
GMD,2026-03-05,6.89,7.13,6.69,6.73,7838154
GMD,2026-03-08,6.6,6.73,6.38,6.51,4640973
GMD,2026-03-09,6.84,6.9,6.63,6.77,3991318
GMD,2026-03-10,6.92,6.92,6.67,6.8,3627485
GMD,2026-03-11,6.56,6.81,6.55,6.66,4737073
GMD,2026-03-12,6.55,6.55,6.14,6.26,4929414
GMD,2026-03-15,5.97,6.1,5.86,5.99,6078515
GMD,2026-03-16,6.0,6.24,5.93,6.21,4019725
GMD,2026-03-17,6.18,6.19,6.02,6.17,3183687
GMD,2026-03-18,5.74,5.76,5.48,5.51,7004901
GMD,2026-03-19,5.49,5.74,5.36,5.63,26590083
GMD,2026-03-22,5.36,5.51,5.23,5.35,13251300
GMD,2026-03-23,5.85,5.85,5.62,5.72,16362778
GMD,2026-03-24,6.02,6.36,6.02,6.11,8775730
GMD,2026-03-25,6.03,6.06,5.76,5.85,3967044
GMD,2026-03-26,5.73,5.77,5.57,5.62,6761108
GMD,2026-03-29,5.77,5.79,5.46,5.57,6036732
GMD,2026-03-30,5.62,5.91,5.41,5.89,9114167
GMD,2026-03-31,6.39,6.4,6.18,6.25,7825622
GMD,2026-04-01,6.44,6.5,5.84,5.87,6499631
GMD,2026-04-06,6.18,6.18,5.98,6.03,3466855
GMD,2026-04-07,6.72,6.73,6.39,6.62,6616060
GMD,2026-04-08,6.38,6.53,6.23,6.53,3166697
GMD,2026-04-09,6.42,6.6,6.35,6.54,2834298
GMD,2026-04-12,6.34,6.53,6.24,6.5,4447376
GMD,2026-04-13,6.34,6.46,6.3,6.41,3703800
GMD,2026-04-14,6.63,6.8,6.62,6.73,4799483
GMD,2026-04-15,6.65,6.73,6.52,6.67,2880440
GMD,2026-04-16,6.69,6.78,6.53,6.58,4510600
GMD,2026-04-19,6.57,6.83,6.41,6.74,2582447
GMD,2026-04-20,6.68,6.77,6.61,6.68,1947153
GMD,2026-04-21,6.42,6.63,6.4,6.61,1896968
GMD,2026-04-22,6.62,6.66,6.39,6.58,2240049
GMD,2026-04-23,6.4,6.51,6.25,6.32,2955564
GMD,2026-04-26,6.26,6.48,6.19,6.42,1594392
GMD,2026-04-27,6.31,6.38,6.23,6.27,2561325
GMD,2026-04-28,6.18,6.37,6.18,6.35,2343345
GMD,2026-04-29,6.1,6.16,5.78,5.81,5190621
GMD,2026-04-30,6.05,6.2,5.74,5.74,3840747
GMD,2026-05-03,5.77,5.81,5.67,5.81,4037960
GMD,2026-05-04,5.72,5.94,5.58,5.85,3096218
GMD,2026-05-05,5.96,6.01,5.75,5.9,3929516
GMD,2026-05-06,6.2,6.28,6.07,6.16,7545147
GMD,2026-05-07,6.12,6.22,6.07,6.22,2546549
GMD,2026-05-10,6.1,6.24,6.05,6.14,3301746
GMD,2026-05-11,6.47,6.62,6.4,6.52,4646880
GMD,2026-05-12,6.56,6.72,6.56,6.64,3685068
GMD,2026-05-13,6.61,6.63,6.47,6.47,2637051
GMD,2026-05-14,6.42,6.5,6.31,6.31,3593388
GMD,2026-05-17,6.09,6.12,5.93,6.04,4205369
GMD,2026-05-18,6.23,6.3,6.0,6.08,4586883
GMD,2026-05-19,5.93,5.98,5.78,5.8,6789171
GMD,2026-05-20,6.0,6.06,5.78,5.84,13917183
GMD,2026-05-21,5.92,6.05,5.85,5.9,8041407
GMD,2026-05-24,6.0,6.46,6.0,6.4,4145842
GMD,2026-05-25,6.4,6.44,6.21,6.26,3566849
GMD,2026-05-26,6.26,6.33,6.18,6.2,2727321
GMD,2026-05-27,6.01,6.08,5.56,5.57,5157543
GMD,2026-05-28,5.93,5.97,5.81,5.86,7276122
GMD,2026-05-31,5.88,6.07,5.87,5.91,2724666
GMD,2026-06-01,5.72,6.03,5.59,5.95,3850033
GMD,2026-06-02,5.91,5.98,5.84,5.9,2187636
GMD,2026-06-03,5.72,5.81,5.61,5.61,3203797
GMD,2026-06-04,5.57,5.59,5.3,5.36,4978765
GMD,2026-06-08,5.1,5.24,4.9,5.21,6261584
GMD,2026-06-09,5.05,5.11,4.73,4.88,8213365
GMD,2026-06-10,4.6,4.83,4.51,4.8,5652990
GMD,2026-06-11,5.15,5.36,5.09,5.32,8852617
GMD,2026-06-14,5.6,5.81,5.55,5.77,5362408
GMD,2026-06-15,5.69,5.91,5.62,5.84,4178458
GMD,2026-06-16,5.88,6.21,5.85,6.2,4670580
GMD,2026-06-17,6.09,6.34,5.98,6.22,6004245
GMD,2026-06-18,6.11,6.16,5.94,5.96,7864129
GMD,2026-06-21,5.86,6.19,5.78,6.16,3119109
GMD,2026-06-22,6.16,6.19,5.8,5.82,4380675
GMD,2026-06-23,5.75,5.78,5.48,5.58,4012689
GMD,2026-06-24,5.4,5.41,5.22,5.32,5869283
GMD,2026-06-25,5.48,5.56,5.25,5.39,5169340
GMD,2026-06-28,5.58,5.66,5.39,5.49,3940974
GMD,2026-06-29,5.44,5.51,5.2,5.21,4522175
GMD,2026-06-30,5.29,5.3,5.09,5.2,3860244
GMD,2026-07-01,5.3,5.43,5.18,5.39,4637154
GMD,2026-07-02,5.86,6.29,5.82,6.29,7843014
GMD,2026-07-05,5.92,6.19,5.76,6.03,17420938
GMD,2026-07-06,6.04,6.05,5.78,5.78,10023665
GMD,2026-07-07,5.66,5.68,5.42,5.52,6590176
GMD,2026-07-08,5.42,5.54,5.35,5.46,5472968
GMD,2026-07-09,5.55,5.72,5.51,5.67,5571946
GMD,2026-07-12,5.66,5.95,5.66,5.88,14856206
GMD,2026-07-13,5.89,6.01,5.72,6.0,12276917
GMD,2026-07-14,6.04,6.06,5.86,5.9,7888231
GMD,2026-07-15,5.89,6.02,5.83,5.99,8592630
GMD,2026-07-16,5.81,5.81,5.56,5.56,12455643
GMD,2026-07-19,5.59,5.72,5.38,5.52,4738205
GMD,2026-07-20,5.6,5.8,5.47,5.76,7123962
GMD,2026-07-21,5.87,6.15,5.83,6.1,7199872
GMD,2026-07-22,6.2,6.32,6.14,6.14,6301529
GMD,2026-07-23,5.96,6.05,5.75,5.87,6512294
GMD,2026-07-26,6.07,6.3,6.02,6.15,5221199
GMD,2026-07-27,6.0,6.08,5.91,6.08,5224351
GMD,2026-07-28,6.02,6.06,5.92,5.99,4907012
GMD,2026-07-29,6.08,6.08,5.52,5.65,9886250
GMD,2026-07-30,5.89,5.98,5.71,5.71,7924582
GMD,2026-08-02,5.67,5.88,5.64,5.83,3968710
GMD,2026-08-03,5.85,6.0,5.77,5.95,10449339
GMD,2026-08-04,5.94,6.44,5.93,6.44,8820554
GMD,2026-08-05,6.73,6.94,6.7,6.72,10168763
GMD,2026-08-06,6.72,7.13,6.72,7.13,10555079
GMD,2026-08-09,7.35,7.36,7.01,7.33,9400110
GMD,2026-08-10,7.38,7.61,7.37,7.38,9287900
GMD,2026-08-11,7.27,7.51,7.24,7.5,6189552
GMD,2026-08-12,7.46,7.58,7.35,7.37,8853936
GMD,2026-08-13,7.15,7.25,7.08,7.18,7084599
GVR,2026-01-30,40850.0,41800.0,39650.0,39850.0,6315900
GVR,2026-02-02,40000.0,41800.0,39650.0,41800.0,8064000
GVR,2026-02-03,42000.0,43800.0,41000.0,42800.0,9200800
GVR,2026-02-04,42600.0,43000.0,40500.0,41700.0,6342400
GVR,2026-02-05,41700.0,41700.0,40000.0,40000.0,6209000
GVR,2026-02-06,39000.0,40850.0,38850.0,39000.0,5838700
GVR,2026-02-09,39500.0,39700.0,38600.0,38650.0,2801400
GVR,2026-02-10,38000.0,38900.0,35950.0,35950.0,10816400
GVR,2026-02-11,35950.0,36800.0,35200.0,35300.0,5445000
GVR,2026-02-12,36000.0,36200.0,35300.0,35350.0,2433900
GVR,2026-02-13,35500.0,36400.0,35100.0,36400.0,3173000
GVR,2026-02-23,37500.0,38900.0,37000.0,38900.0,2792600
GVR,2026-02-24,39550.0,40300.0,39050.0,39450.0,8201000
GVR,2026-02-25,39800.0,42200.0,39500.0,42200.0,11972300
GVR,2026-02-26,42600.0,42900.0,40050.0,40800.0,6612100
GVR,2026-02-27,40800.0,42300.0,39800.0,40000.0,6357900
GVR,2026-03-02,38800.0,42800.0,37500.0,42800.0,16546200
GVR,2026-03-03,44400.0,45750.0,41200.0,45750.0,11766100
GVR,2026-03-04,46000.0,46500.0,42800.0,43600.0,8585300
GVR,2026-03-05,42600.0,42900.0,40550.0,40550.0,7891200
GVR,2026-03-06,39650.0,41100.0,37750.0,37750.0,8579500
GVR,2026-03-09,35150.0,35150.0,35150.0,35150.0,1767500
GVR,2026-03-10,35150.0,36100.0,32700.0,33350.0,14546300
GVR,2026-03-11,33350.0,35650.0,33350.0,35650.0,4178200
GVR,2026-03-12,35700.0,37850.0,35100.0,35800.0,5803200
GVR,2026-03-13,35300.0,36050.0,33300.0,34000.0,7857500
GVR,2026-03-16,33300.0,34400.0,32500.0,33050.0,4862300
GVR,2026-03-17,33900.0,34100.0,33200.0,33300.0,2762700
GVR,2026-03-18,33050.0,34500.0,32950.0,34000.0,3530400
GVR,2026-03-19,33500.0,33500.0,32050.0,32450.0,4199100
GVR,2026-03-20,32400.0,32400.0,30700.0,30750.0,4793600
GVR,2026-03-23,29700.0,30500.0,28600.0,28600.0,5932600
GVR,2026-03-24,29300.0,29850.0,28600.0,28700.0,3819500
GVR,2026-03-25,29450.0,30500.0,29350.0,30500.0,3946500
GVR,2026-03-26,30250.0,30500.0,29650.0,30000.0,2429400
GVR,2026-03-27,30000.0,32100.0,30000.0,32100.0,4463000
GVR,2026-03-30,31200.0,33400.0,31150.0,33100.0,5368600
GVR,2026-03-31,33500.0,33500.0,31700.0,31700.0,3647100
GVR,2026-04-01,32500.0,33000.0,32300.0,32500.0,3228800
GVR,2026-04-02,31800.0,32650.0,31800.0,32100.0,2491400
GVR,2026-04-03,32100.0,32900.0,31500.0,32050.0,2702000
GVR,2026-04-06,31900.0,31900.0,30850.0,31450.0,1823400
GVR,2026-04-07,31600.0,31850.0,30500.0,31500.0,1758900
GVR,2026-04-08,32500.0,33400.0,32050.0,33200.0,3915600
GVR,2026-04-09,32700.0,33000.0,32350.0,32800.0,2438700
GVR,2026-04-10,32800.0,34100.0,32700.0,33650.0,4553100
GVR,2026-04-13,33000.0,34150.0,32600.0,32600.0,3696900
GVR,2026-04-14,33000.0,33100.0,32350.0,32700.0,2532000
GVR,2026-04-15,33100.0,33150.0,31900.0,33000.0,3427600
GVR,2026-04-16,32900.0,32950.0,32150.0,32200.0,2608700
GVR,2026-04-17,32400.0,34150.0,32250.0,33500.0,7670800
GVR,2026-04-20,33500.0,33750.0,32850.0,33000.0,2060200
GVR,2026-04-21,33000.0,33200.0,32450.0,32650.0,2498000
GVR,2026-04-22,32800.0,32800.0,32200.0,32750.0,1974400
GVR,2026-04-23,32900.0,33450.0,32100.0,32600.0,2807500
GVR,2026-04-24,32700.0,33500.0,32700.0,33350.0,3028100
GVR,2026-04-28,33300.0,33400.0,32300.0,33000.0,2409800
GVR,2026-04-29,32850.0,34300.0,32500.0,33700.0,4047300
GVR,2026-05-04,34200.0,36050.0,33800.0,36050.0,8648600
GVR,2026-05-05,36100.0,36450.0,34700.0,35200.0,3995600
GVR,2026-05-06,35300.0,35950.0,34900.0,35800.0,4387700
GVR,2026-05-07,35800.0,36900.0,35250.0,35850.0,5267800
GVR,2026-05-08,35850.0,36600.0,34950.0,35700.0,3718400
GVR,2026-05-11,35900.0,35900.0,34650.0,34750.0,4902100
GVR,2026-05-12,34800.0,36450.0,34200.0,36300.0,4448700
GVR,2026-05-13,36400.0,37800.0,36300.0,36800.0,6025700
GVR,2026-05-14,37100.0,37200.0,36100.0,36200.0,2812800
GVR,2026-05-15,36800.0,37850.0,36500.0,37750.0,6754600
GVR,2026-05-18,37700.0,40000.0,37000.0,39300.0,5789400
GVR,2026-05-19,39600.0,39600.0,36550.0,36550.0,8321000
GVR,2026-05-20,35950.0,37800.0,34000.0,37600.0,8781200
GVR,2026-05-21,37650.0,37950.0,36000.0,36200.0,2582700
GVR,2026-05-22,36500.0,36500.0,35200.0,35300.0,2908400
GVR,2026-05-25,34950.0,35300.0,34300.0,34300.0,2522300
GVR,2026-05-26,34650.0,35300.0,34350.0,35150.0,1557200
GVR,2026-05-27,35500.0,35500.0,34350.0,34800.0,2334400
GVR,2026-05-28,34550.0,35300.0,34250.0,34350.0,2688300
GVR,2026-05-29,34550.0,35000.0,33800.0,34900.0,3248500
GVR,2026-06-01,35250.0,35700.0,34850.0,35050.0,2044700
GVR,2026-06-02,35050.0,35050.0,34200.0,34600.0,1757800
GVR,2026-06-03,34250.0,35000.0,34250.0,34650.0,1330200
GVR,2026-06-04,34900.0,36000.0,34900.0,35350.0,2947200
GVR,2026-06-05,35600.0,35600.0,34700.0,34800.0,2075500
GVR,2026-06-08,34200.0,34750.0,33200.0,33500.0,4176100
GVR,2026-06-09,33250.0,33900.0,33000.0,33400.0,2036300
GVR,2026-06-10,33250.0,34100.0,33250.0,33950.0,1361500
GVR,2026-06-11,33500.0,35400.0,33500.0,35400.0,5014200
GVR,2026-06-12,35500.0,35600.0,34750.0,35000.0,1481200
GVR,2026-06-15,35400.0,35900.0,34950.0,35300.0,1964200
GVR,2026-06-16,35700.0,35800.0,35050.0,35300.0,1740800
GVR,2026-06-17,35400.0,35850.0,35200.0,35550.0,1940400
GVR,2026-06-18,35600.0,36200.0,35450.0,35550.0,2554000
GVR,2026-06-19,35550.0,35550.0,34600.0,35100.0,2075600
GVR,2026-06-22,35000.0,35100.0,34300.0,34500.0,2204200
GVR,2026-06-23,34700.0,34950.0,33500.0,33550.0,3035700
GVR,2026-06-24,33600.0,33750.0,32600.0,33650.0,2912800
GVR,2026-06-25,33650.0,33650.0,32900.0,33100.0,1238200
GVR,2026-06-26,32800.0,33200.0,32050.0,32100.0,2752100
GVR,2026-06-29,32100.0,32650.0,32050.0,32600.0,1216700
GVR,2026-06-30,32850.0,33100.0,32700.0,32800.0,1406600
GVR,2026-07-01,32900.0,33200.0,32800.0,33150.0,1373400
GVR,2026-07-02,33150.0,33600.0,33000.0,33000.0,1562700
GVR,2026-07-03,33000.0,33150.0,32500.0,32500.0,1487500
GVR,2026-07-06,32600.0,32650.0,30500.0,31000.0,2561300
GVR,2026-07-07,31000.0,31600.0,30600.0,31450.0,1970000
GVR,2026-07-08,31550.0,31850.0,31100.0,31500.0,1083200
GVR,2026-07-09,31700.0,32000.0,31500.0,31500.0,1088100
GVR,2026-07-10,31500.0,31600.0,30600.0,30600.0,1002000
GVR,2026-07-13,30700.0,30900.0,29300.0,29500.0,1978500
GVR,2026-07-14,29700.0,30600.0,29700.0,30500.0,1379100
GVR,2026-07-15,30600.0,30700.0,30000.0,30100.0,1005100
GVR,2026-07-16,30100.0,30450.0,29250.0,30250.0,1225400
GVR,2026-07-17,30400.0,30400.0,29600.0,29700.0,805000
GVR,2026-07-20,29700.0,29700.0,27900.0,27900.0,1635100
GVR,2026-07-21,27900.0,28400.0,27200.0,27350.0,993500
GVR,2026-07-22,27100.0,28150.0,27100.0,27150.0,1768300
GVR,2026-07-23,27550.0,27850.0,26100.0,27100.0,2528200
GVR,2026-07-24,27050.0,27100.0,26200.0,26200.0,1312600
GVR,2026-07-27,26300.0,26950.0,26000.0,26000.0,1547600
GVR,2026-07-28,25850.0,26850.0,25550.0,26350.0,1180100
GVR,2026-07-29,26500.0,26750.0,26300.0,26750.0,1239700
GVR,2026-07-30,26750.0,27900.0,26750.0,27550.0,1627200
GVR,2026-07-31,27900.0,28400.0,27500.0,27500.0,2216700
GVR,2026-08-03,27700.0,28500.0,27650.0,28200.0,1804000
GVR,2026-08-04,28300.0,28600.0,28050.0,28500.0,1402200
GVR,2026-08-05,28650.0,28750.0,28050.0,28150.0,1300700
GVR,2026-08-06,28150.0,28300.0,27750.0,27850.0,1138800
GVR,2026-08-07,28250.0,29750.0,28200.0,29750.0,2129200
GVR,2026-08-10,31800.0,31800.0,31100.0,31800.0,6118100
GVR,2026-08-11,31800.0,32200.0,31250.0,31400.0,2514400
GVR,2026-08-12,31400.0,32650.0,31300.0,32250.0,3730100
GVR,2026-08-13,32000.0,32900.0,31850.0,32650.0,4974900
GVR,2026-08-14,32250.0,32600.0,31200.0,31200.0,3662700
HAH,2026-01-30,54275.6,55332.29,54179.53,54275.6,1314033
HAH,2026-02-02,54467.72,56485.04,53795.28,56100.79,3335727
HAH,2026-02-03,56485.04,58598.43,56485.04,57061.42,3226320
HAH,2026-02-04,57637.8,58406.3,56773.23,56965.36,2039494
HAH,2026-02-05,57253.55,57541.74,55428.35,55428.35,1622789
HAH,2026-02-06,55236.22,56388.98,54755.91,55332.29,1739171
HAH,2026-02-09,55332.29,55908.67,54083.47,54371.66,1473199
HAH,2026-02-10,54755.91,54948.04,53987.41,54179.53,1231795
HAH,2026-02-11,54371.66,55812.6,54371.66,55524.41,1245120
HAH,2026-02-12,55716.54,56773.23,55236.22,55716.54,1260943
HAH,2026-02-13,55716.54,56869.3,55716.54,56196.86,1082102
HAH,2026-02-23,56773.23,57637.8,56485.04,57637.8,2249877
HAH,2026-02-24,57541.74,61288.19,57541.74,60135.44,6747446
HAH,2026-02-25,60039.38,60231.5,58982.68,60039.38,2679699
HAH,2026-02-26,60039.38,60519.69,58598.43,58982.68,2853752
HAH,2026-02-27,59270.87,61096.07,58310.24,60327.56,3701112
HAH,2026-03-02,64170.08,64458.27,61960.64,64458.27,11327566
HAH,2026-03-03,67628.35,68877.17,63401.58,68204.73,10677888
HAH,2026-03-04,68204.73,68685.04,63497.64,64362.21,9535617
HAH,2026-03-05,64554.34,64554.34,61096.07,61096.07,6163038
HAH,2026-03-06,60519.69,62921.26,60231.5,60519.69,3624184
HAH,2026-03-09,56869.3,57637.8,56292.92,56292.92,5849702
HAH,2026-03-10,56581.11,56965.36,52834.65,54083.47,5599658
HAH,2026-03-11,53891.34,57829.93,53891.34,57829.93,2915066
HAH,2026-03-12,57253.55,57829.93,55812.6,56004.73,1671194
HAH,2026-03-13,54755.91,56581.11,54371.66,54467.72,2338569
HAH,2026-03-16,54467.72,55236.22,53218.9,53795.28,2195121
HAH,2026-03-17,54563.78,55044.1,53987.41,54179.53,938342
HAH,2026-03-18,54083.47,55428.35,53987.41,55236.22,1235022
HAH,2026-03-19,54659.85,54659.85,53603.15,53795.28,958745
HAH,2026-03-20,53795.28,53891.34,51297.64,51297.64,2080926
HAH,2026-03-23,50048.82,50721.26,47743.31,47743.31,3071109
HAH,2026-03-24,48992.13,50048.82,48127.56,49952.76,1048062
HAH,2026-03-25,50433.08,51585.83,50144.89,51585.83,1273435
HAH,2026-03-26,51681.89,52546.46,50721.26,52354.34,1149245
HAH,2026-03-27,52354.34,53699.22,51874.02,53699.22,1119681
HAH,2026-03-30,51874.02,53795.28,51874.02,53795.28,832474
HAH,2026-03-31,54659.85,54659.85,53218.9,54467.72,1079291
HAH,2026-04-01,54755.91,54948.04,53795.28,54371.66,956039
HAH,2026-04-02,53987.41,54083.47,52354.34,52450.4,996533
HAH,2026-04-03,52066.15,53314.96,52066.15,52450.4,502586
HAH,2026-04-06,52834.65,53603.15,52450.4,53603.15,585969
HAH,2026-04-07,53699.22,53699.22,51874.02,52354.34,796248
HAH,2026-04-08,53987.41,54179.53,53026.78,54179.53,930326
HAH,2026-04-09,53795.28,53795.28,52930.71,53314.96,725669
HAH,2026-04-10,53314.96,54083.47,53218.9,53411.03,560673
HAH,2026-04-13,53314.96,53314.96,52450.4,52546.46,732123
HAH,2026-04-14,52930.71,53795.28,52738.59,52834.65,394532
HAH,2026-04-15,52930.71,53218.9,52258.27,52258.27,671642
HAH,2026-04-16,52258.27,53699.22,51874.02,51970.08,584928
HAH,2026-04-17,51585.83,52834.65,51585.83,52258.27,434818
HAH,2026-04-20,52834.65,52834.65,51874.02,51970.08,434714
HAH,2026-04-21,52066.15,52450.4,51201.58,51297.64,1108959
HAH,2026-04-22,51585.83,53795.28,51201.58,53795.28,1545027
HAH,2026-04-23,53314.96,55140.16,53026.78,54563.78,2634312
HAH,2026-04-24,54371.66,54563.78,53314.96,53891.34,693711
HAH,2026-04-28,53891.34,53987.41,52258.27,52546.46,711199
HAH,2026-04-29,53218.9,53218.9,52258.27,52930.71,289913
HAH,2026-05-04,53603.15,53795.28,53122.84,53314.96,343940
HAH,2026-05-05,53314.96,54755.91,53122.84,54467.72,1543049
HAH,2026-05-06,54563.78,54851.97,54371.66,54755.91,765539
HAH,2026-05-07,55140.16,56196.86,54275.6,54371.66,1505470
HAH,2026-05-08,54371.66,54755.91,53987.41,54275.6,546932
HAH,2026-05-11,54371.66,54659.85,54083.47,54179.53,992890
HAH,2026-05-12,54275.6,55620.48,54179.53,55428.35,1096780
HAH,2026-05-13,54179.53,55812.6,54179.53,55620.48,899409
HAH,2026-05-14,55236.22,55620.48,54755.91,55044.1,451058
HAH,2026-05-15,55236.22,55716.54,54659.85,55236.22,523406
HAH,2026-05-18,54948.04,55716.54,54659.85,55140.16,680803
HAH,2026-05-19,55044.1,55140.16,53218.9,53314.96,1877413
HAH,2026-05-20,53314.96,53795.28,52066.15,53507.09,611577
HAH,2026-05-21,54083.47,54083.47,52450.4,52930.71,347584
HAH,2026-05-22,53411.03,53507.09,52354.34,52354.34,428260
HAH,2026-05-25,53026.78,53026.78,52258.27,52258.27,275964
HAH,2026-05-26,52450.4,52450.4,51681.89,51970.08,648220
HAH,2026-05-27,52066.15,52834.65,51970.08,52546.46,510602
HAH,2026-05-28,52546.46,52738.59,51874.02,51874.02,401403
HAH,2026-05-29,51874.02,52354.34,51874.02,52258.27,371839
HAH,2026-06-01,52258.27,52546.46,51777.96,51777.96,244006
HAH,2026-06-02,51681.89,51874.02,50913.39,51297.64,647699
HAH,2026-06-03,51105.52,51970.08,49760.63,51009.45,421494
HAH,2026-06-04,51009.45,53411.03,51009.45,52834.65,1107398
HAH,2026-06-05,52834.65,53122.84,51874.02,51970.08,1251678
HAH,2026-06-08,51489.77,52642.52,51201.58,51777.96,249003
HAH,2026-06-09,51777.96,51777.96,50817.33,51585.83,531630
HAH,2026-06-10,51105.52,51585.83,50721.26,51201.58,673620
HAH,2026-06-11,50913.39,51777.96,50913.39,51585.83,426386
HAH,2026-06-12,51585.83,51585.83,50913.39,51201.58,718070
HAH,2026-06-15,51777.96,52642.52,51777.96,52354.34,586906
HAH,2026-06-16,52354.34,53795.28,52258.27,52546.46,717341
HAH,2026-06-17,52834.65,54083.47,52450.4,53314.96,1209518
HAH,2026-06-18,53314.96,53314.96,52162.21,52162.21,405879
HAH,2026-06-19,52738.59,52738.59,51681.89,51874.02,542560
HAH,2026-06-22,51681.89,51970.08,51201.58,51393.7,388599
HAH,2026-06-23,51393.7,51874.02,50721.26,50913.39,644368
HAH,2026-06-24,50913.39,51201.58,49088.19,50817.33,1284781
HAH,2026-06-25,51009.45,51201.58,50433.08,50433.08,566919
HAH,2026-06-26,50337.01,50817.33,49760.63,50817.33,722338
HAH,2026-06-29,50817.33,50817.33,49376.38,49952.76,934595
HAH,2026-06-30,49760.63,50625.2,49472.44,50144.89,841947
HAH,2026-07-01,50048.82,50337.01,49472.44,49472.44,579515
HAH,2026-07-02,49568.51,50048.82,49280.32,49472.44,696105
HAH,2026-07-03,49952.76,50433.08,49664.57,49856.7,307610
HAH,2026-07-06,49856.7,50433.08,48511.82,49280.32,1073462
HAH,2026-07-07,49280.32,50433.08,48703.94,49760.63,683301
HAH,2026-07-08,49856.7,50144.89,49376.38,49856.7,431591
HAH,2026-07-09,49952.76,50337.01,48127.56,48127.56,903677
HAH,2026-07-10,48896.07,49472.44,48511.82,49472.44,689651
HAH,2026-07-13,49952.76,49952.76,48223.63,48800.0,641974
HAH,2026-07-14,49000.0,49150.0,48550.0,48800.0,295000
HAH,2026-07-15,48500.0,48600.0,47400.0,47600.0,446200
HAH,2026-07-16,47300.0,47600.0,45300.0,47000.0,688400
HAH,2026-07-17,47500.0,47500.0,46100.0,46200.0,267700
HAH,2026-07-20,45800.0,46000.0,43200.0,44900.0,788400
HAH,2026-07-21,43800.0,45400.0,43350.0,44900.0,480100
HAH,2026-07-22,44250.0,44850.0,43500.0,44850.0,545200
HAH,2026-07-23,44000.0,45600.0,43050.0,45000.0,634800
HAH,2026-07-24,44500.0,45000.0,44100.0,45000.0,305100
HAH,2026-07-27,44750.0,44950.0,43750.0,44000.0,551900
HAH,2026-07-28,44000.0,44000.0,43100.0,43900.0,391200
HAH,2026-07-29,43350.0,44000.0,43350.0,43950.0,181900
HAH,2026-07-30,43950.0,45900.0,43950.0,45200.0,615000
HAH,2026-07-31,45600.0,45600.0,44750.0,45250.0,364300
HAH,2026-08-03,45300.0,46500.0,45300.0,46050.0,447100
HAH,2026-08-04,46300.0,46300.0,45750.0,46050.0,360400
HAH,2026-08-05,46500.0,46500.0,45200.0,45200.0,632700
HAH,2026-08-06,45250.0,47400.0,45050.0,46500.0,762100
HAH,2026-08-07,46500.0,46850.0,46100.0,46200.0,472900
HAH,2026-08-10,46200.0,47400.0,46000.0,46400.0,759100
HAH,2026-08-11,46650.0,46650.0,46100.0,46100.0,547700
HAH,2026-08-12,46050.0,46800.0,46050.0,46350.0,581900
HAH,2026-08-13,46500.0,46550.0,45800.0,45800.0,636100
HAH,2026-08-14,45950.0,47000.0,45600.0,45900.0,1167300
HCM,2026-01-30,20107.77,20192.61,19938.08,19980.51,12118277
HCM,2026-02-02,20022.93,20319.88,19725.98,20107.77,12872023
HCM,2026-02-03,20192.61,20574.41,20065.35,20277.46,14677713
HCM,2026-02-04,20489.56,21041.04,20319.88,20447.14,15146344
HCM,2026-02-05,20533.47,20533.47,19972.68,19972.68,8775998
HCM,2026-02-06,19800.13,19886.41,19411.89,19411.89,11928473
HCM,2026-02-09,19627.58,19972.68,19541.31,19756.99,4576176
HCM,2026-02-10,19756.99,19886.41,19584.44,19670.72,5143431
HCM,2026-02-11,19843.27,20317.78,19756.99,20188.37,8371942
HCM,2026-02-12,20274.64,20317.78,20102.09,20102.09,3779075
HCM,2026-02-13,20058.96,20619.74,20015.82,20360.92,7613322
HCM,2026-02-23,20576.61,20619.74,20360.92,20619.74,6860729
HCM,2026-02-24,20533.47,21007.98,20447.19,20792.29,14951246
HCM,2026-02-25,20749.16,21309.94,20662.88,20835.43,12962955
HCM,2026-02-26,20878.57,21094.26,20619.74,20835.43,8241313
HCM,2026-02-27,20835.43,21180.53,20662.88,20921.71,12045540
HCM,2026-03-02,19843.27,20792.29,19843.27,20145.23,18143709
HCM,2026-03-03,20188.37,20964.84,20188.37,20619.74,17131018
HCM,2026-03-04,20619.74,21396.22,20102.09,21223.67,26165609
HCM,2026-03-05,21568.77,22215.83,21137.39,21137.39,28567925
HCM,2026-03-06,21051.12,21051.12,20015.82,20145.23,20214064
HCM,2026-03-09,18764.83,18980.52,18764.83,18764.83,14406245
HCM,2026-03-10,19411.89,19411.89,18678.55,18980.52,22334838
HCM,2026-03-11,19023.66,19800.13,18851.1,19541.31,11105292
HCM,2026-03-12,19239.34,19455.03,18894.24,18937.38,10152642
HCM,2026-03-13,18721.69,19066.79,18592.28,18678.55,9651222
HCM,2026-03-16,18851.1,19239.34,18635.42,18764.83,5657021
HCM,2026-03-17,19066.79,19325.62,18851.1,18851.1,8357685
HCM,2026-03-18,18894.24,18980.52,18247.18,18506.0,9685647
HCM,2026-03-19,18204.04,18247.18,17686.39,17729.53,14869763
HCM,2026-03-20,17858.94,18074.63,17686.39,17686.39,7735605
HCM,2026-03-23,17470.7,17556.98,16478.54,16478.54,19518266
HCM,2026-03-24,16996.19,17427.57,16823.64,17039.33,8136880
HCM,2026-03-25,17513.84,18204.04,17384.43,18204.04,17501577
HCM,2026-03-26,18290.32,18980.52,18160.9,18764.83,20129914
HCM,2026-03-27,18807.97,19498.17,18635.42,19196.21,13109347
HCM,2026-03-30,18549.14,19368.76,18549.14,19239.34,13725516
HCM,2026-03-31,19411.89,19886.41,19239.34,19584.44,13005145
HCM,2026-04-01,19929.54,20533.47,19886.41,20274.64,22413656
HCM,2026-04-02,20015.82,20619.74,19929.54,20360.92,15827050
HCM,2026-04-03,20533.47,21223.67,20404.06,20835.43,31097160
HCM,2026-04-06,20706.02,21051.12,20274.64,20706.02,18780626
HCM,2026-04-07,20662.88,20964.84,20447.19,20921.71,10032445
HCM,2026-04-08,21568.77,22345.25,21180.53,21913.87,34995853
HCM,2026-04-09,21611.91,22000.15,21309.94,21741.32,13595814
HCM,2026-04-10,21913.87,22215.83,21568.77,21827.6,14500015
HCM,2026-04-13,21568.77,22647.21,21439.36,22345.25,22610005
HCM,2026-04-14,22560.93,22690.35,22172.7,22388.38,13411288
HCM,2026-04-15,22517.8,23380.55,22517.8,23164.86,38821175
HCM,2026-04-16,22949.17,23553.1,22862.9,23164.86,33086842
HCM,2026-04-17,23164.86,24200.16,23078.58,23294.27,28035789
HCM,2026-04-20,23208.0,24415.85,23208.0,24113.88,29046742
HCM,2026-04-21,24113.88,24502.12,23251.13,23553.1,16785843
HCM,2026-04-22,23553.1,23855.06,23337.41,23509.96,11647511
HCM,2026-04-23,23466.82,23725.65,22517.8,23121.72,16109286
HCM,2026-04-24,23078.58,23078.58,22604.07,22604.07,5244967
HCM,2026-04-28,22690.35,23380.55,22258.97,23078.58,8137691
HCM,2026-04-29,23121.72,23337.41,22949.17,23078.58,3871685
HCM,2026-05-04,23251.13,23337.41,22733.48,22733.48,4884492
HCM,2026-05-05,22604.07,23078.58,22431.52,22949.17,5726798
HCM,2026-05-06,22949.17,24545.26,22949.17,24545.26,30430224
HCM,2026-05-07,24545.26,24717.81,24027.61,24329.57,7746617
HCM,2026-05-08,24200.16,24545.26,23337.41,24113.88,16222297
HCM,2026-05-11,24157.02,24415.85,23682.51,23768.78,9001788
HCM,2026-05-12,23509.96,24372.71,23509.96,23898.2,7823000
HCM,2026-05-13,24157.02,24890.36,23898.2,24588.4,14438468
HCM,2026-05-14,24588.4,24890.36,24286.43,24372.71,10612914
HCM,2026-05-15,24502.12,24933.5,24286.43,24804.09,10649541
HCM,2026-05-18,24588.4,25796.25,24458.98,25537.42,20270163
HCM,2026-05-19,25494.29,26270.76,25494.29,25882.52,17870745
HCM,2026-05-20,25882.52,25968.8,24588.4,25537.42,13991178
HCM,2026-05-21,25580.56,25580.56,24933.5,24933.5,3938564
HCM,2026-05-22,24760.95,25278.6,24113.88,24588.4,11579705
HCM,2026-05-25,24502.12,24760.95,24286.43,24286.43,2708893
HCM,2026-05-26,24329.57,24545.26,23898.2,23984.47,5912135
HCM,2026-05-27,23941.33,23984.47,23466.82,23725.65,9270579
HCM,2026-05-28,23639.37,24113.88,23466.82,23768.78,5032507
HCM,2026-05-29,23898.2,24286.43,23639.37,23682.51,4330103
HCM,2026-06-01,23639.37,23811.92,23208.0,23423.68,4559138
HCM,2026-06-02,23553.1,23553.1,22992.31,22992.31,5033550
HCM,2026-06-03,22906.03,23725.65,22906.03,23553.1,5428450
HCM,2026-06-04,23553.1,23596.23,23337.41,23596.23,2801851
HCM,2026-06-05,23768.78,23768.78,23294.27,23294.27,2739029
HCM,2026-06-08,23294.27,23855.06,22862.9,23596.23,10613377
HCM,2026-06-09,23682.51,23725.65,23035.45,23682.51,3317644
HCM,2026-06-10,23553.1,24200.16,23423.68,23984.47,4686637
HCM,2026-06-11,23639.37,24070.75,23596.23,23682.51,2207126
HCM,2026-06-12,24157.02,24157.02,23208.0,23294.27,4811586
HCM,2026-06-15,23725.65,24113.88,23553.1,23682.51,4467338
HCM,2026-06-16,23682.51,24113.88,23553.1,24027.61,5159659
HCM,2026-06-17,24070.75,24286.43,23725.65,23725.65,3520251
HCM,2026-06-18,23898.2,24847.22,23639.37,24545.26,7805034
HCM,2026-06-19,24545.26,24674.67,23984.47,24372.71,3144476
HCM,2026-06-22,24588.4,24631.54,24243.3,24458.98,2607589
HCM,2026-06-23,24502.12,24588.4,23725.65,23768.78,5987708
HCM,2026-06-24,23725.65,23768.78,23121.72,23294.27,5253660
HCM,2026-06-25,23294.27,23682.51,23208.0,23251.13,2105474
HCM,2026-06-26,23208.0,23423.68,23164.86,23208.0,2134567
HCM,2026-06-29,23294.27,23380.55,23251.13,23251.13,1794492
HCM,2026-06-30,23294.27,23768.78,23251.13,23466.82,3613789
HCM,2026-07-01,23725.65,24415.85,23596.23,24243.3,5363541
HCM,2026-07-02,24243.3,25062.91,24243.3,25019.77,13226414
HCM,2026-07-03,25019.77,25149.19,24588.4,24631.54,5495561
HCM,2026-07-06,24847.22,24890.36,23423.68,23984.47,7026014
HCM,2026-07-07,23898.2,25019.77,23811.92,24674.67,4590549
HCM,2026-07-08,24717.81,24804.09,24329.57,24329.57,4735898
HCM,2026-07-09,24200.16,24717.81,24157.02,24243.3,6041489
HCM,2026-07-10,24329.57,24588.4,23984.47,23984.47,4997387
HCM,2026-07-13,23941.33,23941.33,22949.17,23811.92,9992688
HCM,2026-07-14,23509.96,23855.06,23294.27,23380.55,4125525
HCM,2026-07-15,23121.72,23380.55,23078.58,23294.27,11506103
HCM,2026-07-16,23400.0,24900.0,23300.0,24900.0,10218000
HCM,2026-07-17,25000.0,26300.0,25000.0,25400.0,8596000
HCM,2026-07-20,25400.0,25800.0,24300.0,25750.0,9004200
HCM,2026-07-21,25500.0,25750.0,24750.0,25750.0,4415200
HCM,2026-07-22,25850.0,26000.0,25300.0,25300.0,5463100
HCM,2026-07-23,25800.0,26200.0,24100.0,25950.0,9829400
HCM,2026-07-24,25900.0,25900.0,25050.0,25600.0,2324900
HCM,2026-07-27,25650.0,25650.0,24500.0,25000.0,4502000
HCM,2026-07-28,24600.0,25500.0,24200.0,25300.0,5334100
HCM,2026-07-29,25300.0,25400.0,24800.0,25250.0,2366700
HCM,2026-07-30,25200.0,25900.0,24950.0,25700.0,5643000
HCM,2026-07-31,25700.0,25750.0,25000.0,25000.0,3965800
HCM,2026-08-03,25050.0,25450.0,24950.0,25150.0,4156200
HCM,2026-08-04,25250.0,25250.0,24900.0,25100.0,2499000
HCM,2026-08-05,25250.0,26250.0,25200.0,25550.0,9122500
HCM,2026-08-06,25550.0,26000.0,25350.0,25450.0,2800800
HCM,2026-08-07,25300.0,25800.0,25300.0,25350.0,2901100
HCM,2026-08-10,25400.0,26000.0,25250.0,25950.0,5487100
HCM,2026-08-11,26150.0,27350.0,26100.0,26500.0,9908700
HCM,2026-08-12,26650.0,26650.0,26150.0,26150.0,3313700
HCM,2026-08-13,26100.0,26500.0,25700.0,25700.0,6148600
HCM,2026-08-14,25700.0,25800.0,25200.0,25200.0,5071800
HDB,2026-01-30,27900.0,28400.0,27800.0,28300.0,15990600
HDB,2026-02-02,28000.0,28250.0,27250.0,27800.0,16113700
HDB,2026-02-03,27900.0,28000.0,27350.0,27550.0,20463600
HDB,2026-02-04,27550.0,27600.0,27200.0,27550.0,13382500
HDB,2026-02-05,27550.0,27900.0,27250.0,27550.0,17052600
HDB,2026-02-06,27200.0,27500.0,26500.0,26500.0,27190700
HDB,2026-02-09,26750.0,26800.0,26250.0,26800.0,13142300
HDB,2026-02-10,26850.0,26900.0,26000.0,26800.0,12368700
HDB,2026-02-11,26750.0,27950.0,26650.0,27800.0,29253800
HDB,2026-02-12,27850.0,28000.0,27650.0,27850.0,9614300
HDB,2026-02-13,27750.0,28200.0,27700.0,28200.0,14478600
HDB,2026-02-23,28300.0,28500.0,28050.0,28200.0,10138800
HDB,2026-02-24,28100.0,28500.0,27750.0,28500.0,22582600
HDB,2026-02-25,28500.0,28850.0,28200.0,28450.0,18493700
HDB,2026-02-26,28500.0,28550.0,27950.0,28400.0,14130400
HDB,2026-02-27,28400.0,28400.0,27950.0,27950.0,13120700
HDB,2026-03-02,27300.0,27650.0,26950.0,26950.0,23024400
HDB,2026-03-03,27000.0,27100.0,26300.0,26500.0,19337900
HDB,2026-03-04,26400.0,26600.0,25700.0,26350.0,17900500
HDB,2026-03-05,26500.0,26600.0,25950.0,25950.0,18266100
HDB,2026-03-06,25900.0,26200.0,25600.0,25900.0,11697700
HDB,2026-03-09,24100.0,25500.0,24100.0,24100.0,28176000
HDB,2026-03-10,25000.0,25750.0,24600.0,25150.0,24488200
HDB,2026-03-11,25150.0,26000.0,24950.0,25750.0,14822800
HDB,2026-03-12,25300.0,25750.0,25100.0,25700.0,11637800
HDB,2026-03-13,25300.0,25750.0,25200.0,25600.0,8896300
HDB,2026-03-16,25500.0,25650.0,25200.0,25600.0,6905100
HDB,2026-03-17,25700.0,26200.0,25650.0,25700.0,11718400
HDB,2026-03-18,25700.0,26000.0,25250.0,25700.0,9744800
HDB,2026-03-19,25500.0,25700.0,25250.0,25650.0,13069900
HDB,2026-03-20,25500.0,25500.0,24900.0,25000.0,12201400
HDB,2026-03-23,24750.0,24750.0,23800.0,24300.0,24481200
HDB,2026-03-24,24500.0,24900.0,24250.0,24300.0,13461800
HDB,2026-03-25,24500.0,25000.0,24500.0,24900.0,11108800
HDB,2026-03-26,24950.0,25000.0,24500.0,24550.0,9142400
HDB,2026-03-27,24600.0,25350.0,24550.0,25300.0,14613100
HDB,2026-03-30,24800.0,25300.0,24550.0,25200.0,14532900
HDB,2026-03-31,25100.0,25500.0,25000.0,25450.0,17460200
HDB,2026-04-01,25800.0,26000.0,25600.0,25600.0,13765700
HDB,2026-04-02,25600.0,25650.0,25250.0,25600.0,13794100
HDB,2026-04-03,25650.0,25700.0,25150.0,25600.0,13990500
HDB,2026-04-06,25500.0,25700.0,25250.0,25600.0,13406100
HDB,2026-04-07,25550.0,25550.0,25050.0,25100.0,14276900
HDB,2026-04-08,25700.0,26500.0,25550.0,26350.0,23664600
HDB,2026-04-09,26250.0,26250.0,25900.0,26050.0,9923000
HDB,2026-04-10,26350.0,26700.0,26150.0,26150.0,10812000
HDB,2026-04-13,26000.0,26150.0,25750.0,25900.0,9426200
HDB,2026-04-14,26150.0,26450.0,26050.0,26100.0,11232700
HDB,2026-04-15,26400.0,26500.0,26150.0,26350.0,11295700
HDB,2026-04-16,26350.0,26400.0,26100.0,26100.0,7878000
HDB,2026-04-17,26300.0,26500.0,26050.0,26200.0,12053200
HDB,2026-04-20,26200.0,26950.0,26200.0,26900.0,19167600
HDB,2026-04-21,27000.0,27100.0,26650.0,26700.0,9480200
HDB,2026-04-22,26600.0,26700.0,26250.0,26550.0,11107400
HDB,2026-04-23,26500.0,26950.0,26350.0,26600.0,10532500
HDB,2026-04-24,26650.0,27000.0,26500.0,26900.0,14997400
HDB,2026-04-28,26700.0,26950.0,26600.0,26600.0,7827300
HDB,2026-04-29,26550.0,26600.0,26200.0,26600.0,10196800
HDB,2026-05-04,26600.0,26750.0,26450.0,26500.0,6985200
HDB,2026-05-05,26400.0,26500.0,26000.0,26400.0,10206900
HDB,2026-05-06,26450.0,26750.0,26350.0,26600.0,13555700
HDB,2026-05-07,26650.0,27800.0,26650.0,27500.0,29836500
HDB,2026-05-08,27500.0,27600.0,27250.0,27350.0,10899600
HDB,2026-05-11,27350.0,27500.0,26900.0,26900.0,11526600
HDB,2026-05-12,26900.0,27450.0,26800.0,27350.0,12280300
HDB,2026-05-13,27400.0,27800.0,27250.0,27700.0,16286000
HDB,2026-05-14,27750.0,28100.0,27600.0,27800.0,13977800
HDB,2026-05-15,27850.0,28100.0,27500.0,27550.0,13065500
HDB,2026-05-18,27350.0,27550.0,27150.0,27450.0,10510600
HDB,2026-05-19,27500.0,27500.0,26650.0,26700.0,14045500
HDB,2026-05-20,26450.0,26500.0,25150.0,25800.0,19024500
HDB,2026-05-21,26000.0,26250.0,25750.0,25850.0,10622300
HDB,2026-05-22,25850.0,25900.0,25600.0,25850.0,7651700
HDB,2026-05-25,25900.0,26600.0,25900.0,26400.0,12112000
HDB,2026-05-26,26400.0,26650.0,26250.0,26500.0,8573600
HDB,2026-05-27,26600.0,26700.0,26250.0,26700.0,10431600
HDB,2026-05-28,26750.0,27000.0,25850.0,25850.0,15591700
HDB,2026-05-29,25850.0,26000.0,25550.0,25900.0,14130900
HDB,2026-06-01,25850.0,25850.0,25650.0,25750.0,6492100
HDB,2026-06-02,25750.0,25750.0,24900.0,24900.0,14726000
HDB,2026-06-03,24900.0,25600.0,24800.0,25200.0,10671100
HDB,2026-06-04,25300.0,25500.0,25000.0,25450.0,6622800
HDB,2026-06-05,25500.0,25550.0,25250.0,25500.0,6811600
HDB,2026-06-08,25250.0,25250.0,24950.0,25100.0,6508900
HDB,2026-06-09,25200.0,25300.0,25100.0,25100.0,6205100
HDB,2026-06-10,25200.0,25450.0,25100.0,25300.0,7331700
HDB,2026-06-11,25250.0,25350.0,25050.0,25100.0,4989700
HDB,2026-06-12,25350.0,25400.0,25000.0,25200.0,8151600
HDB,2026-06-15,25400.0,25400.0,25100.0,25200.0,8187000
HDB,2026-06-16,25350.0,25350.0,25100.0,25250.0,9770800
HDB,2026-06-17,25250.0,25400.0,25000.0,25250.0,9778100
HDB,2026-06-18,25300.0,25400.0,25100.0,25150.0,6607400
HDB,2026-06-19,25150.0,25200.0,24950.0,25150.0,8990000
HDB,2026-06-22,25100.0,25300.0,25000.0,25250.0,6448700
HDB,2026-06-23,25300.0,26100.0,25200.0,25650.0,18110700
HDB,2026-06-24,25650.0,25750.0,25400.0,25700.0,8182000
HDB,2026-06-25,25700.0,26000.0,25600.0,25600.0,9201800
HDB,2026-06-26,25550.0,25650.0,25250.0,25400.0,7697500
HDB,2026-06-29,25400.0,25800.0,25400.0,25800.0,8446300
HDB,2026-06-30,25900.0,26000.0,25800.0,25850.0,9491800
HDB,2026-07-01,25850.0,26750.0,25850.0,26600.0,20462000
HDB,2026-07-02,26650.0,26700.0,26450.0,26600.0,7855100
HDB,2026-07-03,26700.0,26950.0,26500.0,26950.0,16241300
HDB,2026-07-06,26900.0,27400.0,26750.0,27200.0,17386600
HDB,2026-07-07,27100.0,27800.0,27100.0,27700.0,18795400
HDB,2026-07-08,27700.0,27750.0,27400.0,27550.0,7623800
HDB,2026-07-09,27400.0,27500.0,27150.0,27300.0,7072900
HDB,2026-07-10,27100.0,27450.0,27000.0,27000.0,11150500
HDB,2026-07-13,26800.0,26850.0,26000.0,26700.0,15616400
HDB,2026-07-14,26550.0,26800.0,26250.0,26800.0,9627000
HDB,2026-07-15,27000.0,27000.0,26250.0,26350.0,8384000
HDB,2026-07-16,26300.0,27150.0,26050.0,27150.0,13607200
HDB,2026-07-17,27100.0,27400.0,26850.0,27250.0,9883200
HDB,2026-07-20,27150.0,27250.0,26500.0,26850.0,15270800
HDB,2026-07-21,26850.0,27000.0,26600.0,26950.0,11346700
HDB,2026-07-22,27000.0,27100.0,25400.0,25800.0,20862800
HDB,2026-07-23,25800.0,25950.0,25150.0,25950.0,11625200
HDB,2026-07-24,25750.0,25850.0,25450.0,25850.0,7790800
HDB,2026-07-27,25800.0,26000.0,25300.0,25300.0,8996000
HDB,2026-07-28,25150.0,25300.0,24450.0,25100.0,11492300
HDB,2026-07-29,25050.0,25550.0,24500.0,25500.0,12884000
HDB,2026-07-30,25400.0,25900.0,25150.0,25700.0,8988900
HDB,2026-07-31,25700.0,25800.0,25200.0,25200.0,8862700
HDB,2026-08-03,25300.0,26000.0,25250.0,26000.0,7651800
HDB,2026-08-04,26100.0,26750.0,25900.0,26700.0,11276100
HDB,2026-08-05,26750.0,26750.0,26200.0,26550.0,9378200
HDB,2026-08-06,26550.0,26650.0,26250.0,26550.0,7703200
HDB,2026-08-07,26500.0,26900.0,26300.0,26550.0,9863000
HDB,2026-08-10,26650.0,27000.0,26350.0,26950.0,10622700
HDB,2026-08-11,26950.0,27100.0,26800.0,26900.0,8298300
HDB,2026-08-12,26900.0,27400.0,26650.0,27200.0,12857900
HDB,2026-08-13,27300.0,27600.0,26700.0,26700.0,10389500
HDB,2026-08-14,26750.0,26900.0,26200.0,26450.0,8262000
HPG,2026-01-30,24372.67,24551.23,23881.65,23926.29,45429748
HPG,2026-02-02,23926.29,23926.29,23435.26,23703.09,49311927
HPG,2026-02-03,23792.37,24194.12,23792.37,23881.65,35876915
HPG,2026-02-04,23970.92,25533.27,23970.92,25265.44,162883834
HPG,2026-02-05,25265.44,25310.08,24595.86,24595.86,36837071
HPG,2026-02-06,24417.31,25086.89,23926.29,23926.29,75128938
HPG,2026-02-09,24149.48,24372.67,23837.01,23881.65,27230249
HPG,2026-02-10,24015.56,24060.2,23569.18,23703.09,36452090
HPG,2026-02-11,23792.37,24194.12,23658.45,23970.92,29677459
HPG,2026-02-12,24104.84,24194.12,23881.65,24015.56,14714845
HPG,2026-02-13,24015.56,24238.76,23926.29,23970.92,26960751
HPG,2026-02-23,24194.12,24551.23,24194.12,24551.23,40420742
HPG,2026-02-24,24551.23,25354.72,24417.31,25265.44,111448744
HPG,2026-02-25,25354.72,26515.32,25354.72,26158.21,152792902
HPG,2026-02-26,26336.77,26381.41,25711.83,26247.49,61042248
HPG,2026-02-27,26202.85,26247.49,25711.83,25711.83,52988342
HPG,2026-03-02,25176.17,26113.58,25042.25,25444.0,97345140
HPG,2026-03-03,25711.83,25756.47,24640.5,24729.78,77616807
HPG,2026-03-04,24640.5,24863.7,23926.29,24729.78,76475866
HPG,2026-03-05,24952.97,25131.53,24194.12,24328.03,53763904
HPG,2026-03-06,24104.84,24640.5,23970.92,24328.03,49678650
HPG,2026-03-09,22765.68,23345.98,22631.77,22631.77,135512675
HPG,2026-03-10,23926.29,24194.12,23345.98,24194.12,102194756
HPG,2026-03-11,24238.76,24685.14,24060.2,24461.95,55908125
HPG,2026-03-12,24104.84,24238.76,23792.37,23926.29,49336121
HPG,2026-03-13,23837.01,24283.39,23658.45,23792.37,32109547
HPG,2026-03-16,23792.37,24060.2,23703.09,23881.65,22268175
HPG,2026-03-17,24104.84,24417.31,24015.56,24015.56,27080043
HPG,2026-03-18,24015.56,24238.76,23792.37,23926.29,25827987
HPG,2026-03-19,23658.45,23970.92,23524.54,23837.01,41261718
HPG,2026-03-20,23658.45,23703.09,23122.79,23122.79,68198612
HPG,2026-03-23,22899.6,23390.62,22542.49,22765.68,49691195
HPG,2026-03-24,23212.07,23479.9,23078.15,23167.43,31115228
HPG,2026-03-25,23479.9,23569.18,23301.34,23524.54,25725609
HPG,2026-03-26,23479.9,23524.54,23122.79,23122.79,20637075
HPG,2026-03-27,23167.43,23837.01,23078.15,23658.45,30090218
HPG,2026-03-30,23345.98,24194.12,23167.43,24015.56,46233649
HPG,2026-03-31,24149.48,24328.03,23926.29,24015.56,26381880
HPG,2026-04-01,24417.31,24506.59,24194.12,24238.76,35287515
HPG,2026-04-02,24104.84,24551.23,23881.65,24417.31,56011735
HPG,2026-04-03,24417.31,24461.95,23747.73,23792.37,35152654
HPG,2026-04-06,23792.37,24194.12,23747.73,23970.92,22119985
HPG,2026-04-07,23926.29,24194.12,23881.65,23926.29,14745760
HPG,2026-04-08,24551.23,25042.25,24461.95,24997.61,75771431
HPG,2026-04-09,24908.33,25533.27,24685.14,25220.8,57806035
HPG,2026-04-10,25533.27,25533.27,24997.61,24997.61,39734004
HPG,2026-04-13,24863.7,25131.53,24819.06,24819.06,25768286
HPG,2026-04-14,25086.89,25711.83,24952.97,25488.64,69372932
HPG,2026-04-15,25622.55,25667.19,25042.25,25042.25,33326768
HPG,2026-04-16,25042.25,25176.17,24774.42,24952.97,31331745
HPG,2026-04-17,24952.97,25220.8,24908.33,24997.61,23969730
HPG,2026-04-20,25131.53,25399.36,25042.25,25399.36,29617533
HPG,2026-04-21,26024.3,26292.13,25444.0,25488.64,111615640
HPG,2026-04-22,25488.64,25622.55,25042.25,25176.17,31078041
HPG,2026-04-23,25176.17,25310.08,24640.5,24819.06,46074370
HPG,2026-04-24,24908.33,24952.97,24551.23,24908.33,26212744
HPG,2026-04-28,24819.06,24997.61,24729.78,24774.42,15761585
HPG,2026-04-29,24685.14,24908.33,24640.5,24774.42,19309748
HPG,2026-05-04,24774.42,24952.97,24461.95,24640.5,36262680
HPG,2026-05-05,24685.14,24729.78,24283.39,24372.67,34379220
HPG,2026-05-06,24461.95,24819.06,24372.67,24640.5,30995601
HPG,2026-05-07,24819.06,24908.33,24640.5,24774.42,22792049
HPG,2026-05-08,24774.42,24908.33,24595.86,24863.7,23161797
HPG,2026-05-11,24999.98,24999.98,24545.43,24545.43,26023936
HPG,2026-05-12,24545.43,24727.25,24409.07,24454.52,21088011
HPG,2026-05-13,24499.98,24772.7,24363.61,24636.34,23699193
HPG,2026-05-14,24818.16,24909.07,24590.88,24590.88,15451825
HPG,2026-05-15,24590.88,24636.34,24045.43,24136.34,83422103
HPG,2026-05-18,24090.88,24272.7,23863.61,24045.43,30234080
HPG,2026-05-19,24090.88,24227.25,23863.61,23863.61,27623117
HPG,2026-05-20,23909.07,23999.98,23409.07,23818.16,45082225
HPG,2026-05-21,23954.52,24272.7,23909.07,24136.34,33618783
HPG,2026-05-22,24181.79,24227.25,23954.52,23954.52,28373428
HPG,2026-05-25,24250.0,24350.0,24100.0,24100.0,26989100
HPG,2026-05-26,24100.0,24250.0,24000.0,24250.0,20723700
HPG,2026-05-27,24400.0,24500.0,24150.0,24150.0,23114500
HPG,2026-05-28,24150.0,24250.0,24000.0,24000.0,15668300
HPG,2026-05-29,24050.0,24200.0,23900.0,24000.0,16365900
HPG,2026-06-01,24000.0,24150.0,23950.0,24050.0,9668300
HPG,2026-06-02,24000.0,24050.0,23700.0,23700.0,25529600
HPG,2026-06-03,23700.0,24150.0,23600.0,24150.0,20573500
HPG,2026-06-04,24150.0,24150.0,23900.0,23950.0,10065300
HPG,2026-06-05,23950.0,24050.0,23750.0,23750.0,13891200
HPG,2026-06-08,23650.0,23750.0,23300.0,23300.0,22769900
HPG,2026-06-09,23350.0,23550.0,23300.0,23550.0,12441700
HPG,2026-06-10,23550.0,23700.0,23450.0,23600.0,7505500
HPG,2026-06-11,23500.0,23550.0,23300.0,23300.0,10177700
HPG,2026-06-12,23550.0,23550.0,23200.0,23200.0,13271400
HPG,2026-06-15,23550.0,24350.0,23550.0,24350.0,30695200
HPG,2026-06-16,24250.0,24350.0,24100.0,24200.0,14145800
HPG,2026-06-17,24200.0,24300.0,24000.0,24000.0,19039000
HPG,2026-06-18,24050.0,24150.0,23650.0,23650.0,18040500
HPG,2026-06-19,23800.0,23900.0,23600.0,23600.0,20055700
HPG,2026-06-22,23700.0,23850.0,23600.0,23600.0,10684400
HPG,2026-06-23,23650.0,23700.0,23300.0,23300.0,29071800
HPG,2026-06-24,23400.0,23600.0,23300.0,23500.0,12927300
HPG,2026-06-25,23500.0,23600.0,23400.0,23400.0,7659100
HPG,2026-06-26,23400.0,23500.0,23350.0,23500.0,15468600
HPG,2026-06-29,23550.0,23650.0,23450.0,23650.0,14158200
HPG,2026-06-30,23700.0,23700.0,23250.0,23300.0,30593200
HPG,2026-07-01,23400.0,23550.0,23350.0,23450.0,14937400
HPG,2026-07-02,23500.0,23650.0,23350.0,23400.0,13367500
HPG,2026-07-03,23400.0,23500.0,23250.0,23250.0,15935100
HPG,2026-07-06,23400.0,23600.0,23000.0,23100.0,21299300
HPG,2026-07-07,23200.0,23250.0,23000.0,23100.0,13839600
HPG,2026-07-08,23150.0,23400.0,23050.0,23200.0,12499500
HPG,2026-07-09,23200.0,23250.0,23100.0,23200.0,11643400
HPG,2026-07-10,23200.0,23250.0,22950.0,22950.0,11906800
HPG,2026-07-13,22950.0,22950.0,22350.0,22400.0,32309000
HPG,2026-07-14,22300.0,22500.0,22000.0,22500.0,22481900
HPG,2026-07-15,22500.0,22600.0,22150.0,22400.0,21464500
HPG,2026-07-16,22300.0,22400.0,21800.0,22200.0,22880600
HPG,2026-07-17,22200.0,22350.0,21850.0,21850.0,17006300
HPG,2026-07-20,21750.0,21750.0,20500.0,20600.0,53245200
HPG,2026-07-21,20500.0,21150.0,20500.0,20800.0,27198700
HPG,2026-07-22,20900.0,21050.0,20500.0,20700.0,43471900
HPG,2026-07-23,20700.0,21000.0,20150.0,20800.0,36967600
HPG,2026-07-24,20700.0,21000.0,20600.0,20800.0,17632000
HPG,2026-07-27,20900.0,21000.0,20300.0,20350.0,18166800
HPG,2026-07-28,20150.0,21000.0,20100.0,21000.0,29151700
HPG,2026-07-29,21050.0,21650.0,20900.0,21650.0,36250000
HPG,2026-07-30,21650.0,22050.0,21500.0,21800.0,29968000
HPG,2026-07-31,21800.0,21850.0,21400.0,21700.0,24111500
HPG,2026-08-03,21700.0,22650.0,21650.0,22550.0,44448000
HPG,2026-08-04,22550.0,22600.0,22100.0,22150.0,22694000
HPG,2026-08-05,22350.0,22600.0,21950.0,22000.0,27963700
HPG,2026-08-06,22250.0,22300.0,21850.0,21850.0,14369400
HPG,2026-08-07,21900.0,22300.0,21750.0,22000.0,13018100
HPG,2026-08-10,22250.0,22300.0,21950.0,22100.0,16732700
HPG,2026-08-11,22200.0,22250.0,22050.0,22050.0,13694600
HPG,2026-08-12,22000.0,22350.0,21950.0,22100.0,15925100
HPG,2026-08-13,22200.0,22250.0,21700.0,21700.0,25702700
HPG,2026-08-14,21700.0,21800.0,21200.0,21250.0,27443600
KDH,2026-01-30,27100.0,28000.0,26850.0,27500.0,11299600
KDH,2026-02-02,27600.0,27600.0,26500.0,27200.0,5167100
KDH,2026-02-03,27400.0,27400.0,26500.0,26850.0,6314100
KDH,2026-02-04,26900.0,27100.0,26450.0,26850.0,5915200
KDH,2026-02-05,27100.0,27200.0,26600.0,26600.0,3311800
KDH,2026-02-06,26400.0,26400.0,25400.0,25400.0,7494700
KDH,2026-02-09,25900.0,26950.0,25750.0,26550.0,6905800
KDH,2026-02-10,26550.0,27600.0,26550.0,27600.0,8868300
KDH,2026-02-11,27650.0,28750.0,27600.0,28550.0,9648800
KDH,2026-02-12,28450.0,28700.0,27950.0,28500.0,3821800
KDH,2026-02-13,28100.0,28400.0,28000.0,28300.0,3358900
KDH,2026-02-23,28300.0,28300.0,27450.0,28000.0,3189000
KDH,2026-02-24,27750.0,28400.0,27750.0,28250.0,3703000
KDH,2026-02-25,28350.0,28350.0,27600.0,27950.0,4614100
KDH,2026-02-26,28000.0,28150.0,27800.0,28000.0,2916900
KDH,2026-02-27,28100.0,28250.0,27200.0,27250.0,4380200
KDH,2026-03-02,26150.0,27450.0,26150.0,27150.0,8036700
KDH,2026-03-03,27200.0,27500.0,27000.0,27300.0,4705900
KDH,2026-03-04,27100.0,27200.0,25500.0,26250.0,6483800
KDH,2026-03-05,26700.0,27450.0,26500.0,26750.0,9013400
KDH,2026-03-06,26800.0,27000.0,25650.0,25700.0,4142300
KDH,2026-03-09,23950.0,24400.0,23950.0,23950.0,3789600
KDH,2026-03-10,24500.0,25350.0,24000.0,25050.0,7378700
KDH,2026-03-11,25100.0,26500.0,24900.0,25750.0,6061900
KDH,2026-03-12,25700.0,25800.0,25050.0,25600.0,2316000
KDH,2026-03-13,25300.0,26700.0,25150.0,26000.0,5708700
KDH,2026-03-16,26200.0,26750.0,25900.0,26200.0,3573400
KDH,2026-03-17,26500.0,26500.0,26100.0,26200.0,2792700
KDH,2026-03-18,26200.0,26250.0,25800.0,26200.0,2166500
KDH,2026-03-19,25700.0,26650.0,25550.0,26250.0,3792700
KDH,2026-03-20,26150.0,26400.0,25500.0,25500.0,3900700
KDH,2026-03-23,25600.0,25600.0,23850.0,24000.0,4659400
KDH,2026-03-24,24500.0,25450.0,24350.0,25000.0,5635600
KDH,2026-03-25,25400.0,26200.0,25150.0,25850.0,5073300
KDH,2026-03-26,26050.0,26100.0,25350.0,25450.0,2692100
KDH,2026-03-27,25450.0,26500.0,25300.0,26400.0,4704200
KDH,2026-03-30,25700.0,26250.0,25650.0,26050.0,4370900
KDH,2026-03-31,26400.0,26400.0,25750.0,26000.0,4193600
KDH,2026-04-01,26450.0,26800.0,26250.0,26500.0,4925000
KDH,2026-04-02,26300.0,26450.0,26000.0,26150.0,3032100
KDH,2026-04-03,26150.0,26300.0,25300.0,25300.0,4464600
KDH,2026-04-06,25300.0,25500.0,24700.0,25000.0,3122700
KDH,2026-04-07,25000.0,25050.0,24200.0,25000.0,3107500
KDH,2026-04-08,25850.0,26400.0,25500.0,26150.0,4399100
KDH,2026-04-09,26050.0,26950.0,25950.0,26200.0,6210500
KDH,2026-04-10,26350.0,26850.0,26150.0,26200.0,5239200
KDH,2026-04-13,25900.0,26600.0,25900.0,26200.0,3887500
KDH,2026-04-14,26450.0,26600.0,26150.0,26200.0,3193000
KDH,2026-04-15,26300.0,26950.0,26300.0,26550.0,7877300
KDH,2026-04-16,26650.0,26650.0,26100.0,26300.0,3476600
KDH,2026-04-17,26450.0,26450.0,26050.0,26050.0,2955900
KDH,2026-04-20,26050.0,26250.0,25900.0,26000.0,2271300
KDH,2026-04-21,26150.0,26150.0,25600.0,25700.0,3489600
KDH,2026-04-22,25850.0,25850.0,25450.0,25700.0,3029200
KDH,2026-04-23,25650.0,25750.0,25200.0,25600.0,3208400
KDH,2026-04-24,25600.0,25750.0,25350.0,25600.0,2273900
KDH,2026-04-28,25600.0,25750.0,25350.0,25400.0,1685600
KDH,2026-04-29,25500.0,25550.0,25250.0,25400.0,7454800
KDH,2026-05-04,25600.0,25750.0,24900.0,25000.0,5864100
KDH,2026-05-05,25000.0,25000.0,24300.0,24400.0,4864500
KDH,2026-05-06,24450.0,24500.0,24000.0,24200.0,8366600
KDH,2026-05-07,24450.0,24900.0,24150.0,24200.0,8724100
KDH,2026-05-08,24400.0,24400.0,24100.0,24250.0,5359000
KDH,2026-05-11,24250.0,24350.0,23650.0,23750.0,7848700
KDH,2026-05-12,23800.0,24200.0,23550.0,23600.0,6169400
KDH,2026-05-13,23700.0,23700.0,23100.0,23300.0,6303000
KDH,2026-05-14,23300.0,24050.0,23300.0,23750.0,3274400
KDH,2026-05-15,23800.0,23800.0,23350.0,23400.0,3628300
KDH,2026-05-18,23200.0,23300.0,23050.0,23200.0,3295500
KDH,2026-05-19,23300.0,23550.0,23050.0,23200.0,4472300
KDH,2026-05-20,23200.0,23200.0,21600.0,22350.0,9723100
KDH,2026-05-21,22500.0,22600.0,22050.0,22350.0,2873000
KDH,2026-05-22,22500.0,22500.0,21950.0,22200.0,4640100
KDH,2026-05-25,22400.0,23650.0,22350.0,22900.0,7581400
KDH,2026-05-26,23000.0,23450.0,22900.0,23300.0,3033000
KDH,2026-05-27,23400.0,23450.0,22900.0,23000.0,3680400
KDH,2026-05-28,23000.0,23400.0,22800.0,23000.0,2841500
KDH,2026-05-29,23050.0,23050.0,22500.0,22550.0,2108300
KDH,2026-06-01,22600.0,22950.0,22600.0,22650.0,2087200
KDH,2026-06-02,22650.0,23100.0,22550.0,22950.0,4406100
KDH,2026-06-03,22800.0,22950.0,22650.0,22900.0,1882500
KDH,2026-06-04,22850.0,22850.0,22600.0,22800.0,1308300
KDH,2026-06-05,22800.0,23250.0,22800.0,22900.0,2455500
KDH,2026-06-08,22700.0,23350.0,22550.0,23200.0,5675700
KDH,2026-06-09,23250.0,23750.0,23100.0,23700.0,5174400
KDH,2026-06-10,23800.0,24150.0,23650.0,23650.0,5883700
KDH,2026-06-11,23400.0,23750.0,23250.0,23350.0,2706200
KDH,2026-06-12,23600.0,23600.0,23050.0,23100.0,4844700
KDH,2026-06-15,23400.0,23400.0,23050.0,23250.0,3243100
KDH,2026-06-16,23450.0,24050.0,23250.0,23700.0,6685700
KDH,2026-06-17,23750.0,23950.0,23250.0,23300.0,4571000
KDH,2026-06-18,23400.0,23450.0,23000.0,23000.0,4388900
KDH,2026-06-19,23000.0,23300.0,22850.0,23000.0,2652100
KDH,2026-06-22,23100.0,23200.0,22500.0,22500.0,3630400
KDH,2026-06-23,22500.0,22650.0,21900.0,21950.0,6659200
KDH,2026-06-24,21950.0,22100.0,21700.0,21950.0,3028400
KDH,2026-06-25,21950.0,21950.0,21700.0,21750.0,2028300
KDH,2026-06-26,21750.0,21950.0,21550.0,21600.0,2394400
KDH,2026-06-29,21600.0,21850.0,21600.0,21650.0,2453700
KDH,2026-06-30,21650.0,21800.0,21550.0,21600.0,2297600
KDH,2026-07-01,21650.0,22100.0,21600.0,21850.0,2945100
KDH,2026-07-02,22000.0,22000.0,21650.0,21650.0,1996000
KDH,2026-07-03,21600.0,21750.0,21200.0,21300.0,4643700
KDH,2026-07-06,21300.0,21400.0,20000.0,20500.0,5202200
KDH,2026-07-07,20500.0,21000.0,20250.0,20950.0,3048700
KDH,2026-07-08,20850.0,21350.0,20850.0,21000.0,2631400
KDH,2026-07-09,20900.0,20950.0,20600.0,20650.0,2172500
KDH,2026-07-10,20500.0,20750.0,20300.0,20300.0,2472700
KDH,2026-07-13,20200.0,20200.0,19750.0,19800.0,6149800
KDH,2026-07-14,19800.0,19950.0,19450.0,19900.0,3268600
KDH,2026-07-15,19900.0,19900.0,19300.0,19500.0,2250100
KDH,2026-07-16,19450.0,19600.0,18450.0,19000.0,8619400
KDH,2026-07-17,19100.0,19100.0,18400.0,18450.0,5524000
KDH,2026-07-20,18300.0,18400.0,17400.0,17800.0,7729000
KDH,2026-07-21,17700.0,18400.0,17700.0,17900.0,4863300
KDH,2026-07-22,18000.0,18350.0,17850.0,18000.0,9093500
KDH,2026-07-23,18100.0,18300.0,17450.0,18000.0,5646100
KDH,2026-07-24,17950.0,18000.0,17350.0,17400.0,4633800
KDH,2026-07-27,17550.0,17850.0,16400.0,16400.0,6404200
KDH,2026-07-28,16200.0,17250.0,16200.0,16950.0,5514600
KDH,2026-07-29,17000.0,17100.0,16750.0,16950.0,2780800
KDH,2026-07-30,17050.0,17700.0,17050.0,17500.0,6543700
KDH,2026-07-31,17600.0,17650.0,17400.0,17450.0,4566800
KDH,2026-08-03,17500.0,18350.0,17450.0,18000.0,7037100
KDH,2026-08-04,18000.0,18150.0,17950.0,18000.0,3681200
KDH,2026-08-05,18250.0,18700.0,18000.0,18150.0,7220600
KDH,2026-08-06,18150.0,18200.0,17650.0,17800.0,4018600
KDH,2026-08-07,17800.0,18050.0,17700.0,17950.0,3369100
KDH,2026-08-10,18000.0,18250.0,17900.0,18150.0,4382300
KDH,2026-08-11,18200.0,18400.0,18100.0,18200.0,5312600
KDH,2026-08-12,18250.0,18350.0,17900.0,18150.0,5105300
KDH,2026-08-13,18200.0,18250.0,17700.0,17750.0,6159200
KDH,2026-08-14,17750.0,18250.0,17450.0,17700.0,5768200
LPB,2026-01-30,39593.4,40254.87,39215.43,39357.17,1564844
LPB,2026-02-02,39215.43,39876.89,38506.71,39687.9,1497010
LPB,2026-02-03,39876.89,40018.63,39215.43,39262.67,1100904
LPB,2026-02-04,39404.42,39876.89,39404.42,39876.89,1658500
LPB,2026-02-05,40443.86,40443.86,38742.95,38742.95,1409280
LPB,2026-02-06,38837.44,39593.4,38175.98,39593.4,1978623
LPB,2026-02-09,39735.15,39971.38,39404.42,39546.16,865019
LPB,2026-02-10,39687.9,39829.64,39026.44,39498.91,1680935
LPB,2026-02-11,39640.65,39924.14,39357.17,39735.15,1351182
LPB,2026-02-12,39876.89,39876.89,39357.17,39546.16,484999
LPB,2026-02-13,39640.65,40349.36,38790.2,39735.15,2600984
LPB,2026-02-23,40491.11,40491.11,40018.63,40207.62,764802
LPB,2026-02-24,40254.87,40585.6,39782.39,40254.87,1403672
LPB,2026-02-25,40302.12,40491.11,39735.15,39971.38,1932800
LPB,2026-02-26,40207.62,41341.56,39876.89,40774.59,3286417
LPB,2026-02-27,41105.32,41861.29,40396.61,40680.1,1559553
LPB,2026-03-02,40585.6,40632.85,39593.4,39593.4,1588126
LPB,2026-03-03,40349.36,40349.36,39215.43,40065.88,1410233
LPB,2026-03-04,40065.88,40727.34,39215.43,40727.34,2213450
LPB,2026-03-05,41105.32,41105.32,39687.9,40491.11,2045928
LPB,2026-03-06,40538.36,40538.36,39546.16,39924.14,1554897
LPB,2026-03-09,39687.9,39735.15,37325.52,38128.73,2097888
LPB,2026-03-10,38648.46,39120.93,37325.52,38364.97,2543838
LPB,2026-03-11,38317.72,39498.91,37609.01,39404.42,2407852
LPB,2026-03-12,39215.43,39309.92,38364.97,38837.44,2293560
LPB,2026-03-13,38837.44,39498.91,38648.46,39215.43,1776390
LPB,2026-03-16,39309.92,39687.9,38648.46,39687.9,1290121
LPB,2026-03-17,39971.38,41672.3,39876.89,40963.58,3609291
LPB,2026-03-18,41341.56,42050.28,40916.34,41247.07,2324779
LPB,2026-03-19,41247.07,41483.3,39215.43,41483.3,4706704
LPB,2026-03-20,41483.3,41577.8,38790.2,38837.44,2031959
LPB,2026-03-23,38837.44,40207.62,38695.7,38884.69,788718
LPB,2026-03-24,39026.44,39640.65,38695.7,39593.4,1079845
LPB,2026-03-25,39687.9,39971.38,39168.18,39498.91,1009259
LPB,2026-03-26,39593.4,39687.9,39168.18,39498.91,673898
LPB,2026-03-27,39498.91,39876.89,39404.42,39498.91,1219958
LPB,2026-03-30,39498.91,39782.39,38931.94,39640.65,1108100
LPB,2026-03-31,39735.15,40018.63,39215.43,39593.4,1130536
LPB,2026-04-01,39971.38,40349.36,39640.65,40065.88,1838298
LPB,2026-04-02,40254.87,40254.87,39168.18,39498.91,1052965
LPB,2026-04-03,39498.91,41105.32,39498.91,40727.34,2147626
LPB,2026-04-06,41105.32,43562.2,40963.58,43562.2,4256098
LPB,2026-04-07,44034.67,45877.32,43845.68,45357.6,3833853
LPB,2026-04-08,46302.55,47247.5,44837.88,44885.12,1840520
LPB,2026-04-09,44979.62,46680.53,44648.89,45357.6,1739880
LPB,2026-04-10,46633.28,47105.76,45357.6,46586.04,2313773
LPB,2026-04-13,46680.53,47342.0,45215.86,45310.35,1942959
LPB,2026-04-14,45830.08,47105.76,45357.6,45357.6,1999047
LPB,2026-04-15,45924.57,46019.06,45074.12,45074.12,1043123
LPB,2026-04-16,45310.35,45310.35,44459.9,44696.14,862373
LPB,2026-04-17,45263.1,45263.1,43467.7,43467.7,1300492
LPB,2026-04-20,44129.16,45168.61,43467.7,43467.7,1136356
LPB,2026-04-21,43987.42,46113.56,43656.69,44459.9,2015450
LPB,2026-04-22,44743.38,44743.38,43609.44,44412.65,1721890
LPB,2026-04-23,44648.89,44790.63,43892.93,43940.18,1188422
LPB,2026-04-24,44412.65,44412.65,43278.71,43751.18,620456
LPB,2026-04-28,43751.18,44223.66,42664.49,43089.72,1007566
LPB,2026-04-29,43089.72,44837.88,42806.24,44696.14,1424202
LPB,2026-05-04,44696.14,45074.12,43845.68,44412.65,860468
LPB,2026-05-05,44601.64,45830.08,44318.16,45452.1,1555214
LPB,2026-05-06,46302.55,46964.02,45641.08,46680.53,1542303
LPB,2026-05-07,46775.02,49326.39,46538.79,48381.44,2625324
LPB,2026-05-08,48475.94,50082.35,48097.96,48948.41,1773427
LPB,2026-05-11,48948.41,50554.82,47530.98,49893.36,1824117
LPB,2026-05-12,49893.36,51688.76,49326.39,51499.78,2638763
LPB,2026-05-13,55090.58,55090.58,51310.78,51499.78,2260754
LPB,2026-05-14,51800.0,52700.0,51000.0,52100.0,856800
LPB,2026-05-15,52000.0,53100.0,51300.0,51500.0,996300
LPB,2026-05-18,51500.0,52700.0,51000.0,52300.0,962300
LPB,2026-05-19,52400.0,53000.0,51400.0,51600.0,903000
LPB,2026-05-20,51600.0,52800.0,51600.0,52300.0,1000700
LPB,2026-05-21,52800.0,54000.0,52500.0,53200.0,2992700
LPB,2026-05-22,54500.0,54500.0,53000.0,53200.0,565600
LPB,2026-05-25,53200.0,54800.0,53200.0,54000.0,1171200
LPB,2026-05-26,54700.0,54700.0,53900.0,54100.0,478200
LPB,2026-05-27,54500.0,55000.0,54000.0,54000.0,1250500
LPB,2026-05-28,54000.0,54600.0,53000.0,53000.0,1104900
LPB,2026-05-29,53000.0,54100.0,52000.0,52000.0,923600
LPB,2026-06-01,52000.0,52400.0,51800.0,51800.0,620700
LPB,2026-06-02,51800.0,52000.0,50900.0,50900.0,1465100
LPB,2026-06-03,50900.0,51800.0,48000.0,48000.0,1573000
LPB,2026-06-04,48000.0,48250.0,45700.0,46450.0,1626700
LPB,2026-06-05,46550.0,47200.0,45100.0,45650.0,1405300
LPB,2026-06-08,46900.0,48300.0,46000.0,46300.0,900400
LPB,2026-06-09,46300.0,47000.0,46000.0,46400.0,616800
LPB,2026-06-10,46400.0,46950.0,46050.0,46600.0,555200
LPB,2026-06-11,46600.0,46600.0,46050.0,46050.0,306900
LPB,2026-06-12,46150.0,47500.0,45100.0,45500.0,736700
LPB,2026-06-15,45600.0,46550.0,45500.0,46200.0,443600
LPB,2026-06-16,46200.0,46500.0,46000.0,46450.0,443800
LPB,2026-06-17,46450.0,47000.0,46150.0,46900.0,604500
LPB,2026-06-18,46700.0,47500.0,45450.0,47050.0,1301700
LPB,2026-06-19,47050.0,49600.0,46500.0,48000.0,1555700
LPB,2026-06-22,49300.0,50000.0,48100.0,49200.0,4247700
LPB,2026-06-23,50500.0,52600.0,50200.0,52600.0,7347600
LPB,2026-06-24,56200.0,56200.0,54800.0,55500.0,11865500
LPB,2026-06-25,56100.0,58500.0,55500.0,56000.0,3744100
LPB,2026-06-26,56100.0,56200.0,52300.0,53000.0,5428200
LPB,2026-06-29,53000.0,55200.0,52200.0,54700.0,2194700
LPB,2026-06-30,54700.0,55400.0,53500.0,53500.0,2026200
LPB,2026-07-01,53900.0,54300.0,52800.0,53100.0,1406000
LPB,2026-07-02,53900.0,53900.0,52000.0,52100.0,1704500
LPB,2026-07-03,52100.0,52300.0,50800.0,51000.0,2053500
LPB,2026-07-06,51000.0,52800.0,51000.0,51300.0,1773300
LPB,2026-07-07,52000.0,53800.0,51700.0,53800.0,1716400
LPB,2026-07-08,53800.0,53800.0,52500.0,53100.0,1679600
LPB,2026-07-09,52800.0,53400.0,52400.0,52400.0,940400
LPB,2026-07-10,52400.0,54200.0,52400.0,53400.0,2495600
LPB,2026-07-13,53300.0,54000.0,51500.0,51600.0,2166000
LPB,2026-07-14,51700.0,52500.0,50100.0,51500.0,2294600
LPB,2026-07-15,51600.0,52500.0,50700.0,51500.0,2313000
LPB,2026-07-16,51500.0,52400.0,51300.0,52000.0,1650400
LPB,2026-07-17,52300.0,53700.0,51300.0,52900.0,7957300
LPB,2026-07-20,52900.0,53500.0,52500.0,53500.0,2439700
LPB,2026-07-21,53800.0,56000.0,53300.0,54600.0,6305000
LPB,2026-07-22,54800.0,55300.0,53500.0,54400.0,4198900
LPB,2026-07-23,54900.0,55000.0,53300.0,53300.0,2895000
LPB,2026-07-24,53000.0,53800.0,51900.0,52400.0,2238700
LPB,2026-07-27,53500.0,56000.0,53200.0,54000.0,5562100
LPB,2026-07-28,54100.0,54800.0,53500.0,53500.0,2567200
LPB,2026-07-29,52800.0,53400.0,52200.0,52600.0,3255600
LPB,2026-07-30,52100.0,53800.0,51700.0,52600.0,3833400
LPB,2026-07-31,52100.0,53500.0,51800.0,51800.0,3615100
LPB,2026-08-03,52100.0,54000.0,52100.0,53000.0,2566500
LPB,2026-08-04,53200.0,53800.0,52500.0,53800.0,2652500
LPB,2026-08-05,54300.0,54300.0,52800.0,53000.0,2718100
LPB,2026-08-06,53200.0,53300.0,51300.0,52000.0,3547400
LPB,2026-08-07,52000.0,53400.0,51900.0,52900.0,1652400
LPB,2026-08-10,52900.0,53100.0,52000.0,52300.0,1775300
LPB,2026-08-11,52800.0,53800.0,52300.0,53700.0,2583500
LPB,2026-08-12,53700.0,54500.0,53300.0,53800.0,2826100
LPB,2026-08-13,53800.0,54400.0,52500.0,53800.0,4127800
LPB,2026-08-14,53700.0,54000.0,52000.0,52400.0,4371400
MBB,2026-01-30,216.0,218.5,214.0,217.5,9832
MBB,2026-02-02,215.0,222.5,213.0,222.5,5114
MBB,2026-02-03,224.5,224.5,217.0,218.0,5498
MBB,2026-02-04,218.0,218.0,210.5,211.0,3968
MBB,2026-02-05,213.0,215.5,211.0,212.0,4537
MBB,2026-02-06,214.0,218.0,211.0,216.0,4849
MBB,2026-02-09,217.0,223.0,217.0,222.0,6340
MBB,2026-02-10,223.0,225.0,222.0,223.0,2257
MBB,2026-02-11,223.5,223.5,219.0,219.0,3635
MBB,2026-02-12,221.0,224.0,216.5,216.5,5036
MBB,2026-02-13,216.5,223.5,216.0,223.5,3531
MBB,2026-02-16,222.5,225.0,221.0,222.0,3880
MBB,2026-02-17,222.0,222.5,214.0,217.5,6684
MBB,2026-02-18,220.5,224.5,219.0,224.0,3155
MBB,2026-02-19,221.5,223.0,218.0,218.5,4013
MBB,2026-02-20,217.5,221.5,217.0,220.0,2231
MBB,2026-02-23,217.5,218.0,203.0,205.5,6614
MBB,2026-02-24,205.0,206.5,202.0,205.0,4222
MBB,2026-02-25,205.0,210.5,204.0,208.5,3266
MBB,2026-02-26,207.0,208.0,203.5,207.0,4963
MBB,2026-02-27,206.0,208.0,203.5,204.0,3803
MBB,2026-03-02,202.5,207.0,202.5,206.0,4899
MBB,2026-03-03,206.0,206.0,199.0,200.5,5576
MBB,2026-03-04,200.0,204.5,200.0,203.5,4006
MBB,2026-03-05,204.0,205.0,199.2,199.8,5531
MBB,2026-03-06,203.0,204.0,199.8,202.0,11796
MBB,2026-03-09,198.4,199.4,193.6,198.4,7761
MBB,2026-03-10,199.2,204.0,199.2,202.0,3919
MBB,2026-03-11,202.5,203.5,199.0,201.5,3557
MBB,2026-03-12,201.0,203.0,194.6,197.2,3867
MBB,2026-03-13,196.0,196.0,186.4,187.4,6199
MBB,2026-03-16,185.6,191.8,184.4,191.8,7129
MBB,2026-03-17,195.8,198.4,188.0,197.2,5981
MBB,2026-03-18,198.2,199.6,193.6,193.6,4407
MBB,2026-03-19,188.4,192.0,186.2,189.6,4860
MBB,2026-03-20,189.6,192.6,185.0,185.8,4594
MBB,2026-03-23,182.0,193.0,179.8,189.6,10180
MBB,2026-03-24,187.6,187.8,184.2,187.2,4525
MBB,2026-03-25,189.0,193.2,189.0,190.0,5225
MBB,2026-03-26,190.0,190.0,183.6,187.6,4396
MBB,2026-03-27,186.4,186.4,180.4,180.8,4550
MBB,2026-03-30,180.0,182.2,179.4,182.2,3570
MBB,2026-03-31,180.0,180.6,170.0,170.6,10761
MBB,2026-04-01,176.0,177.6,173.6,176.4,7577
MBB,2026-04-02,175.2,175.6,168.2,170.0,7085
MBB,2026-04-07,170.6,174.0,166.6,173.0,8578
MBB,2026-04-08,182.6,188.0,180.0,187.2,5798
MBB,2026-04-09,184.0,184.6,175.6,178.0,9422
MBB,2026-04-10,179.8,184.4,179.4,182.2,4132
MBB,2026-04-13,181.4,188.0,180.2,187.0,3921
MBB,2026-04-14,189.8,190.8,186.6,187.2,4572
MBB,2026-04-15,188.2,189.8,186.6,188.4,3721
MBB,2026-04-16,188.6,192.0,188.6,191.8,4822
MBB,2026-04-17,192.0,198.6,192.0,195.8,3841
MBB,2026-04-20,194.6,195.4,192.8,194.0,4528
MBB,2026-04-21,194.6,196.8,191.4,192.0,3925
MBB,2026-04-22,192.0,194.2,190.8,194.2,4472
MBB,2026-04-23,192.8,193.8,191.6,193.0,4405
MBB,2026-04-24,192.8,194.4,191.0,193.0,3489
MBB,2026-04-27,193.8,197.0,193.8,194.4,3339
MBB,2026-04-28,195.0,197.6,194.0,194.8,5069
MBB,2026-04-29,195.0,196.4,193.0,194.6,4227
MBB,2026-04-30,194.0,200.0,194.0,199.0,4566
MBB,2026-05-04,201.0,206.0,201.0,204.5,6024
MBB,2026-05-05,205.0,210.0,204.5,209.5,4343
MBB,2026-05-06,210.0,216.5,210.0,214.0,4988
MBB,2026-05-07,214.5,218.0,214.5,217.0,4324
MBB,2026-05-08,217.0,217.0,214.0,215.0,3656
MBB,2026-05-11,215.0,217.0,213.0,216.5,2769
MBB,2026-05-12,214.0,214.0,194.2,195.8,12794
MBB,2026-05-13,198.0,203.5,195.8,199.6,9347
MBB,2026-05-14,199.8,199.8,191.0,192.4,5987
MBB,2026-05-15,192.6,197.8,190.0,195.4,5493
MBB,2026-05-18,195.4,196.6,191.0,191.8,4278
MBB,2026-05-19,192.6,194.2,188.0,188.8,4104
MBB,2026-05-20,188.2,196.2,188.2,194.4,2644
MBB,2026-05-21,194.6,195.0,188.8,189.8,3359
MBB,2026-05-22,191.0,191.6,188.6,189.0,1111
MBB,2026-05-25,189.6,189.6,185.0,189.6,3794
MBB,2026-05-26,188.4,188.4,184.4,186.2,2255
MBB,2026-05-27,185.0,187.4,183.8,184.0,3397
MBB,2026-05-28,184.4,185.0,180.0,182.4,2847
MBB,2026-05-29,185.0,185.0,179.6,182.0,9292
MBB,2026-06-01,183.0,183.0,178.0,178.2,3483
MBB,2026-06-02,179.8,181.2,177.6,178.4,2668
MBB,2026-06-03,178.0,180.0,172.6,174.2,4169
MBB,2026-06-04,173.0,175.4,172.0,173.4,2849
MBB,2026-06-05,178.0,178.0,172.4,173.6,4153
MBB,2026-06-08,170.0,173.4,168.6,172.2,3872
MBB,2026-06-09,172.6,175.6,171.0,171.8,4903
MBB,2026-06-10,173.0,173.0,167.8,172.2,3118
MBB,2026-06-11,173.4,174.2,170.4,173.4,5061
MBB,2026-06-12,175.0,176.8,172.4,175.0,3705
MBB,2026-06-15,176.8,178.8,174.2,176.0,4429
MBB,2026-06-16,174.8,177.4,174.8,177.0,2275
MBB,2026-06-17,180.0,180.8,177.2,180.6,1717
MBB,2026-06-18,181.6,181.8,176.2,178.0,3157
MBB,2026-06-19,180.4,180.4,177.6,178.2,1685
MBB,2026-06-22,179.6,179.6,175.4,177.8,2474
MBB,2026-06-23,178.0,183.8,174.0,180.2,2974
MBB,2026-06-24,180.2,181.2,177.2,180.2,4317
MBB,2026-06-25,181.2,181.2,173.2,173.2,3010
MBB,2026-06-26,172.4,174.8,169.0,174.0,2041
MBB,2026-06-29,177.0,177.0,172.4,172.8,1799
MBB,2026-06-30,173.0,175.0,172.8,172.8,2061
MBB,2026-07-01,172.6,176.6,172.6,175.0,2580
MBB,2026-07-02,173.8,179.2,172.6,175.0,2384
MBB,2026-07-03,178.0,179.4,175.2,179.2,1784
MBB,2026-07-06,178.4,179.6,176.4,178.4,1832
MBB,2026-07-07,180.0,180.0,169.6,169.6,3403
MBB,2026-07-08,170.0,170.0,163.0,167.6,7940
MBB,2026-07-09,170.0,170.0,165.2,165.8,1719
MBB,2026-07-10,165.0,165.2,161.8,163.0,3395
MBB,2026-07-13,162.0,166.2,160.2,165.2,2979
MBB,2026-07-14,164.0,169.2,163.4,167.8,4374
MBB,2026-07-15,170.0,171.6,166.8,171.4,2648
MBB,2026-07-16,172.0,172.0,168.2,170.8,2162
MBB,2026-07-17,169.8,171.2,168.8,170.4,2743
MBB,2026-07-20,167.8,174.4,167.8,172.2,2133
MBB,2026-07-21,173.0,176.4,171.6,175.6,1922
MBB,2026-07-22,186.0,186.0,178.2,183.8,5605
MBB,2026-07-23,183.6,189.4,183.6,188.8,4593
MBB,2026-07-24,188.0,197.2,188.0,193.4,4161
MBB,2026-07-27,194.0,196.6,191.8,192.4,3558
MBB,2026-07-28,194.8,197.6,188.0,191.4,3506
MBB,2026-07-29,188.0,193.2,188.0,191.0,2231
MBB,2026-07-30,190.0,194.6,189.0,193.4,1763
MBB,2026-07-31,192.0,196.8,191.4,192.4,1958
MBB,2026-08-03,192.8,193.4,188.2,190.4,2183
MBB,2026-08-04,188.0,193.6,188.0,191.6,1983
MBB,2026-08-05,192.2,193.6,189.2,189.8,2768
MBB,2026-08-06,191.0,191.6,188.6,190.4,1271
MBB,2026-08-07,196.0,196.0,186.6,189.2,2322
MBB,2026-08-10,188.2,190.8,185.6,185.8,2121
MBB,2026-08-11,184.0,187.4,184.0,187.0,1461
MBB,2026-08-12,182.8,186.8,181.0,181.4,2196
MBB,2026-08-13,182.6,184.4,177.2,178.2,2277
MBB,2026-08-14,175.2,184.0,175.2,184.0,2129
MSB,2026-01-29,0.1,0.1,0.1,0.1,351900
MSB,2026-02-02,0.1,0.1,0.1,0.1,400
MSB,2026-02-03,0.1,0.1,0.1,0.1,35100
MSB,2026-02-04,0.1,0.1,0.08,0.08,708300
MSB,2026-02-05,0.08,0.1,0.08,0.1,392500
MSB,2026-02-08,0.1,0.1,0.09,0.09,178000
MSB,2026-02-09,0.1,0.1,0.1,0.1,509100
MSB,2026-02-10,0.1,0.1,0.09,0.1,308900
MSB,2026-02-11,0.09,0.1,0.09,0.1,113200
MSB,2026-02-12,0.09,0.1,0.09,0.09,102500
MSB,2026-02-15,0.09,0.09,0.09,0.09,23000
MSB,2026-02-18,0.09,0.1,0.09,0.09,417400
MSB,2026-02-19,0.09,0.1,0.08,0.09,873800
MSB,2026-02-22,0.08,0.09,0.08,0.09,23100
MSB,2026-02-23,0.08,0.08,0.08,0.08,20100
MSB,2026-02-24,0.08,0.09,0.08,0.09,90000
MSB,2026-02-25,0.08,0.08,0.08,0.08,669600
MSB,2026-02-26,0.08,0.08,0.08,0.08,1507200
MSB,2026-03-01,0.08,0.08,0.08,0.08,690000
MSB,2026-03-02,0.08,0.08,0.08,0.08,304400
MSB,2026-03-03,0.08,0.08,0.08,0.08,177700
MSB,2026-03-04,0.08,0.08,0.08,0.08,12000
MSB,2026-03-05,0.08,0.08,0.08,0.08,11700
MSB,2026-03-08,0.08,0.08,0.08,0.08,239000
MSB,2026-03-09,0.08,0.08,0.08,0.08,19600
MSB,2026-03-10,0.08,0.08,0.08,0.08,1139100
MSB,2026-03-11,0.08,0.08,0.08,0.08,51100
MSB,2026-03-12,0.08,0.08,0.08,0.08,76000
MSB,2026-03-15,0.08,0.08,0.08,0.08,100
MSB,2026-03-16,0.08,0.08,0.08,0.08,785900
MSB,2026-03-17,0.08,0.08,0.08,0.08,76100
MSB,2026-03-18,0.08,0.08,0.08,0.08,100000
MSB,2026-03-23,0.08,0.08,0.08,0.08,110300
MSB,2026-03-24,0.08,0.08,0.08,0.08,26500
MSB,2026-03-25,0.08,0.08,0.08,0.08,575600
MSB,2026-03-26,0.08,0.08,0.08,0.08,160500
MSB,2026-03-29,0.08,0.08,0.08,0.08,868100
MSB,2026-03-30,0.07,0.08,0.07,0.08,101700
MSB,2026-04-01,0.08,0.08,0.08,0.08,477100
MSB,2026-04-05,0.08,0.08,0.08,0.08,26100
MSB,2026-04-06,0.08,0.08,0.07,0.08,204900
MSB,2026-04-07,0.08,0.08,0.08,0.08,413300
MSB,2026-04-08,0.07,0.08,0.07,0.08,170800
MSB,2026-04-09,0.08,0.08,0.07,0.07,461600
MSB,2026-04-12,0.07,0.08,0.07,0.08,475600
MSB,2026-04-13,0.08,0.08,0.08,0.08,47000
MSB,2026-04-14,0.07,0.07,0.07,0.07,171400
MSB,2026-04-15,0.07,0.08,0.07,0.07,318400
MSB,2026-04-16,0.07,0.08,0.07,0.07,40400
MSB,2026-04-19,0.07,0.08,0.07,0.07,1546400
MSB,2026-04-20,0.07,0.07,0.07,0.07,40500
MSB,2026-04-21,0.07,0.08,0.07,0.07,66100
MSB,2026-04-22,0.07,0.08,0.07,0.08,166200
MSB,2026-04-23,0.07,0.08,0.07,0.08,90300
MSB,2026-04-26,0.07,0.08,0.07,0.08,70200
MSB,2026-04-27,0.07,0.08,0.07,0.08,466300
MSB,2026-04-28,0.07,0.07,0.07,0.07,20000
MSB,2026-04-29,0.07,0.07,0.07,0.07,301300
MSB,2026-05-03,0.08,0.08,0.07,0.07,371000
MSB,2026-05-04,0.07,0.07,0.07,0.07,328000
MSB,2026-05-05,0.07,0.08,0.07,0.08,492100
MSB,2026-05-06,0.08,0.08,0.08,0.08,14600
MSB,2026-05-07,0.08,0.08,0.08,0.08,5800
MSB,2026-05-10,0.07,0.07,0.07,0.07,116000
MSB,2026-05-11,0.07,0.08,0.07,0.08,1302300
MSB,2026-05-12,0.08,0.08,0.08,0.08,222200
MSB,2026-05-13,0.08,0.08,0.08,0.08,476300
MSB,2026-05-14,0.08,0.08,0.08,0.08,149500
MSB,2026-05-17,0.08,0.08,0.08,0.08,950900
MSB,2026-05-18,0.08,0.08,0.08,0.08,1031400
MSB,2026-05-19,0.08,0.08,0.08,0.08,477400
MSB,2026-05-20,0.08,0.08,0.08,0.08,550000
MSB,2026-05-21,0.08,0.08,0.08,0.08,851100
MSB,2026-05-24,0.08,0.08,0.08,0.08,709000
MSB,2026-05-25,0.08,0.08,0.08,0.08,1901500
MSB,2026-05-27,0.08,0.08,0.08,0.08,313200
MSB,2026-05-28,0.08,0.08,0.08,0.08,79000
MSB,2026-06-02,0.08,0.08,0.08,0.08,214400
MSB,2026-06-03,0.08,0.08,0.08,0.08,67600
MSB,2026-06-04,0.08,0.08,0.08,0.08,2899600
MSB,2026-06-07,0.08,0.08,0.08,0.08,855000
MSB,2026-06-08,0.08,0.08,0.08,0.08,1589200
MSB,2026-06-09,0.08,0.08,0.08,0.08,355200
MSB,2026-06-10,0.08,0.08,0.08,0.08,407400
MSB,2026-06-11,0.08,0.08,0.08,0.08,1081300
MSB,2026-06-14,0.08,0.08,0.08,0.08,787600
MSB,2026-06-15,0.08,0.08,0.08,0.08,647400
MSB,2026-06-17,0.08,0.08,0.08,0.08,547500
MSB,2026-06-18,0.08,0.09,0.08,0.08,3291400
MSB,2026-06-21,0.08,0.09,0.08,0.08,728500
MSB,2026-06-22,0.08,0.08,0.08,0.08,1252800
MSB,2026-06-23,0.08,0.08,0.08,0.08,2177000
MSB,2026-06-24,0.09,0.09,0.08,0.08,410100
MSB,2026-06-25,0.08,0.09,0.08,0.09,315100
MSB,2026-06-28,0.09,0.09,0.08,0.08,1747000
MSB,2026-06-29,0.08,0.08,0.08,0.08,1011800
MSB,2026-06-30,0.08,0.08,0.08,0.08,954000
MSB,2026-07-01,0.08,0.09,0.08,0.09,666100
MSB,2026-07-02,0.08,0.08,0.08,0.08,350000
MSB,2026-07-05,0.08,0.09,0.08,0.08,929900
MSB,2026-07-06,0.08,0.08,0.08,0.08,490000
MSB,2026-07-07,0.08,0.09,0.08,0.09,294300
MSB,2026-07-08,0.08,0.09,0.08,0.09,1008100
MSB,2026-07-09,0.08,0.1,0.08,0.09,2333900
MSB,2026-07-12,0.09,0.1,0.09,0.1,632200
MSB,2026-07-13,0.09,0.1,0.09,0.1,1661400
MSB,2026-07-14,0.1,0.1,0.1,0.1,934200
MSB,2026-07-15,0.1,0.1,0.1,0.1,986100
MSB,2026-07-16,0.1,0.1,0.1,0.1,993900
MSB,2026-07-19,0.1,0.11,0.1,0.11,648700
MSB,2026-07-20,0.11,0.11,0.1,0.1,1340700
MSB,2026-07-21,0.1,0.11,0.1,0.11,1994600
MSB,2026-07-22,0.11,0.12,0.1,0.12,379500
MSB,2026-07-23,0.11,0.12,0.11,0.12,238900
MSB,2026-07-26,0.12,0.12,0.1,0.11,425500
MSB,2026-07-27,0.11,0.11,0.1,0.11,529200
MSB,2026-07-28,0.11,0.11,0.1,0.11,1360800
MSB,2026-07-29,0.1,0.1,0.1,0.1,209000
MSB,2026-07-30,0.1,0.11,0.1,0.1,607700
MSB,2026-08-02,0.1,0.1,0.1,0.1,154500
MSB,2026-08-03,0.1,0.11,0.1,0.1,174500
MSB,2026-08-04,0.1,0.11,0.1,0.11,389400
MSB,2026-08-05,0.11,0.11,0.1,0.11,113500
MSB,2026-08-06,0.11,0.11,0.1,0.11,204200
MSB,2026-08-09,0.11,0.12,0.11,0.11,1174000
MSB,2026-08-10,0.11,0.12,0.1,0.1,462500
MSB,2026-08-11,0.11,0.12,0.11,0.12,200700
MSB,2026-08-12,0.12,0.12,0.11,0.12,211400
MSB,2026-08-13,0.11,0.11,0.11,0.11,12000
MSN,2026-01-30,84600.0,85000.0,83300.0,84000.0,10777800
MSN,2026-02-02,83900.0,85500.0,82200.0,83800.0,11833900
MSN,2026-02-03,84500.0,84800.0,83300.0,83800.0,8426800
MSN,2026-02-04,84100.0,84900.0,82500.0,82700.0,8323300
MSN,2026-02-05,82800.0,82900.0,79400.0,79400.0,10434400
MSN,2026-02-06,78400.0,79500.0,77700.0,78200.0,9419400
MSN,2026-02-09,79000.0,79200.0,78000.0,78200.0,3681100
MSN,2026-02-10,78200.0,78400.0,75600.0,76800.0,6018600
MSN,2026-02-11,77300.0,78600.0,76900.0,78000.0,5600000
MSN,2026-02-12,78400.0,78400.0,78000.0,78000.0,2759900
MSN,2026-02-13,78000.0,78300.0,77700.0,78000.0,3963900
MSN,2026-02-23,78800.0,79200.0,78300.0,79200.0,3791500
MSN,2026-02-24,79300.0,80900.0,78600.0,80900.0,8479700
MSN,2026-02-25,81300.0,81600.0,80300.0,80300.0,5852200
MSN,2026-02-26,80700.0,81200.0,79900.0,80400.0,4991400
MSN,2026-02-27,80500.0,80600.0,79000.0,79000.0,5053900
MSN,2026-03-02,77800.0,80700.0,77300.0,78400.0,10248500
MSN,2026-03-03,79200.0,79700.0,77000.0,77000.0,7767900
MSN,2026-03-04,77100.0,77600.0,74000.0,76000.0,11189700
MSN,2026-03-05,76800.0,77500.0,75300.0,75300.0,6074200
MSN,2026-03-06,74900.0,75000.0,73200.0,73300.0,7955900
MSN,2026-03-09,68200.0,70000.0,68200.0,68200.0,4325700
MSN,2026-03-10,69000.0,69800.0,66100.0,68300.0,13574400
MSN,2026-03-11,69300.0,73000.0,69100.0,73000.0,10575800
MSN,2026-03-12,73200.0,74500.0,71800.0,73100.0,8489100
MSN,2026-03-13,73400.0,74700.0,72700.0,73900.0,8344100
MSN,2026-03-16,74700.0,75200.0,73400.0,73500.0,4578400
MSN,2026-03-17,74000.0,75700.0,73800.0,75400.0,8479300
MSN,2026-03-18,75800.0,75800.0,74000.0,75300.0,5029900
MSN,2026-03-19,73600.0,75700.0,73500.0,75400.0,8216000
MSN,2026-03-20,75100.0,75500.0,71300.0,71300.0,8880900
MSN,2026-03-23,70600.0,72800.0,70600.0,70800.0,8307600
MSN,2026-03-24,72500.0,72800.0,71700.0,72100.0,3692600
MSN,2026-03-25,73500.0,73500.0,72200.0,73200.0,4078200
MSN,2026-03-26,73000.0,73200.0,71800.0,72100.0,4014500
MSN,2026-03-27,72200.0,73400.0,72200.0,73300.0,4263900
MSN,2026-03-30,72000.0,75300.0,71800.0,74800.0,6573900
MSN,2026-03-31,75500.0,76400.0,75000.0,75500.0,5911100
MSN,2026-04-01,76800.0,77400.0,75900.0,76900.0,8282500
MSN,2026-04-02,76600.0,76700.0,75300.0,76100.0,5420300
MSN,2026-04-03,76200.0,77100.0,74800.0,75300.0,5241600
MSN,2026-04-06,75100.0,76200.0,74500.0,75300.0,4242400
MSN,2026-04-07,75400.0,75700.0,74300.0,75100.0,3191700
MSN,2026-04-08,77200.0,77800.0,76300.0,77700.0,10008300
MSN,2026-04-09,77600.0,79500.0,76800.0,78000.0,6333100
MSN,2026-04-10,78500.0,78700.0,77500.0,78000.0,3896000
MSN,2026-04-13,77200.0,77600.0,76400.0,77000.0,5031600
MSN,2026-04-14,77700.0,78000.0,77000.0,77600.0,4522400
MSN,2026-04-15,78400.0,78400.0,77000.0,77200.0,4323100
MSN,2026-04-16,77200.0,78800.0,76700.0,78000.0,7346700
MSN,2026-04-17,78300.0,82500.0,78300.0,79500.0,13601600
MSN,2026-04-20,80000.0,80400.0,79300.0,79800.0,5211800
MSN,2026-04-21,80000.0,80900.0,78800.0,79000.0,7452100
MSN,2026-04-22,78900.0,79200.0,78100.0,79000.0,4824100
MSN,2026-04-23,79200.0,79300.0,77100.0,78200.0,6071800
MSN,2026-04-24,79000.0,79600.0,77200.0,77200.0,7800700
MSN,2026-04-28,77200.0,77900.0,76700.0,77400.0,3730200
MSN,2026-04-29,77000.0,77400.0,76100.0,76800.0,4028900
MSN,2026-05-04,77200.0,77500.0,76200.0,76800.0,3381400
MSN,2026-05-05,76900.0,78400.0,76600.0,76600.0,4691700
MSN,2026-05-06,77300.0,78500.0,76900.0,78400.0,5808400
MSN,2026-05-07,79700.0,82300.0,79200.0,81000.0,15769900
MSN,2026-05-08,81000.0,82400.0,80000.0,80200.0,8819100
MSN,2026-05-11,80800.0,80800.0,77500.0,77500.0,8192600
MSN,2026-05-12,77700.0,78000.0,76600.0,77700.0,6062900
MSN,2026-05-13,77700.0,79300.0,77500.0,78900.0,6479900
MSN,2026-05-14,79300.0,79500.0,78600.0,79100.0,4324500
MSN,2026-05-15,79100.0,79100.0,77100.0,77500.0,4808600
MSN,2026-05-18,77100.0,77300.0,76400.0,76500.0,5621700
MSN,2026-05-19,76800.0,77400.0,76300.0,76500.0,5113200
MSN,2026-05-20,76400.0,76800.0,74400.0,75600.0,7861100
MSN,2026-05-21,76000.0,76900.0,75800.0,76200.0,3550000
MSN,2026-05-22,76100.0,76700.0,75600.0,76000.0,2603200
MSN,2026-05-25,76000.0,77300.0,75700.0,77200.0,4612600
MSN,2026-05-26,77300.0,77300.0,76700.0,77000.0,2637100
MSN,2026-05-27,77300.0,77500.0,76500.0,76500.0,3270300
MSN,2026-05-28,76600.0,76900.0,75500.0,75500.0,3042800
MSN,2026-05-29,75800.0,75800.0,74700.0,74700.0,3638900
MSN,2026-06-01,74800.0,75200.0,74200.0,74700.0,2089100
MSN,2026-06-02,74700.0,74800.0,73200.0,73200.0,3422300
MSN,2026-06-03,73100.0,75100.0,72600.0,75100.0,3872000
MSN,2026-06-04,74900.0,74900.0,73900.0,74000.0,1879100
MSN,2026-06-05,74300.0,74300.0,73000.0,73100.0,2864100
MSN,2026-06-08,72400.0,72700.0,70800.0,70800.0,5812600
MSN,2026-06-09,71300.0,72500.0,70900.0,72400.0,3417100
MSN,2026-06-10,72200.0,72300.0,71600.0,71900.0,1527900
MSN,2026-06-11,71500.0,71800.0,71000.0,71000.0,1778000
MSN,2026-06-12,72000.0,72200.0,71100.0,71100.0,2524400
MSN,2026-06-15,72100.0,72800.0,71900.0,72200.0,2829700
MSN,2026-06-16,72500.0,73200.0,72200.0,73000.0,1998300
MSN,2026-06-17,73100.0,73300.0,72500.0,72500.0,2463600
MSN,2026-06-18,72500.0,73200.0,72100.0,72100.0,2955300
MSN,2026-06-19,72200.0,72600.0,72000.0,72000.0,2203100
MSN,2026-06-22,72600.0,72600.0,71500.0,71500.0,1679500
MSN,2026-06-23,71800.0,72300.0,70700.0,71500.0,3924900
MSN,2026-06-24,71400.0,71600.0,70600.0,71500.0,2086700
MSN,2026-06-25,71700.0,71700.0,71200.0,71500.0,1092900
MSN,2026-06-26,71400.0,71500.0,70900.0,71400.0,1949700
MSN,2026-06-29,71600.0,72100.0,71400.0,72100.0,2189400
MSN,2026-06-30,72200.0,72700.0,71600.0,72100.0,2684100
MSN,2026-07-01,72000.0,72800.0,71900.0,72500.0,2278500
MSN,2026-07-02,72800.0,73100.0,71900.0,72400.0,3050700
MSN,2026-07-03,72100.0,72400.0,71500.0,71800.0,2721300
MSN,2026-07-06,71600.0,71800.0,69200.0,70500.0,4680200
MSN,2026-07-07,70400.0,70400.0,68300.0,68600.0,9695900
MSN,2026-07-08,68400.0,69700.0,67500.0,69000.0,10943100
MSN,2026-07-09,68800.0,69600.0,68600.0,68900.0,2298700
MSN,2026-07-10,68600.0,69100.0,68100.0,68800.0,2701100
MSN,2026-07-13,68300.0,68500.0,66700.0,67900.0,5488400
MSN,2026-07-14,67300.0,68400.0,67100.0,68400.0,2364800
MSN,2026-07-15,68400.0,68500.0,67400.0,68000.0,2633500
MSN,2026-07-16,67500.0,68000.0,66700.0,68000.0,3440100
MSN,2026-07-17,67800.0,68200.0,67400.0,68000.0,2752400
MSN,2026-07-20,67800.0,67800.0,64600.0,64800.0,6394700
MSN,2026-07-21,64500.0,66100.0,64500.0,64900.0,4693800
MSN,2026-07-22,65500.0,67000.0,63500.0,63900.0,9078900
MSN,2026-07-23,63900.0,64600.0,61700.0,64000.0,5065800
MSN,2026-07-24,63900.0,64000.0,62800.0,63900.0,3341400
MSN,2026-07-27,65000.0,65100.0,63500.0,63900.0,4605200
MSN,2026-07-28,63200.0,66400.0,63200.0,65700.0,5574000
MSN,2026-07-29,65800.0,66600.0,65100.0,66300.0,3692600
MSN,2026-07-30,66000.0,68100.0,65900.0,67900.0,4858200
MSN,2026-07-31,67900.0,67900.0,66100.0,66100.0,3736800
MSN,2026-08-03,66500.0,68300.0,66400.0,68200.0,4348300
MSN,2026-08-04,68400.0,68600.0,67700.0,68400.0,3115600
MSN,2026-08-05,68800.0,69400.0,67000.0,67200.0,4183900
MSN,2026-08-06,67500.0,67500.0,66400.0,66500.0,2286900
MSN,2026-08-07,66300.0,67800.0,66200.0,67400.0,3169000
MSN,2026-08-10,67400.0,68100.0,66900.0,67700.0,3056100
MSN,2026-08-11,67800.0,68200.0,67100.0,67100.0,2876400
MSN,2026-08-12,67200.0,67800.0,66900.0,67200.0,2039300
MSN,2026-08-13,67500.0,68300.0,67400.0,67600.0,5681100
MSN,2026-08-14,67400.0,67900.0,65800.0,66300.0,6325400
MWG,2026-01-30,88619.4,91967.24,88422.47,91474.91,21170657
MWG,2026-02-02,91671.85,92459.57,89111.73,92262.64,14082221
MWG,2026-02-03,92951.9,92951.9,90096.39,90096.39,10288119
MWG,2026-02-04,90096.39,90490.25,89210.2,90391.79,7775678
MWG,2026-02-05,90293.32,90391.79,88816.33,88816.33,5731318
MWG,2026-02-06,88324.0,88520.93,84680.76,87043.94,14029918
MWG,2026-02-09,87634.74,88619.4,87142.41,87930.14,5537342
MWG,2026-02-10,88324.0,88324.0,86453.15,87930.14,6043304
MWG,2026-02-11,88127.07,90490.25,87930.14,90490.25,9127008
MWG,2026-02-12,91081.05,92459.57,89702.53,91474.91,8013222
MWG,2026-02-13,90490.25,91770.31,90096.39,91376.45,5597363
MWG,2026-02-23,91474.91,91671.85,89702.53,90588.72,5081043
MWG,2026-02-24,90194.86,90785.65,89111.73,90785.65,6704141
MWG,2026-02-25,90785.65,92656.51,90588.72,91573.38,8259399
MWG,2026-02-26,91573.38,92853.44,91081.05,92164.18,5089167
MWG,2026-02-27,92262.64,92459.57,91179.52,91671.85,5305689
MWG,2026-03-02,90391.79,90785.65,88619.4,88619.4,10905998
MWG,2026-03-03,88816.33,89800.99,85566.95,86847.01,13578290
MWG,2026-03-04,85763.89,87437.81,82514.51,87437.81,13623078
MWG,2026-03-05,87536.27,87634.74,83893.03,83893.03,11446082
MWG,2026-03-06,83499.17,83499.17,80446.72,81431.38,13567525
MWG,2026-03-09,75818.82,75818.82,75818.82,75818.82,5061442
MWG,2026-03-10,77788.14,80545.19,76212.68,79757.46,21370219
MWG,2026-03-11,79757.46,85271.56,79265.13,85173.09,17609428
MWG,2026-03-12,82711.44,85173.09,81825.25,83302.24,10261917
MWG,2026-03-13,83203.77,83203.77,80742.12,80742.12,6357524
MWG,2026-03-16,80643.65,80939.05,79166.66,79363.6,5364592
MWG,2026-03-17,80249.79,82514.51,80249.79,81431.38,3870473
MWG,2026-03-18,81529.85,83006.84,81135.98,82416.04,4371458
MWG,2026-03-19,80742.12,81332.92,80151.32,81135.98,8039323
MWG,2026-03-20,80840.59,80840.59,78477.4,78477.4,6589685
MWG,2026-03-23,76803.48,76901.95,73061.77,73061.77,17746125
MWG,2026-03-24,75424.96,75621.89,73849.5,74834.16,8026425
MWG,2026-03-25,75818.82,78280.47,75621.89,77985.07,7667824
MWG,2026-03-26,76803.48,77689.67,76212.68,77295.81,7176893
MWG,2026-03-27,77394.28,80545.19,77000.41,79757.46,7713322
MWG,2026-03-30,77689.67,79560.53,77394.28,79560.53,6121503
MWG,2026-03-31,79560.53,80840.59,79265.13,80545.19,6685454
MWG,2026-04-01,81726.78,82612.97,80545.19,81135.98,5825970
MWG,2026-04-02,80545.19,80545.19,78772.8,80545.19,5764121
MWG,2026-04-03,80249.79,80249.79,77985.07,78083.54,7010643
MWG,2026-04-06,77098.88,78083.54,76409.62,77098.88,6510876
MWG,2026-04-07,77197.34,77591.21,75424.96,76803.48,3865496
MWG,2026-04-08,79363.6,80742.12,78674.33,80643.65,10351288
MWG,2026-04-09,79658.99,80742.12,79462.06,79462.06,3706152
MWG,2026-04-10,80052.86,80939.05,79757.46,80249.79,4739707
MWG,2026-04-13,79560.53,80052.86,78575.87,80052.86,4881583
MWG,2026-04-14,80840.59,81431.38,80151.32,80348.26,4672374
MWG,2026-04-15,80742.12,80742.12,78772.8,78772.8,3857879
MWG,2026-04-16,78969.73,80742.12,78969.73,80052.86,5865882
MWG,2026-04-17,81332.92,85566.95,81234.45,85566.95,15324071
MWG,2026-04-20,86157.75,87142.41,85074.62,85960.82,10326711
MWG,2026-04-21,86059.28,86059.28,84286.9,84286.9,7338979
MWG,2026-04-22,84089.96,85074.62,83499.17,85074.62,9315093
MWG,2026-04-23,85074.62,85468.49,83006.84,83203.77,5501492
MWG,2026-04-24,83203.77,83893.03,82219.11,82219.11,4706599
MWG,2026-04-28,82416.04,84582.29,82416.04,84286.9,5464525
MWG,2026-04-29,83696.1,84385.36,82711.44,82711.44,4973493
MWG,2026-05-04,83400.7,84089.96,82120.64,83597.63,6471370
MWG,2026-05-05,83302.24,84089.96,82809.91,83499.17,4793735
MWG,2026-05-06,83893.03,85074.62,83597.63,84680.76,6801129
MWG,2026-05-07,84877.69,86059.28,84680.76,84680.76,6443543
MWG,2026-05-08,84385.36,84582.29,83302.24,83302.24,4677045
MWG,2026-05-11,83006.84,83893.03,82219.11,82219.11,5805963
MWG,2026-05-12,82219.11,83006.84,81332.92,82514.51,5011679
MWG,2026-05-13,82711.44,83006.84,81431.38,82416.04,3592001
MWG,2026-05-14,82416.04,83302.24,81923.71,82908.37,4064143
MWG,2026-05-15,83203.77,83302.24,80742.12,80742.12,6796152
MWG,2026-05-18,80742.12,80742.12,77788.14,77788.14,12139926
MWG,2026-05-19,77985.07,78477.4,76901.95,77000.41,8077407
MWG,2026-05-20,77000.41,77591.21,73061.77,76015.75,8922876
MWG,2026-05-21,77000.41,78280.47,76508.08,78280.47,6700485
MWG,2026-05-22,78969.73,79757.46,77886.61,78182.0,6178680
MWG,2026-05-25,78871.27,78871.27,77197.34,77492.74,2549407
MWG,2026-05-26,77788.14,78182.0,77098.88,77295.81,2558040
MWG,2026-05-27,77886.61,79166.66,77591.21,78772.8,4703247
MWG,2026-05-28,78772.8,79068.2,76508.08,76508.08,4089127
MWG,2026-05-29,76508.08,77098.88,74637.23,75129.56,7956553
MWG,2026-06-01,75326.49,77886.61,75326.49,77886.61,3858590
MWG,2026-06-02,78182.0,78182.0,76311.15,76705.01,3015761
MWG,2026-06-03,76606.55,77295.81,75720.35,77295.81,4875896
MWG,2026-06-04,77295.81,77295.81,75818.82,77197.34,4375418
MWG,2026-06-05,77295.81,77689.67,76409.62,76803.48,3292303
MWG,2026-06-08,75818.82,76114.22,75129.56,75228.02,4705989
MWG,2026-06-09,75326.49,76311.15,75129.56,76212.68,1798387
MWG,2026-06-10,75917.29,77098.88,75424.96,77000.41,2910852
MWG,2026-06-11,77098.88,77295.81,75720.35,75720.35,3354152
MWG,2026-06-12,76606.55,76606.55,75129.56,75228.02,4204192
MWG,2026-06-15,75818.82,78477.4,75818.82,78182.0,7994333
MWG,2026-06-16,78182.0,78575.87,77591.21,78182.0,3232892
MWG,2026-06-17,78083.54,78575.87,77492.74,77886.61,4132187
MWG,2026-06-18,77394.28,77788.14,76803.48,77492.74,3284890
MWG,2026-06-19,77492.74,77689.67,76311.15,76803.48,2463388
MWG,2026-06-22,76803.48,76803.48,75818.82,76015.75,3039526
MWG,2026-06-23,75917.29,76015.75,74834.16,74834.16,6393171
MWG,2026-06-24,74834.16,76606.55,73849.5,76606.55,4283712
MWG,2026-06-25,75917.29,76311.15,75523.42,76015.75,3609164
MWG,2026-06-26,75917.29,77295.81,75326.49,77295.81,4935002
MWG,2026-06-29,77197.34,77985.07,76901.95,77788.14,4335405
MWG,2026-06-30,77591.21,77788.14,76409.62,76901.95,4071253
MWG,2026-07-01,76803.48,78772.8,76508.08,78772.8,6123331
MWG,2026-07-02,78969.73,80151.32,78182.0,78477.4,4712489
MWG,2026-07-03,78378.94,78378.94,77098.88,77689.67,3327646
MWG,2026-07-06,77394.28,77591.21,75523.42,76803.48,5012593
MWG,2026-07-07,76901.95,77098.88,76212.68,76311.15,2188166
MWG,2026-07-08,76311.15,77985.07,76114.22,77591.21,3194909
MWG,2026-07-09,77197.34,77295.81,76606.55,77295.81,1607559
MWG,2026-07-10,77689.67,77689.67,75424.96,75424.96,3218369
MWG,2026-07-13,75621.89,76114.22,74834.16,74834.16,3779680
MWG,2026-07-14,74637.23,75621.89,74046.43,75621.89,2831434
MWG,2026-07-15,75621.89,75621.89,74637.23,75031.09,1830479
MWG,2026-07-16,75031.09,75523.42,73849.5,75523.42,4421729
MWG,2026-07-17,75326.49,75523.42,74735.69,75523.42,1855462
MWG,2026-07-20,75720.35,75720.35,72864.84,74046.43,7796498
MWG,2026-07-21,73947.97,75228.02,73160.24,74735.69,2917656
MWG,2026-07-22,74735.69,74834.16,69517.0,69517.0,13683911
MWG,2026-07-23,69418.53,70600.12,66070.69,70403.19,9207442
MWG,2026-07-24,68532.34,69812.39,66956.88,66956.88,3669997
MWG,2026-07-27,67449.21,67941.54,62328.98,62328.98,7814677
MWG,2026-07-28,62919.77,64889.09,61541.25,64199.83,7066703
MWG,2026-07-29,65000.0,67800.0,64600.0,66500.0,4613000
MWG,2026-07-30,66500.0,70900.0,66100.0,69800.0,8424500
MWG,2026-07-31,70500.0,70500.0,68500.0,69900.0,4562900
MWG,2026-08-03,70000.0,73000.0,69900.0,72500.0,5091200
MWG,2026-08-04,72200.0,72900.0,71400.0,72100.0,3706800
MWG,2026-08-05,72400.0,72900.0,71000.0,72200.0,3955700
MWG,2026-08-06,71500.0,71900.0,69800.0,71200.0,5330100
MWG,2026-08-07,71300.0,71600.0,70200.0,71000.0,3084600
MWG,2026-08-10,71000.0,73800.0,70700.0,73000.0,4628400
MWG,2026-08-11,72300.0,74000.0,72300.0,73200.0,3120600
MWG,2026-08-12,73300.0,74200.0,73200.0,74000.0,3065700
MWG,2026-08-13,74000.0,74700.0,72800.0,73600.0,2669200
MWG,2026-08-14,73100.0,73500.0,72200.0,72400.0,3164500
NLG,2026-01-30,28353.79,28893.4,28108.52,28893.4,3091122
NLG,2026-02-02,28893.4,28893.4,27667.02,28206.62,2805626
NLG,2026-02-03,28108.52,28500.96,27961.35,28010.4,2009683
NLG,2026-02-04,28108.52,28304.74,27716.08,28059.46,3560595
NLG,2026-02-05,28059.46,28500.96,28010.4,28059.46,1729181
NLG,2026-02-06,27617.96,27716.08,26538.76,26538.76,4967077
NLG,2026-02-09,26882.14,27029.3,26342.54,26882.14,2638874
NLG,2026-02-10,26882.14,27274.58,26784.03,26980.25,1695749
NLG,2026-02-11,27029.3,28451.9,27029.3,28353.79,3702374
NLG,2026-02-12,28255.68,29236.78,28108.52,29138.67,4297930
NLG,2026-02-13,28942.45,28942.45,28451.9,28451.9,2336153
NLG,2026-02-23,28451.9,28451.9,27863.24,28206.62,2522168
NLG,2026-02-24,27961.35,28500.96,27961.35,28108.52,1806237
NLG,2026-02-25,28108.52,28304.74,27470.8,27519.86,3675772
NLG,2026-02-26,27863.24,27912.3,27470.8,27814.18,1883396
NLG,2026-02-27,27863.24,27863.24,27225.52,27323.64,2493119
NLG,2026-03-02,26538.76,26931.2,25950.1,25950.1,7312710
NLG,2026-03-03,25950.1,26244.42,25214.27,25459.54,5655386
NLG,2026-03-04,25459.54,25802.93,24036.95,25214.27,6832025
NLG,2026-03-05,25655.76,26293.48,25018.05,25116.16,3481398
NLG,2026-03-06,25410.49,26048.2,25116.16,25508.6,4150035
NLG,2026-03-09,23840.73,24380.34,23742.62,23742.62,4574966
NLG,2026-03-10,24282.22,25361.44,24184.12,25361.44,6282030
NLG,2026-03-11,25508.6,26538.76,25410.49,26342.54,6184690
NLG,2026-03-12,25851.98,26636.86,25557.66,26391.59,3541229
NLG,2026-03-13,26293.48,26980.25,25901.04,25901.04,4977474
NLG,2026-03-16,26293.48,27667.02,26048.2,27470.8,6183365
NLG,2026-03-17,27617.96,27814.18,27274.58,27274.58,3163388
NLG,2026-03-18,27176.47,27617.96,26489.7,27176.47,2808276
NLG,2026-03-19,26538.76,27863.24,26489.7,27470.8,4373560
NLG,2026-03-20,27568.91,27568.91,27029.3,27176.47,2211701
NLG,2026-03-23,26882.14,27078.36,25851.98,25901.04,3908062
NLG,2026-03-24,26538.76,27667.02,26391.59,27667.02,4910508
NLG,2026-03-25,28059.46,29089.62,27765.13,28746.23,6335847
NLG,2026-03-26,28991.5,28991.5,27863.24,27863.24,4387422
NLG,2026-03-27,27765.13,28893.4,27765.13,28795.28,5450514
NLG,2026-03-30,28157.57,28697.18,27912.3,28206.62,3389970
NLG,2026-03-31,28648.12,28942.45,28059.46,28451.9,3050453
NLG,2026-04-01,28942.45,29776.38,28697.18,29285.84,5817347
NLG,2026-04-02,28844.34,28942.45,28010.4,28942.45,4435633
NLG,2026-04-03,28746.23,29089.62,27568.91,27568.91,5204566
NLG,2026-04-06,27568.91,28108.52,27078.36,27176.47,3272958
NLG,2026-04-07,27176.47,27716.08,26636.86,27176.47,2090306
NLG,2026-04-08,28255.68,29040.56,27814.18,28795.28,4363163
NLG,2026-04-09,28500.96,29629.22,28304.74,28844.34,4690653
NLG,2026-04-10,29236.78,29531.11,28451.9,28648.12,2535929
NLG,2026-04-13,28451.9,29089.62,28304.74,28746.23,2451330
NLG,2026-04-14,29138.67,29138.67,28255.68,28599.06,2626745
NLG,2026-04-15,28648.12,29040.56,28402.84,28402.84,3497604
NLG,2026-04-16,28402.84,28402.84,27568.91,28206.62,3506880
NLG,2026-04-17,28255.68,28402.84,27912.3,28010.4,1315360
NLG,2026-04-20,28010.4,28599.06,27863.24,28010.4,1665783
NLG,2026-04-21,28108.52,28402.84,27617.96,27617.96,1848843
NLG,2026-04-22,27568.91,27961.35,27568.91,27912.3,1012740
NLG,2026-04-23,27765.13,28010.4,26882.14,27421.74,2941086
NLG,2026-04-24,27470.8,27470.8,26833.08,27127.42,2238507
NLG,2026-04-28,27176.47,27617.96,26833.08,27029.3,1035266
NLG,2026-04-29,26833.08,27617.96,26833.08,27225.52,1992151
NLG,2026-05-04,27716.08,27863.24,27274.58,27274.58,1131281
NLG,2026-05-05,27323.64,27716.08,26489.7,26489.7,3647640
NLG,2026-05-06,26734.98,26980.25,26342.54,26734.98,2361125
NLG,2026-05-07,27225.52,27323.64,26293.48,26489.7,3949954
NLG,2026-05-08,26636.86,26636.86,25802.93,25999.15,3160432
NLG,2026-05-11,26097.26,26489.7,25704.82,25901.04,1766180
NLG,2026-05-12,25901.04,26440.64,25901.04,26293.48,2242177
NLG,2026-05-13,26293.48,26342.54,25606.71,25802.93,2282132
NLG,2026-05-14,25901.04,26489.7,25802.93,26440.64,1786362
NLG,2026-05-15,26489.7,26489.7,25901.04,25999.15,1834165
NLG,2026-05-18,26048.2,26048.2,25655.76,25704.82,1995719
NLG,2026-05-19,25901.04,26146.32,25655.76,25655.76,1328712
NLG,2026-05-20,25802.93,25851.98,24036.95,25165.22,3206604
NLG,2026-05-21,25214.27,25410.49,24723.72,24772.78,1840790
NLG,2026-05-22,24919.94,25361.44,24576.56,25018.05,1806951
NLG,2026-05-25,25116.16,26195.37,25116.16,25655.76,1965345
NLG,2026-05-26,25753.88,26244.42,25606.71,26097.26,1669554
NLG,2026-05-27,26097.26,26195.37,25753.88,25901.04,1252471
NLG,2026-05-28,25753.88,26293.48,25655.76,26048.2,1490775
NLG,2026-05-29,26048.2,26146.32,25753.88,25901.04,1271837
NLG,2026-06-01,25999.15,26587.81,25950.1,26244.42,2125471
NLG,2026-06-02,26391.59,26391.59,25459.54,25557.66,1670879
NLG,2026-06-03,25557.66,26146.32,25557.66,25999.15,952604
NLG,2026-06-04,25999.15,26146.32,25606.71,25753.88,727244
NLG,2026-06-05,25753.88,25753.88,25361.44,25459.54,974722
NLG,2026-06-08,25214.27,25508.6,25067.1,25165.22,895117
NLG,2026-06-09,25361.44,25459.54,25018.05,25312.38,567118
NLG,2026-06-10,25312.38,26833.08,25263.32,26244.42,2593823
NLG,2026-06-11,26244.42,26293.48,25901.04,25950.1,688614
NLG,2026-06-12,26300.0,26350.0,25400.0,25400.0,1677200
NLG,2026-06-15,25500.0,26250.0,25500.0,26250.0,1418700
NLG,2026-06-16,26450.0,28050.0,26400.0,28000.0,8740700
NLG,2026-06-17,28150.0,28200.0,27500.0,27650.0,2244800
NLG,2026-06-18,27900.0,27900.0,27050.0,27050.0,2322900
NLG,2026-06-19,27150.0,27650.0,26650.0,27050.0,2328700
NLG,2026-06-22,26800.0,27100.0,26550.0,26600.0,1824800
NLG,2026-06-23,26600.0,26800.0,25700.0,25700.0,2707200
NLG,2026-06-24,25850.0,26050.0,25250.0,25500.0,2554800
NLG,2026-06-25,25500.0,25750.0,25350.0,25450.0,1388600
NLG,2026-06-26,25450.0,26700.0,25450.0,26450.0,4580200
NLG,2026-06-29,26450.0,26550.0,26200.0,26400.0,970600
NLG,2026-06-30,26500.0,26650.0,26150.0,26150.0,1501600
NLG,2026-07-01,26250.0,26700.0,26150.0,26700.0,1624400
NLG,2026-07-02,26750.0,26800.0,26250.0,26300.0,1160800
NLG,2026-07-03,26300.0,26300.0,25800.0,25800.0,1574700
NLG,2026-07-06,25800.0,26050.0,24750.0,25450.0,2549200
NLG,2026-07-07,25450.0,25800.0,25000.0,25650.0,1537900
NLG,2026-07-08,25650.0,26150.0,25500.0,25800.0,1662300
NLG,2026-07-09,25700.0,25750.0,25400.0,25400.0,865100
NLG,2026-07-10,25250.0,25650.0,24800.0,25000.0,1561500
NLG,2026-07-13,24950.0,25500.0,24800.0,25350.0,1766500
NLG,2026-07-14,25350.0,25650.0,25000.0,25300.0,1394000
NLG,2026-07-15,25300.0,25500.0,24900.0,24900.0,1579800
NLG,2026-07-16,24950.0,25050.0,24100.0,24800.0,2010200
NLG,2026-07-17,24800.0,25500.0,24550.0,24850.0,1370000
NLG,2026-07-20,24750.0,25000.0,23700.0,23700.0,1858200
NLG,2026-07-21,23800.0,24150.0,23300.0,23300.0,1206500
NLG,2026-07-22,23300.0,23700.0,22550.0,22650.0,2005700
NLG,2026-07-23,22350.0,22950.0,21350.0,21800.0,2892600
NLG,2026-07-24,21500.0,21950.0,21350.0,21350.0,1422200
NLG,2026-07-27,21200.0,21700.0,20000.0,20000.0,2779500
NLG,2026-07-28,19800.0,20800.0,19150.0,20600.0,2768600
NLG,2026-07-29,20850.0,20900.0,20400.0,20700.0,1967600
NLG,2026-07-30,20700.0,21600.0,20700.0,21550.0,1524000
NLG,2026-07-31,21650.0,22200.0,21500.0,22200.0,4513200
NLG,2026-08-03,21900.0,22450.0,21500.0,21700.0,6985600
NLG,2026-08-04,22000.0,22000.0,21750.0,21850.0,2331000
NLG,2026-08-05,22100.0,22550.0,21750.0,21750.0,3505800
NLG,2026-08-06,21750.0,21900.0,21550.0,21800.0,2125400
NLG,2026-08-07,21900.0,22250.0,21900.0,22200.0,1403500
NLG,2026-08-10,22450.0,22750.0,22200.0,22600.0,1463200
NLG,2026-08-11,22700.0,22950.0,22550.0,22700.0,1673900
NLG,2026-08-12,22900.0,23050.0,22650.0,22650.0,1224200
NLG,2026-08-13,22750.0,22900.0,22500.0,22500.0,1572500
NLG,2026-08-14,22500.0,23650.0,22450.0,22800.0,3847300
OCB,2026-02-02,0.78,0.78,0.78,0.78,1000
OCB,2026-02-04,0.76,0.76,0.76,0.76,100
OCB,2026-02-08,0.75,0.76,0.75,0.76,102000
OCB,2026-02-09,0.76,0.76,0.75,0.75,11000
OCB,2026-02-10,0.75,0.8,0.75,0.8,250200
OCB,2026-02-12,0.8,0.8,0.8,0.8,35000
OCB,2026-02-22,0.79,0.79,0.79,0.79,2000
OCB,2026-02-25,0.78,0.8,0.78,0.8,184300
OCB,2026-02-26,0.8,0.8,0.76,0.76,68500
OCB,2026-03-05,0.71,0.74,0.7,0.74,15600
OCB,2026-03-09,0.74,0.74,0.74,0.74,4000
OCB,2026-03-10,0.74,0.74,0.74,0.74,4000
OCB,2026-03-12,0.74,0.74,0.74,0.74,3500
OCB,2026-03-16,0.74,0.74,0.74,0.74,12500
OCB,2026-03-25,0.74,0.74,0.74,0.74,3000
OCB,2026-04-09,0.76,0.76,0.76,0.76,7200
OCB,2026-04-15,0.74,0.76,0.74,0.76,8000
OCB,2026-04-16,0.76,0.76,0.76,0.76,5900
OCB,2026-04-20,0.76,0.76,0.76,0.76,2000
OCB,2026-04-21,0.77,0.77,0.77,0.77,1000
OCB,2026-04-22,0.77,0.77,0.77,0.77,2000
OCB,2026-04-26,0.78,0.78,0.78,0.78,1400
OCB,2026-05-03,0.79,0.79,0.79,0.79,2500
OCB,2026-05-04,0.79,0.82,0.79,0.82,53200
OCB,2026-05-10,0.82,0.84,0.8,0.8,170000
OCB,2026-05-11,0.82,0.82,0.8,0.8,2400
OCB,2026-05-18,0.82,0.84,0.82,0.82,80000
OCB,2026-05-19,0.82,0.84,0.82,0.82,113800
OCB,2026-05-20,0.82,0.82,0.82,0.82,56000
OCB,2026-05-21,0.82,0.82,0.82,0.82,28900
OCB,2026-05-24,0.86,0.86,0.82,0.82,81900
OCB,2026-05-25,0.83,0.86,0.83,0.83,11600
OCB,2026-05-27,0.84,0.86,0.84,0.86,10000
OCB,2026-05-28,0.86,0.86,0.86,0.86,100
OCB,2026-06-02,0.86,0.86,0.86,0.86,4000
OCB,2026-06-03,0.86,0.89,0.85,0.85,6900
OCB,2026-06-04,0.86,0.89,0.86,0.89,3500
OCB,2026-06-08,0.86,0.86,0.86,0.86,600
OCB,2026-06-09,0.86,0.89,0.84,0.86,271600
OCB,2026-06-11,0.86,0.9,0.86,0.9,10000
OCB,2026-06-23,0.87,0.87,0.87,0.87,5000
OCB,2026-06-24,0.86,0.86,0.86,0.86,9000
OCB,2026-06-25,0.86,0.86,0.86,0.86,30000
OCB,2026-06-29,0.9,1.0,0.88,0.98,176400
OCB,2026-06-30,1.0,1.0,0.9,0.91,49100
OCB,2026-07-01,0.91,0.91,0.88,0.9,15800
OCB,2026-07-02,0.91,0.92,0.91,0.92,20400
OCB,2026-07-05,0.91,0.92,0.91,0.92,12600
OCB,2026-07-07,0.92,0.92,0.92,0.92,2000
OCB,2026-07-08,0.92,0.92,0.86,0.92,22900
OCB,2026-07-09,0.92,0.92,0.92,0.92,11100
OCB,2026-07-12,0.92,0.92,0.92,0.92,15500
OCB,2026-07-13,0.92,0.92,0.92,0.92,16200
OCB,2026-07-14,0.93,0.96,0.93,0.96,14500
OCB,2026-07-15,0.96,0.96,0.96,0.96,100
OCB,2026-07-16,0.91,0.91,0.91,0.91,3500
OCB,2026-07-19,0.92,0.92,0.92,0.92,46600
OCB,2026-07-20,0.92,0.92,0.92,0.92,24500
OCB,2026-07-22,0.92,0.92,0.92,0.92,2000
OCB,2026-07-27,0.92,0.92,0.92,0.92,11000
OCB,2026-07-28,0.92,0.92,0.92,0.92,3000
OCB,2026-07-29,0.92,0.92,0.92,0.92,6100
OCB,2026-07-30,0.92,0.92,0.92,0.92,21000
OCB,2026-08-02,0.92,0.92,0.92,0.92,2000
OCB,2026-08-03,0.93,0.93,0.93,0.93,1000
OCB,2026-08-04,0.93,0.93,0.93,0.93,400
OCB,2026-08-05,0.9,0.9,0.9,0.9,2000
OCB,2026-08-06,0.93,0.93,0.9,0.9,8600
OCB,2026-08-09,0.86,0.86,0.86,0.86,2600
OCB,2026-08-11,0.87,0.88,0.87,0.88,13300
OCB,2026-08-13,0.88,0.88,0.88,0.88,2800
PDR,2026-01-30,17500.0,17950.0,17350.0,17700.0,10651800
PDR,2026-02-02,17900.0,18150.0,17650.0,18000.0,11355000
PDR,2026-02-03,18050.0,18100.0,17650.0,17700.0,6348000
PDR,2026-02-04,17750.0,17850.0,17450.0,17750.0,5494300
PDR,2026-02-05,17800.0,17950.0,17250.0,17450.0,7673500
PDR,2026-02-06,17250.0,17250.0,16800.0,17000.0,9062200
PDR,2026-02-09,17000.0,17300.0,16850.0,17300.0,3906400
PDR,2026-02-10,17200.0,17400.0,17050.0,17300.0,5645700
PDR,2026-02-11,17300.0,18000.0,17200.0,17900.0,11829900
PDR,2026-02-12,17900.0,17950.0,17600.0,17700.0,3902800
PDR,2026-02-13,17600.0,17700.0,17400.0,17400.0,5315600
PDR,2026-02-23,17600.0,17650.0,17300.0,17500.0,5116000
PDR,2026-02-24,17450.0,17550.0,17300.0,17300.0,7005700
PDR,2026-02-25,17300.0,17400.0,17000.0,17000.0,8467700
PDR,2026-02-26,17000.0,17200.0,16850.0,16900.0,5115600
PDR,2026-02-27,17000.0,17000.0,16200.0,16400.0,16137700
PDR,2026-03-02,15400.0,15900.0,15300.0,15600.0,15455500
PDR,2026-03-03,15450.0,15750.0,15050.0,15600.0,12122500
PDR,2026-03-04,15450.0,15600.0,14600.0,15600.0,15752100
PDR,2026-03-05,15650.0,15800.0,15300.0,15650.0,12684400
PDR,2026-03-06,15650.0,15650.0,15300.0,15600.0,7560500
PDR,2026-03-09,14550.0,15000.0,14550.0,14550.0,2783400
PDR,2026-03-10,14450.0,14700.0,13700.0,14600.0,12022000
PDR,2026-03-11,14350.0,15400.0,14250.0,15300.0,12365900
PDR,2026-03-12,15100.0,15400.0,14850.0,15250.0,8338100
PDR,2026-03-13,14900.0,15700.0,14900.0,15450.0,10997400
PDR,2026-03-16,15750.0,15850.0,15400.0,15600.0,8555800
PDR,2026-03-17,15550.0,15600.0,15150.0,15250.0,7343700
PDR,2026-03-18,15200.0,15300.0,14800.0,15250.0,5887800
PDR,2026-03-19,14900.0,15650.0,14900.0,15400.0,10087900
PDR,2026-03-20,15350.0,15400.0,15100.0,15150.0,7858900
PDR,2026-03-23,14850.0,15000.0,14100.0,14500.0,10474100
PDR,2026-03-24,14600.0,15450.0,14450.0,15150.0,10501500
PDR,2026-03-25,15200.0,15500.0,14900.0,15300.0,10300000
PDR,2026-03-26,15300.0,15600.0,15150.0,15350.0,7475000
PDR,2026-03-27,15300.0,16400.0,15200.0,16400.0,26467800
PDR,2026-03-30,16250.0,16850.0,16200.0,16600.0,17824400
PDR,2026-03-31,16650.0,16700.0,16250.0,16350.0,13963500
PDR,2026-04-01,16650.0,16750.0,16200.0,16250.0,13526500
PDR,2026-04-02,16150.0,16200.0,15850.0,16100.0,11789600
PDR,2026-04-03,16000.0,16350.0,15900.0,15900.0,9454900
PDR,2026-04-06,15800.0,16000.0,15150.0,15550.0,9610900
PDR,2026-04-07,15500.0,15700.0,15300.0,15700.0,6311500
PDR,2026-04-08,16100.0,16650.0,15900.0,16600.0,16441600
PDR,2026-04-09,16450.0,17100.0,16300.0,16700.0,19572500
PDR,2026-04-10,16850.0,17050.0,16400.0,16400.0,11948400
PDR,2026-04-13,16300.0,16850.0,16250.0,16500.0,10336800
PDR,2026-04-14,16750.0,16800.0,16250.0,16450.0,8329700
PDR,2026-04-15,16500.0,16850.0,16400.0,16450.0,13313900
PDR,2026-04-16,16600.0,16750.0,16100.0,16400.0,9670100
PDR,2026-04-17,16500.0,16500.0,16150.0,16150.0,6965800
PDR,2026-04-20,16100.0,16300.0,16050.0,16150.0,5076700
PDR,2026-04-21,16200.0,16300.0,15850.0,16150.0,8435900
PDR,2026-04-22,16000.0,16150.0,15800.0,16150.0,7299200
PDR,2026-04-23,16150.0,16350.0,15800.0,16050.0,7689700
PDR,2026-04-24,15950.0,16250.0,15700.0,16200.0,6233400
PDR,2026-04-28,16200.0,16300.0,15950.0,16200.0,4958700
PDR,2026-04-29,16050.0,16600.0,16000.0,16450.0,11759800
PDR,2026-05-04,16550.0,16900.0,16350.0,16500.0,8738800
PDR,2026-05-05,16350.0,16500.0,16000.0,16400.0,8642700
PDR,2026-05-06,16350.0,16700.0,16150.0,16600.0,9430200
PDR,2026-05-07,16600.0,17100.0,16500.0,16550.0,19187600
PDR,2026-05-08,16500.0,16500.0,16250.0,16350.0,7123300
PDR,2026-05-11,16350.0,16550.0,16100.0,16350.0,10328700
PDR,2026-05-12,16300.0,16700.0,16250.0,16500.0,9784200
PDR,2026-05-13,16500.0,16500.0,16150.0,16350.0,5926900
PDR,2026-05-14,16200.0,16750.0,16200.0,16550.0,13838700
PDR,2026-05-15,16700.0,16700.0,16450.0,16550.0,6998000
PDR,2026-05-18,16550.0,16600.0,16300.0,16550.0,8626300
PDR,2026-05-19,16650.0,17050.0,16600.0,16850.0,23141500
PDR,2026-05-20,16850.0,16850.0,15700.0,16400.0,16249700
PDR,2026-05-21,16450.0,16500.0,15950.0,16050.0,5811100
PDR,2026-05-22,16050.0,16050.0,15350.0,15800.0,9864600
PDR,2026-05-25,15850.0,16050.0,15600.0,15850.0,5347400
PDR,2026-05-26,15850.0,16950.0,15850.0,16950.0,37995800
PDR,2026-05-27,17150.0,17250.0,16800.0,17000.0,13736100
PDR,2026-05-28,17000.0,17100.0,16450.0,16500.0,15848700
PDR,2026-05-29,16450.0,16450.0,16000.0,16050.0,12247300
PDR,2026-06-01,16000.0,16200.0,15800.0,16100.0,7216600
PDR,2026-06-02,16050.0,16050.0,15050.0,15250.0,20130700
PDR,2026-06-03,15250.0,15400.0,14900.0,15300.0,7030200
PDR,2026-06-04,15300.0,15350.0,15000.0,15100.0,5214500
PDR,2026-06-05,15150.0,15150.0,14850.0,15050.0,7010600
PDR,2026-06-08,14800.0,14950.0,14650.0,14900.0,7573000
PDR,2026-06-09,14800.0,14900.0,14650.0,14900.0,5136200
PDR,2026-06-10,14850.0,15400.0,14750.0,15200.0,9554100
PDR,2026-06-11,15050.0,15050.0,14850.0,15000.0,4240000
PDR,2026-06-12,15050.0,15150.0,14850.0,14900.0,6139100
PDR,2026-06-15,15050.0,15150.0,14850.0,15100.0,6585000
PDR,2026-06-16,15100.0,15400.0,15000.0,15350.0,7599100
PDR,2026-06-17,15350.0,15450.0,15100.0,15150.0,7948400
PDR,2026-06-18,15150.0,15200.0,14950.0,15100.0,5543700
PDR,2026-06-19,15100.0,15350.0,14950.0,15000.0,7005000
PDR,2026-06-22,15000.0,15000.0,14750.0,14950.0,5026800
PDR,2026-06-23,15000.0,15000.0,14600.0,14750.0,7244400
PDR,2026-06-24,14650.0,14750.0,14400.0,14700.0,5688800
PDR,2026-06-25,14650.0,14800.0,14500.0,14750.0,4729900
PDR,2026-06-26,14800.0,14850.0,14500.0,14700.0,4030500
PDR,2026-06-29,14750.0,14800.0,14600.0,14750.0,3110700
PDR,2026-06-30,14750.0,14950.0,14650.0,14750.0,4031800
PDR,2026-07-01,14750.0,14850.0,14700.0,14800.0,3053400
PDR,2026-07-02,14850.0,14900.0,14650.0,14750.0,3553700
PDR,2026-07-03,14750.0,14750.0,14450.0,14550.0,6242000
PDR,2026-07-06,14550.0,14550.0,13900.0,14300.0,11827800
PDR,2026-07-07,14000.0,14300.0,14000.0,14300.0,4872100
PDR,2026-07-08,14250.0,14650.0,14050.0,14400.0,9363200
PDR,2026-07-09,14350.0,14350.0,14100.0,14200.0,4706000
PDR,2026-07-10,14100.0,14300.0,14050.0,14050.0,7729300
PDR,2026-07-13,14000.0,14050.0,13550.0,13800.0,9528800
PDR,2026-07-14,13600.0,14000.0,13500.0,13900.0,6860100
PDR,2026-07-15,13800.0,13850.0,13400.0,13700.0,6325300
PDR,2026-07-16,13500.0,13600.0,12950.0,13600.0,9959600
PDR,2026-07-17,13550.0,13550.0,13200.0,13450.0,4114000
PDR,2026-07-20,13200.0,13200.0,12550.0,12700.0,12680700
PDR,2026-07-21,12250.0,12700.0,12100.0,12400.0,7367700
PDR,2026-07-22,12200.0,12450.0,12050.0,12100.0,7898800
PDR,2026-07-23,11900.0,12100.0,11300.0,12100.0,12030600
PDR,2026-07-24,11850.0,11950.0,11650.0,11950.0,4538300
PDR,2026-07-27,11750.0,11850.0,11150.0,11150.0,5822600
PDR,2026-07-28,10400.0,11700.0,10400.0,11500.0,15592800
PDR,2026-07-29,11500.0,11500.0,11300.0,11500.0,3857700
PDR,2026-07-30,11400.0,11900.0,11350.0,11850.0,9682300
PDR,2026-07-31,11850.0,11850.0,11450.0,11450.0,6216700
PDR,2026-08-03,11500.0,12000.0,11450.0,11800.0,7327400
PDR,2026-08-04,11900.0,12350.0,11900.0,12100.0,10049900
PDR,2026-08-05,12250.0,12400.0,12000.0,12000.0,7732300
PDR,2026-08-06,11950.0,12000.0,11750.0,11800.0,6507400
PDR,2026-08-07,11800.0,11900.0,11650.0,11900.0,4193300
PDR,2026-08-10,11900.0,12200.0,11850.0,12100.0,6244600
PDR,2026-08-11,12100.0,12450.0,12000.0,12100.0,6704300
PDR,2026-08-12,12150.0,12300.0,12050.0,12100.0,3595400
PDR,2026-08-13,12150.0,12250.0,11800.0,11950.0,6992800
PDR,2026-08-14,11850.0,12300.0,11700.0,11950.0,6202400
PLX,2026-01-29,185.04,185.04,177.28,178.49,242678000
PLX,2026-02-01,176.91,176.91,165.1,166.58,224095000
PLX,2026-02-02,169.19,174.25,169.19,170.1,150750000
PLX,2026-02-03,170.76,180.98,168.51,178.14,165372000
PLX,2026-02-04,176.49,180.44,173.93,174.82,131632000
PLX,2026-02-05,174.27,177.44,169.61,171.08,256914000
PLX,2026-02-08,175.49,183.07,174.38,180.3,215947000
PLX,2026-02-09,180.63,180.99,170.12,171.5,221681000
PLX,2026-02-10,172.92,182.77,172.9,180.63,246780000
PLX,2026-02-22,185.82,189.77,182.65,187.47,298467000
PLX,2026-02-23,190.24,199.42,188.7,198.28,334475000
PLX,2026-02-24,200.95,210.94,198.42,210.94,432942000
PLX,2026-02-25,210.63,212.84,204.76,207.12,385501000
PLX,2026-03-01,207.63,210.19,201.15,201.33,347674000
PLX,2026-03-02,200.9,210.14,192.57,195.45,380931000
PLX,2026-03-03,193.58,193.6,182.43,183.23,331452000
PLX,2026-03-04,190.05,192.61,183.26,187.19,246274000
PLX,2026-03-05,186.46,196.17,186.13,192.75,456271000
PLX,2026-03-08,188.54,195.11,177.51,179.51,823581000
PLX,2026-03-09,179.23,184.54,179.23,182.61,511976000
PLX,2026-03-10,184.36,188.58,181.39,187.69,345994000
PLX,2026-03-11,186.06,187.17,178.29,181.17,442267000
PLX,2026-03-12,180.42,188.12,178.79,186.11,465140000
PLX,2026-03-15,191.02,197.94,191.02,195.97,494028000
PLX,2026-03-16,195.83,197.16,191.16,191.16,271432000
PLX,2026-03-17,192.94,196.98,191.29,194.08,226895000
PLX,2026-03-18,193.61,200.47,190.94,194.36,463558000
PLX,2026-03-19,193.56,195.96,185.87,186.77,512805000
PLX,2026-03-22,183.18,185.71,176.92,177.57,493594000
PLX,2026-03-23,179.61,180.69,173.53,175.59,374718000
PLX,2026-03-24,178.87,181.21,176.88,179.3,266101000
PLX,2026-03-25,183.64,191.32,182.28,182.28,343297000
PLX,2026-03-26,182.08,183.48,178.69,180.44,380131000
PLX,2026-03-29,178.03,194.94,178.03,194.04,602713000
PLX,2026-03-30,192.64,194.24,179.15,180.12,750401000
PLX,2026-03-31,182.92,189.04,182.41,186.11,394035000
PLX,2026-04-01,187.89,188.61,183.41,183.74,389597000
PLX,2026-04-06,186.83,193.78,186.61,189.47,368309000
PLX,2026-04-07,193.37,193.37,188.82,192.79,296570000
PLX,2026-04-08,193.12,199.49,192.4,193.34,360428000
PLX,2026-04-09,195.41,195.96,186.45,188.63,294883000
PLX,2026-04-12,190.89,202.66,190.42,201.43,452229000
PLX,2026-04-13,202.03,215.18,202.03,211.46,527399000
PLX,2026-04-14,212.8,212.8,203.06,205.14,413673000
PLX,2026-04-15,206.25,211.02,201.84,210.42,246111000
PLX,2026-04-16,209.53,212.56,203.99,205.06,268767000
PLX,2026-04-19,205.25,208.44,199.88,201.6,202258000
PLX,2026-04-20,202.92,205.71,202.76,203.73,166927000
PLX,2026-04-21,203.84,207.35,202.56,204.83,156985000
PLX,2026-04-22,206.92,207.51,192.98,198.64,330939000
PLX,2026-04-23,199.29,200.79,194.19,198.34,203245000
PLX,2026-04-26,198.65,204.03,197.57,200.88,173165000
PLX,2026-04-27,203.0,209.69,202.9,204.48,185632000
PLX,2026-04-28,204.84,212.08,204.47,207.32,205356000
PLX,2026-04-29,208.27,210.68,202.15,205.65,234401000
PLX,2026-05-03,206.37,206.37,201.55,201.83,176560000
PLX,2026-05-04,202.42,210.15,200.86,209.39,216175000
PLX,2026-05-05,213.04,218.07,205.43,207.54,256138000
PLX,2026-05-06,207.99,208.33,201.4,201.52,194058000
PLX,2026-05-07,200.69,202.84,194.31,196.55,198833000
PLX,2026-05-10,198.54,203.07,198.54,201.2,150261000
PLX,2026-05-11,201.53,202.5,195.59,196.35,143140000
PLX,2026-05-12,196.63,196.63,190.97,191.91,142539000
PLX,2026-05-13,192.23,194.87,188.67,188.67,151896000
PLX,2026-05-14,188.99,191.07,186.46,187.62,169970000
PLX,2026-05-17,185.71,188.14,184.0,187.5,141503000
PLX,2026-05-18,187.63,191.73,184.46,184.46,132161000
PLX,2026-05-19,184.6,185.7,181.72,182.7,109986000
PLX,2026-05-20,183.21,192.14,183.21,191.07,133920000
PLX,2026-05-21,191.98,192.48,189.87,189.96,119578000
PLX,2026-05-24,190.13,191.14,188.25,189.46,130914000
PLX,2026-05-25,189.16,198.29,189.16,192.79,184971000
PLX,2026-05-26,196.71,200.61,195.37,199.18,213915000
PLX,2026-05-27,199.74,200.01,192.53,193.89,224503000
PLX,2026-05-28,196.91,208.43,196.7,207.91,342254000
PLX,2026-05-31,207.89,224.91,207.34,224.11,344008000
PLX,2026-06-01,224.1,238.75,224.1,231.47,427090000
PLX,2026-06-02,237.47,238.7,227.33,235.83,481408000
PLX,2026-06-03,233.64,242.44,231.29,231.29,471744000
PLX,2026-06-04,227.98,228.32,214.71,220.37,226654000
PLX,2026-06-07,220.14,220.14,202.4,206.24,203345000
PLX,2026-06-08,209.54,210.64,204.81,207.36,194422000
PLX,2026-06-09,204.8,209.25,199.68,199.88,163888000
PLX,2026-06-10,199.39,205.5,197.49,201.61,157758000
PLX,2026-06-11,208.34,215.89,207.76,215.66,154458000
PLX,2026-06-14,216.23,231.3,216.23,230.98,198337000
PLX,2026-06-15,232.62,240.8,227.88,228.77,230989000
PLX,2026-06-16,227.13,244.96,226.26,243.63,202964000
PLX,2026-06-17,255.61,262.28,255.61,261.34,431600000
PLX,2026-06-21,261.34,280.49,261.34,278.68,264079000
PLX,2026-06-22,278.66,292.52,273.46,275.18,392601000
PLX,2026-06-23,264.81,300.02,262.7,285.32,276978000
PLX,2026-06-24,285.33,298.24,285.33,288.82,379513000
PLX,2026-06-25,287.95,287.95,269.26,271.6,235184000
PLX,2026-06-28,271.62,280.1,267.51,276.94,127830000
PLX,2026-06-29,276.5,294.99,276.5,294.46,186294000
PLX,2026-06-30,294.6,315.63,294.6,313.46,263046000
PLX,2026-07-01,313.45,342.07,302.17,338.83,457993000
PLX,2026-07-02,338.97,349.84,332.22,347.38,874991000
PLX,2026-07-05,348.45,354.58,327.38,332.07,800295000
PLX,2026-07-06,331.0,333.26,305.0,305.0,382427000
PLX,2026-07-07,303.92,325.38,303.92,323.33,592434000
PLX,2026-07-08,328.79,334.54,307.58,315.41,443345000
PLX,2026-07-12,332.19,345.0,332.19,343.6,351685000
PLX,2026-07-13,343.86,359.44,331.37,359.44,528386000
PLX,2026-07-14,367.37,385.51,365.22,383.69,509804000
PLX,2026-07-15,382.02,388.22,369.66,375.34,518520000
PLX,2026-07-16,364.32,364.32,344.73,345.86,388689000
PLX,2026-07-19,334.6,341.63,320.59,328.36,296035000
PLX,2026-07-20,336.67,348.67,328.93,344.11,319608000
PLX,2026-07-21,353.59,365.79,348.13,360.05,344519000
PLX,2026-07-22,366.74,379.62,347.55,351.44,619757000
PLX,2026-07-23,348.44,348.56,322.19,323.29,290098000
PLX,2026-07-26,318.29,323.66,303.33,315.79,255782000
PLX,2026-07-27,303.74,303.74,288.98,289.57,197129000
PLX,2026-07-28,289.9,289.9,265.67,269.19,313306000
PLX,2026-07-29,266.51,284.93,261.08,269.07,284820000
PLX,2026-07-30,284.95,292.23,284.95,286.96,166562000
PLX,2026-08-02,286.03,303.29,286.03,291.02,240073000
PLX,2026-08-03,292.0,309.69,290.72,299.97,179761000
PLX,2026-08-04,310.32,318.22,303.22,308.41,202906000
PLX,2026-08-05,303.47,313.0,298.45,309.0,130905000
PLX,2026-08-06,322.61,326.92,309.36,320.61,217068000
PLX,2026-08-09,320.03,325.86,313.73,317.11,203603000
PLX,2026-08-10,315.47,323.4,300.59,321.92,181992000
PLX,2026-08-11,326.3,331.71,319.34,322.6,146082000
PLX,2026-08-12,327.51,332.11,318.35,323.69,199365000
PLX,2026-08-13,332.43,347.59,324.39,346.83,269250000
PNJ,2026-01-30,83200.42,84667.09,81000.4,84667.09,5604421
PNJ,2026-02-02,82200.41,82400.41,78800.39,78800.39,5039824
PNJ,2026-02-03,77467.05,80000.4,75667.04,80000.4,10129599
PNJ,2026-02-04,80467.07,80667.07,79333.73,79800.4,3221533
PNJ,2026-02-05,79933.73,80000.4,76267.05,77467.05,4295228
PNJ,2026-02-06,75333.71,75333.71,72067.03,72600.36,7537612
PNJ,2026-02-09,73667.04,75867.05,73333.7,75267.04,3367483
PNJ,2026-02-10,75333.71,76267.05,70000.35,75267.04,3378583
PNJ,2026-02-11,74067.04,77267.05,74000.37,77267.05,4212428
PNJ,2026-02-12,77267.05,79933.73,75333.71,79000.4,2631586
PNJ,2026-02-13,78000.39,80000.4,76933.72,80000.4,2592737
PNJ,2026-02-23,80200.4,81267.07,79533.73,80133.73,1807040
PNJ,2026-02-24,80133.73,81200.41,79200.4,80333.74,2620036
PNJ,2026-02-25,80867.07,80867.07,74733.71,79667.06,4192329
PNJ,2026-02-26,79200.4,81267.07,78000.39,80000.4,4085079
PNJ,2026-02-27,80600.4,81467.07,79733.73,81267.07,3050234
PNJ,2026-03-02,80933.74,84600.42,80000.4,83000.41,6273568
PNJ,2026-03-03,83000.41,83267.08,79667.06,81333.74,2969985
PNJ,2026-03-04,79267.06,80600.4,76600.38,80600.4,4737276
PNJ,2026-03-05,79867.07,79867.07,75333.71,77333.72,3409332
PNJ,2026-03-06,76667.05,77333.72,73733.7,76333.72,3964180
PNJ,2026-03-09,71133.69,72600.36,71000.36,71000.36,3029234
PNJ,2026-03-10,75800.38,75800.38,72467.03,75667.04,2711986
PNJ,2026-03-11,75533.71,79667.06,74333.7,79333.73,2896035
PNJ,2026-03-12,79067.06,79067.06,76667.05,78600.39,1495642
PNJ,2026-03-13,76667.05,78267.06,76600.38,77933.72,1573342
PNJ,2026-03-16,76733.72,78733.73,76133.71,78667.06,1076244
PNJ,2026-03-17,79133.73,79467.06,76933.72,78467.06,1049544
PNJ,2026-03-18,78467.06,78467.06,75667.04,76667.05,1317893
PNJ,2026-03-19,75333.71,77000.38,74733.71,76600.38,976645
PNJ,2026-03-20,76600.38,76600.38,75067.04,76133.71,1539142
PNJ,2026-03-23,74067.04,74667.04,70867.02,70867.02,2721736
PNJ,2026-03-24,71467.02,72333.7,70800.35,72333.7,1365743
PNJ,2026-03-25,73000.37,74000.37,72200.36,74000.37,1814690
PNJ,2026-03-26,74000.37,74333.7,68867.01,70667.02,3440532
PNJ,2026-03-27,68533.68,73267.03,67133.67,73267.03,3175034
PNJ,2026-03-30,70133.68,72000.36,70067.02,72000.36,1802990
PNJ,2026-03-31,72000.36,73333.7,71400.36,72000.36,2238288
PNJ,2026-04-01,72733.7,73133.7,71933.69,72867.03,1219493
PNJ,2026-04-02,71000.36,72600.36,70800.35,72600.36,1405642
PNJ,2026-04-03,71600.36,72533.7,71200.36,72533.7,1516042
PNJ,2026-04-06,71200.36,71800.36,69733.68,69733.68,1058244
PNJ,2026-04-07,69733.68,70067.02,66667.0,66667.0,2151739
PNJ,2026-04-08,69000.34,71333.69,68467.01,71333.69,1457692
PNJ,2026-04-09,71333.69,73333.7,71133.69,73333.7,1765191
PNJ,2026-04-10,72667.03,73200.37,72133.69,72667.03,716096
PNJ,2026-04-13,72667.03,74000.37,72533.7,73333.7,1085544
PNJ,2026-04-14,72333.7,73533.7,72267.03,73000.37,865795
PNJ,2026-04-15,73400.37,75000.38,72667.03,72800.36,826795
PNJ,2026-04-16,72867.03,73333.7,71467.02,72600.36,813295
PNJ,2026-04-17,72600.36,75000.38,72200.36,74000.37,2117839
PNJ,2026-04-20,74333.7,76667.05,74333.7,76667.05,2799886
PNJ,2026-04-21,76933.72,77067.05,74267.04,74600.37,1616391
PNJ,2026-04-22,76000.38,76000.38,72667.03,73333.7,3517182
PNJ,2026-04-23,75100.0,76600.0,71100.0,71700.0,1660400
PNJ,2026-04-24,71900.0,72400.0,69000.0,70000.0,1338800
PNJ,2026-04-28,70100.0,70100.0,66900.0,67000.0,1616500
PNJ,2026-04-29,67500.0,69000.0,67000.0,67300.0,2045300
PNJ,2026-05-04,67600.0,68900.0,67600.0,68300.0,1225800
PNJ,2026-05-05,68300.0,68300.0,67200.0,67400.0,1150100
PNJ,2026-05-06,68100.0,68100.0,67200.0,68000.0,1205200
PNJ,2026-05-07,68200.0,70000.0,68100.0,69100.0,1209000
PNJ,2026-05-08,69100.0,70100.0,69100.0,70100.0,986700
PNJ,2026-05-11,70100.0,70200.0,68600.0,69100.0,1038900
PNJ,2026-05-12,69200.0,69500.0,68200.0,69500.0,644500
PNJ,2026-05-13,69500.0,70000.0,68900.0,69600.0,459800
PNJ,2026-05-14,69600.0,69600.0,68300.0,69500.0,669200
PNJ,2026-05-15,69100.0,69100.0,67100.0,67300.0,1447200
PNJ,2026-05-18,67100.0,67100.0,64500.0,64700.0,2277600
PNJ,2026-05-19,64300.0,66700.0,64300.0,65000.0,1273000
PNJ,2026-05-20,64500.0,66100.0,63400.0,65800.0,1042000
PNJ,2026-05-21,65900.0,66100.0,64700.0,65300.0,855200
PNJ,2026-05-22,65300.0,65700.0,64400.0,65500.0,952100
PNJ,2026-05-25,66000.0,66000.0,64300.0,64300.0,710200
PNJ,2026-05-26,64800.0,65400.0,64100.0,65200.0,762200
PNJ,2026-05-27,65000.0,65600.0,65000.0,65300.0,514200
PNJ,2026-05-28,65300.0,66200.0,64500.0,65900.0,958700
PNJ,2026-05-29,65300.0,66100.0,64900.0,65800.0,738800
PNJ,2026-06-01,65800.0,66000.0,65000.0,65800.0,414900
PNJ,2026-06-02,65200.0,65700.0,64600.0,65000.0,694300
PNJ,2026-06-03,65200.0,65700.0,64500.0,65400.0,433300
PNJ,2026-06-04,65400.0,65500.0,64300.0,65000.0,660300
PNJ,2026-06-05,65000.0,65700.0,64500.0,65700.0,672500
PNJ,2026-06-08,64700.0,65500.0,64600.0,65100.0,1098900
PNJ,2026-06-09,64800.0,64900.0,63500.0,64800.0,1099300
PNJ,2026-06-10,63900.0,64700.0,63600.0,64000.0,878500
PNJ,2026-06-11,63400.0,63400.0,61700.0,62000.0,1190100
PNJ,2026-06-12,62800.0,63300.0,62000.0,62000.0,783600
PNJ,2026-06-15,63100.0,65200.0,63100.0,65000.0,1400200
PNJ,2026-06-16,64900.0,68500.0,64500.0,68200.0,2527000
PNJ,2026-06-17,68400.0,68400.0,66900.0,68000.0,915200
PNJ,2026-06-18,67500.0,68000.0,66900.0,68000.0,799900
PNJ,2026-06-19,66800.0,67900.0,66800.0,67100.0,668200
PNJ,2026-06-22,65000.0,66000.0,64800.0,66000.0,1405400
PNJ,2026-06-23,66400.0,66400.0,64900.0,65200.0,659700
PNJ,2026-06-24,64800.0,66000.0,64400.0,65500.0,724500
PNJ,2026-06-25,65000.0,65000.0,63800.0,64100.0,804500
PNJ,2026-06-26,63600.0,63800.0,62700.0,63500.0,542200
PNJ,2026-06-29,63500.0,63600.0,62700.0,63200.0,636200
PNJ,2026-06-30,63100.0,63200.0,62300.0,63000.0,715400
PNJ,2026-07-01,62500.0,63400.0,62500.0,62700.0,586500
PNJ,2026-07-02,63000.0,64800.0,62800.0,63100.0,2175200
PNJ,2026-07-03,58700.0,58700.0,58700.0,58700.0,1185500
PNJ,2026-07-06,54600.0,54600.0,54600.0,54600.0,565000
PNJ,2026-07-07,50800.0,50800.0,50800.0,50800.0,994200
PNJ,2026-07-08,47250.0,52000.0,47250.0,52000.0,25605600
PNJ,2026-07-09,52000.0,54000.0,50000.0,50000.0,4764300
PNJ,2026-07-10,49700.0,49800.0,46500.0,46600.0,10169700
PNJ,2026-07-13,45900.0,46500.0,43750.0,43850.0,6681400
PNJ,2026-07-14,43900.0,46900.0,43800.0,46900.0,5620000
PNJ,2026-07-15,46800.0,46800.0,43650.0,43650.0,8168200
PNJ,2026-07-16,41700.0,42750.0,40600.0,40900.0,14681800
PNJ,2026-07-17,41500.0,43000.0,40500.0,43000.0,7504500
PNJ,2026-07-20,43350.0,43350.0,40600.0,41000.0,5780000
PNJ,2026-07-21,40900.0,41500.0,38150.0,38150.0,9655900
PNJ,2026-07-22,35500.0,36950.0,35500.0,35500.0,7538000
PNJ,2026-07-23,33050.0,33050.0,33050.0,33050.0,586700
PNJ,2026-07-24,30750.0,32050.0,30750.0,30750.0,41349200
PNJ,2026-07-27,30950.0,32900.0,30900.0,32900.0,10257100
PNJ,2026-07-28,33100.0,35200.0,32650.0,32650.0,20423300
PNJ,2026-07-29,32900.0,33900.0,32450.0,32750.0,7236500
PNJ,2026-07-30,32750.0,33450.0,31800.0,32500.0,7820300
PNJ,2026-07-31,30350.0,31250.0,30250.0,31000.0,17734700
PNJ,2026-08-03,31200.0,33150.0,31200.0,33150.0,8005300
PNJ,2026-08-04,34000.0,35450.0,34000.0,35450.0,10647300
PNJ,2026-08-05,37250.0,37900.0,36750.0,37900.0,7807700
PNJ,2026-08-06,39100.0,39700.0,36200.0,36450.0,8463700
PNJ,2026-08-07,36100.0,37900.0,35100.0,36000.0,3949500
PNJ,2026-08-10,35400.0,36400.0,34550.0,35950.0,2725500
PNJ,2026-08-11,36300.0,36750.0,34850.0,34850.0,3197000
PNJ,2026-08-12,35100.0,35600.0,34850.0,35050.0,2360000
PNJ,2026-08-13,35600.0,35750.0,35150.0,35300.0,2472100
PNJ,2026-08-14,35350.0,37500.0,35250.0,36500.0,4771400
POW,2026-01-29,69.15,70.0,68.69,68.72,3959631
POW,2026-01-30,68.55,68.87,68.33,68.67,2605032
POW,2026-02-02,68.86,69.82,68.82,69.18,2438883
POW,2026-02-03,69.34,69.34,67.9,68.04,1446193
POW,2026-02-04,68.15,68.34,64.27,65.0,6258292
POW,2026-02-05,65.12,66.54,65.0,66.3,2226696
POW,2026-02-06,66.41,66.73,64.23,64.5,2907313
POW,2026-02-09,64.6,65.28,64.01,65.23,2904129
POW,2026-02-10,65.13,65.6,64.88,65.03,1605676
POW,2026-02-11,64.94,65.24,63.42,63.44,1486118
POW,2026-02-12,63.65,64.22,63.35,63.93,1773095
POW,2026-02-13,63.75,65.1,63.63,64.66,1344175
POW,2026-02-17,64.65,65.27,64.45,65.26,2117293
POW,2026-02-18,65.16,65.8,64.29,65.68,1533045
POW,2026-02-19,65.69,66.28,65.08,65.92,3935015
POW,2026-02-20,65.96,66.41,65.88,65.99,1005953
POW,2026-02-23,66.0,66.94,65.8,66.89,1238432
POW,2026-02-24,66.8,67.18,65.88,67.16,1378792
POW,2026-02-25,67.26,67.95,66.61,67.84,1742510
POW,2026-02-26,68.03,69.05,68.0,68.76,1699019
POW,2026-02-27,68.48,69.22,68.3,68.52,3470904
POW,2026-03-02,67.43,68.52,67.25,68.28,1396480
POW,2026-03-03,67.14,67.53,66.6,67.32,2648825
POW,2026-03-04,67.38,67.96,67.07,67.75,1224156
POW,2026-03-05,67.53,67.66,67.01,67.3,1959002
POW,2026-03-06,66.77,66.78,65.5,65.95,3462394
POW,2026-03-09,65.1,65.37,63.61,65.25,4005868
POW,2026-03-10,65.36,66.65,65.25,65.7,1222307
POW,2026-03-11,65.59,66.16,64.93,64.99,3166254
POW,2026-03-12,64.59,64.82,64.19,64.64,1961901
POW,2026-03-13,65.05,66.35,64.72,66.25,2915835
POW,2026-03-16,66.59,67.23,66.04,67.02,1811812
POW,2026-03-17,67.02,67.41,66.39,66.76,2342412
POW,2026-03-18,66.57,67.1,66.05,66.49,1361859
POW,2026-03-19,63.68,65.22,62.5,63.83,3476224
POW,2026-03-20,64.0,66.44,64.0,64.88,8427871
POW,2026-03-23,66.35,66.4,64.56,66.03,10604174
POW,2026-03-24,65.55,66.29,64.91,65.97,4030131
POW,2026-03-25,66.37,67.9,65.98,67.74,2632785
POW,2026-03-26,67.28,68.23,66.82,66.82,3689487
POW,2026-03-27,66.6,66.77,66.02,66.19,3407497
POW,2026-03-30,66.2,67.11,66.09,66.29,2774588
POW,2026-03-31,66.04,67.11,65.43,66.97,8725222
POW,2026-04-01,67.56,68.8,67.04,68.22,2712486
POW,2026-04-02,67.86,68.55,67.53,68.4,1730273
POW,2026-04-06,68.21,68.99,68.21,68.5,3379076
POW,2026-04-07,68.32,68.74,67.74,67.99,1611634
POW,2026-04-08,68.91,69.72,67.76,67.84,2295131
POW,2026-04-09,67.66,69.81,67.66,69.64,1833404
POW,2026-04-10,69.61,70.22,69.12,70.07,3150124
POW,2026-04-13,69.79,72.4,69.79,72.21,2522615
POW,2026-04-14,72.22,73.64,72.12,73.4,2543343
POW,2026-04-15,73.45,74.46,73.45,74.07,1594075
POW,2026-04-16,73.7,74.45,72.15,72.15,2634022
POW,2026-04-17,72.62,73.41,72.62,73.36,1600658
POW,2026-04-20,73.11,73.54,72.08,72.25,2917822
POW,2026-04-21,72.26,73.07,71.9,72.09,2745661
POW,2026-04-22,72.46,72.8,71.94,72.62,1562675
POW,2026-04-23,72.43,73.1,72.37,72.78,3136905
POW,2026-04-24,72.76,73.07,72.47,73.04,2977762
POW,2026-04-27,72.71,73.79,72.39,73.73,3744009
POW,2026-04-28,74.07,75.09,73.5,74.67,2698658
POW,2026-04-29,74.58,75.01,73.84,74.13,1931514
POW,2026-04-30,74.22,75.84,74.18,75.78,2107208
POW,2026-05-01,76.0,77.05,75.59,76.21,932587
POW,2026-05-04,75.94,76.62,75.73,75.73,1424264
POW,2026-05-05,75.98,77.29,75.98,77.25,2210744
POW,2026-05-06,77.5,78.27,77.09,77.77,1019725
POW,2026-05-07,77.9,79.0,77.75,78.82,2444332
POW,2026-05-08,79.03,79.82,78.27,79.4,1456771
POW,2026-05-11,79.25,79.6,78.42,78.44,895807
POW,2026-05-12,78.63,80.25,78.58,80.09,1267732
POW,2026-05-13,78.6,79.99,76.76,79.18,1423112
POW,2026-05-14,79.27,80.85,79.24,80.72,1026204
POW,2026-05-15,80.3,80.88,79.54,79.76,958897
POW,2026-05-19,80.0,80.95,79.98,80.65,1736184
POW,2026-05-20,80.29,82.0,80.29,81.96,1024723
POW,2026-05-21,81.46,82.32,81.46,82.29,1199785
POW,2026-05-22,82.5,82.63,81.46,81.5,837881
POW,2026-05-25,81.92,82.55,81.46,81.95,489939
POW,2026-05-26,81.7,82.15,81.49,81.89,1284117
POW,2026-05-27,81.7,82.25,80.79,80.92,1092896
POW,2026-05-28,80.42,81.49,80.19,81.49,1445274
POW,2026-05-29,81.56,83.64,81.4,83.33,3547195
POW,2026-06-01,83.04,83.2,81.7,82.35,2531761
POW,2026-06-02,82.24,84.4,82.22,83.9,2282730
POW,2026-06-03,83.64,84.15,82.57,82.68,1806326
POW,2026-06-04,83.09,84.05,82.54,83.95,3844027
POW,2026-06-05,83.81,84.4,83.63,83.97,3055620
POW,2026-06-08,83.98,84.48,82.31,82.99,2908489
POW,2026-06-09,83.32,84.85,83.32,84.74,1801754
POW,2026-06-10,84.57,85.02,84.28,84.28,1559258
POW,2026-06-11,84.48,85.71,84.24,85.52,2625178
POW,2026-06-12,85.76,86.62,85.13,86.62,1942868
POW,2026-06-15,86.89,87.98,86.89,87.85,2244073
POW,2026-06-16,88.04,88.8,87.67,88.21,1821802
POW,2026-06-17,87.97,89.1,87.86,89.06,1435974
POW,2026-06-18,89.5,90.38,89.12,90.18,1874766
POW,2026-06-19,89.75,90.7,89.0,89.02,3732420
POW,2026-06-22,89.09,89.99,88.08,88.64,2086134
POW,2026-06-23,88.2,88.26,86.86,87.62,4439275
POW,2026-06-24,87.78,88.25,85.6,86.71,3072880
POW,2026-06-25,86.93,87.96,85.82,85.9,1347549
POW,2026-06-26,86.08,87.07,85.77,86.47,2655001
POW,2026-06-29,86.41,86.87,86.0,86.5,3403064
POW,2026-06-30,84.39,88.42,84.39,88.42,4174914
POW,2026-07-02,88.5,88.55,86.38,88.33,3373867
POW,2026-07-03,89.0,90.14,89.0,89.74,746255
POW,2026-07-06,89.04,91.7,89.04,91.58,3994008
POW,2026-07-07,91.34,92.16,90.38,91.43,3367860
POW,2026-07-08,91.13,91.64,88.91,89.43,2448813
POW,2026-07-09,89.72,91.11,89.63,91.04,2116882
POW,2026-07-10,91.13,91.64,90.66,91.04,2361231
POW,2026-07-13,90.79,91.18,88.5,89.18,2910141
POW,2026-07-14,89.24,90.49,88.92,90.17,687421
POW,2026-07-15,90.17,92.0,89.79,91.43,1560725
POW,2026-07-16,91.36,92.02,91.01,91.78,2159676
POW,2026-07-17,91.29,92.3,90.32,91.87,2290211
POW,2026-07-20,91.95,93.07,91.32,91.44,2952372
POW,2026-07-21,91.55,92.28,91.04,92.12,2242199
POW,2026-07-22,92.1,93.2,91.97,92.3,1972327
POW,2026-07-23,91.68,91.75,90.42,91.33,1727089
POW,2026-07-24,91.62,93.78,91.53,92.9,3092103
POW,2026-07-27,93.5,93.92,91.9,92.74,1207159
POW,2026-07-28,92.95,93.85,92.28,93.56,1619683
POW,2026-07-29,92.99,93.52,90.66,90.92,1492214
POW,2026-07-30,91.39,93.0,91.22,92.62,1914683
POW,2026-07-31,95.0,97.66,93.28,95.8,2119266
POW,2026-08-04,96.62,97.63,94.87,95.94,1649705
POW,2026-08-05,96.0,97.19,94.67,95.23,2200314
POW,2026-08-06,95.0,95.31,92.98,93.5,1026422
POW,2026-08-07,93.53,93.96,92.5,93.49,2757319
POW,2026-08-10,93.49,95.46,92.49,95.38,3547822
POW,2026-08-11,95.5,96.12,93.0,93.07,1765513
POW,2026-08-12,93.47,94.53,93.09,93.95,951543
POW,2026-08-13,94.29,95.59,94.29,94.84,824159
POW,2026-08-14,94.84,95.62,94.37,95.0,1673104
PVD,2026-01-30,18304.34,18993.37,18094.63,18573.96,23120869
PVD,2026-02-02,18544.0,19862.15,18214.46,19862.15,35759396
PVD,2026-02-03,20131.78,20311.52,19772.28,19772.28,18819180
PVD,2026-02-04,19562.57,20161.73,19472.7,20071.86,17632852
PVD,2026-02-05,20161.73,20581.15,19652.45,20101.82,18378229
PVD,2026-02-06,19652.45,20431.36,18753.71,19682.41,24206055
PVD,2026-02-09,19862.15,20371.44,19652.45,20371.44,10756225
PVD,2026-02-10,20401.4,20910.68,18963.41,19442.74,20567794
PVD,2026-02-11,19472.7,19532.62,18963.41,19532.62,12717804
PVD,2026-02-12,19862.15,20311.52,19682.41,19862.15,10188263
PVD,2026-02-13,19802.24,20461.31,19712.36,20461.31,9352092
PVD,2026-02-23,21210.26,21869.34,21000.56,21869.34,18291441
PVD,2026-02-24,22079.05,22378.63,21869.34,22168.92,12951131
PVD,2026-02-25,22288.75,22738.12,21689.59,21929.26,13467187
PVD,2026-02-26,21989.17,22408.58,21390.01,22408.58,16666666
PVD,2026-02-27,22498.46,23666.82,22348.67,23127.58,13417617
PVD,2026-03-02,24745.31,24745.31,24655.43,24745.31,17666900
PVD,2026-03-03,26452.91,26452.91,24265.98,26452.91,32949963
PVD,2026-03-04,26962.2,27261.78,24955.01,26962.2,26176146
PVD,2026-03-05,26542.79,26842.37,25164.72,25314.51,26349889
PVD,2026-03-06,25464.3,25823.8,24865.14,25344.47,16899659
PVD,2026-03-09,27111.99,27111.99,23576.95,23666.82,33477368
PVD,2026-03-10,22588.33,24565.56,22049.09,23696.78,17785232
PVD,2026-03-11,23546.99,24685.39,22768.08,24685.39,8452833
PVD,2026-03-12,25134.76,25134.76,24265.98,24715.35,5911442
PVD,2026-03-13,24565.56,25344.47,23007.74,23966.4,18416115
PVD,2026-03-16,24026.32,24026.32,22288.75,22288.75,16048968
PVD,2026-03-17,21959.21,22408.58,20730.94,20790.85,19218238
PVD,2026-03-18,20581.15,22228.84,20551.19,22228.84,10596001
PVD,2026-03-19,22498.46,22678.21,21270.18,22049.09,6936544
PVD,2026-03-20,21989.17,22049.09,20521.23,20521.23,14400660
PVD,2026-03-23,19532.62,20730.94,19532.62,20551.19,9734795
PVD,2026-03-24,20581.15,20700.98,19412.78,20071.86,8461178
PVD,2026-03-25,20071.86,21090.43,20071.86,20820.81,5568796
PVD,2026-03-26,20790.85,20820.81,19952.03,20790.85,7042025
PVD,2026-03-27,20850.77,21599.72,20820.81,21419.97,8656118
PVD,2026-03-30,22109.0,22138.96,21569.76,21689.59,6744942
PVD,2026-03-31,21839.38,21869.34,20611.1,20850.77,9578242
PVD,2026-04-01,20910.68,21419.97,20551.19,20850.77,7694438
PVD,2026-04-02,20970.6,21390.01,20371.44,20641.06,4370785
PVD,2026-04-03,20970.6,20970.6,20131.78,20131.78,6220041
PVD,2026-04-06,19892.11,20071.86,19292.95,19382.83,7598804
PVD,2026-04-07,19532.62,19652.45,18993.37,19322.91,5377695
PVD,2026-04-08,19622.49,19772.28,19203.08,19742.32,7794579
PVD,2026-04-09,19772.28,19832.2,18903.5,19412.78,7522531
PVD,2026-04-10,19322.91,20641.06,19262.99,20311.52,8616896
PVD,2026-04-13,20401.4,20850.77,20131.78,20431.36,4586921
PVD,2026-04-14,20461.31,20551.19,19892.11,19922.07,4469423
PVD,2026-04-15,19862.15,20071.86,19532.62,19682.41,5291574
PVD,2026-04-16,19682.41,20131.78,19622.49,19712.36,9725782
PVD,2026-04-17,19772.28,20041.9,19682.41,19952.03,3892950
PVD,2026-04-20,20011.94,20131.78,19682.41,19682.41,3059282
PVD,2026-04-21,19682.41,19952.03,19352.87,19472.7,4737298
PVD,2026-04-22,19532.62,19622.49,19083.25,19113.2,4394986
PVD,2026-04-23,19113.2,19322.91,18004.76,18963.41,7211095
PVD,2026-04-24,19113.2,19592.53,18783.67,18813.62,4507477
PVD,2026-04-28,18843.58,18843.58,17675.22,18274.38,9497129
PVD,2026-04-29,17974.8,18723.75,17914.88,18573.96,3591528
PVD,2026-05-04,19173.12,19652.45,18843.58,19023.33,4949929
PVD,2026-05-05,19023.33,19772.28,18603.92,19772.28,8558148
PVD,2026-05-06,19862.15,19952.03,19412.78,19472.7,6778823
PVD,2026-05-07,19442.74,19772.28,18813.62,18933.46,7407036
PVD,2026-05-08,18993.37,19113.2,18394.21,18454.13,5503204
PVD,2026-05-11,18573.96,18903.5,18274.38,18783.67,4591427
PVD,2026-05-12,19113.2,19113.2,18544.0,19083.25,5332799
PVD,2026-05-13,19173.12,20401.4,18933.46,20311.52,17827124
PVD,2026-05-14,20371.44,20491.27,19712.36,19922.07,6828226
PVD,2026-05-15,19682.41,20461.31,19652.45,20191.69,6709893
PVD,2026-05-18,20491.27,21599.72,20461.31,21449.93,20030042
PVD,2026-05-19,21569.76,21599.72,19952.03,19952.03,19188697
PVD,2026-05-20,19652.45,20251.61,18573.96,20011.94,11141765
PVD,2026-05-21,19892.11,19952.03,19053.29,19622.49,6941718
PVD,2026-05-22,19562.57,19562.57,18843.58,18903.5,6685025
PVD,2026-05-25,18573.96,18603.92,17884.93,17974.8,10059583
PVD,2026-05-26,18274.38,18424.17,17974.8,18064.67,3704018
PVD,2026-05-27,18154.55,18364.25,18004.76,18064.67,2243307
PVD,2026-05-28,18094.63,18364.25,17854.97,17974.8,4593931
PVD,2026-05-29,17974.8,18364.25,17765.09,18274.38,4272982
PVD,2026-06-01,18304.34,18484.09,17974.8,17974.8,2021830
PVD,2026-06-02,18154.55,18154.55,17375.64,17525.43,3485713
PVD,2026-06-03,17555.39,17974.8,17495.47,17974.8,2707123
PVD,2026-06-04,18124.59,18843.58,17974.8,18424.17,4154482
PVD,2026-06-05,18424.17,18693.79,18094.63,18394.21,2861172
PVD,2026-06-08,18274.38,18573.96,18214.46,18214.46,2337439
PVD,2026-06-09,18334.3,18334.3,18064.67,18184.51,2211930
PVD,2026-06-10,18184.51,18244.42,18034.72,18034.72,1629781
PVD,2026-06-11,18214.46,18484.09,18064.67,18064.67,1979771
PVD,2026-06-12,17974.8,18184.51,17825.01,17974.8,2029674
PVD,2026-06-15,17675.22,17705.18,17255.81,17525.43,4502303
PVD,2026-06-16,17555.39,18064.67,17495.47,18064.67,3434308
PVD,2026-06-17,18064.67,18244.42,17675.22,18124.59,2961312
PVD,2026-06-18,18124.59,18783.67,18124.59,18603.92,8218839
PVD,2026-06-19,18573.96,18603.92,18394.21,18603.92,2296214
PVD,2026-06-22,18573.96,19622.49,18573.96,19262.99,9014119
PVD,2026-06-23,19143.16,19262.99,18454.13,18544.0,5177581
PVD,2026-06-24,18813.62,19173.12,18514.04,19143.16,6196842
PVD,2026-06-25,19352.87,19442.74,18903.5,18933.46,3988917
PVD,2026-06-26,19173.12,19352.87,18933.46,18933.46,4744308
PVD,2026-06-29,19143.16,19952.03,19083.25,19562.57,7571433
PVD,2026-06-30,19592.53,19772.28,19292.95,19652.45,5081280
PVD,2026-07-01,19862.15,20191.69,19772.28,20041.9,6607250
PVD,2026-07-02,19981.99,20041.9,19592.53,19622.49,4624974
PVD,2026-07-03,19652.45,19772.28,19502.66,19502.66,3303791
PVD,2026-07-06,19532.62,19562.57,18573.96,18903.5,4857800
PVD,2026-07-07,18903.5,19652.45,18903.5,19532.62,5309933
PVD,2026-07-08,19862.15,20011.94,19502.66,19502.66,3821850
PVD,2026-07-09,19592.53,20251.61,19592.53,19952.03,12075405
PVD,2026-07-10,19952.03,19952.03,19472.7,19472.7,5135689
PVD,2026-07-13,19472.7,19772.28,18603.92,18603.92,7109953
PVD,2026-07-14,19900.0,19900.0,19350.0,19900.0,6788100
PVD,2026-07-15,20150.0,20700.0,19450.0,19650.0,6621400
PVD,2026-07-16,19650.0,19900.0,18300.0,19900.0,5220100
PVD,2026-07-17,19700.0,19700.0,19000.0,19550.0,3040500
PVD,2026-07-20,19700.0,19800.0,18800.0,19300.0,2848300
PVD,2026-07-21,18700.0,19200.0,17950.0,18500.0,8027200
PVD,2026-07-22,18500.0,18550.0,17350.0,17500.0,3319500
PVD,2026-07-23,18450.0,18500.0,17500.0,18500.0,3872300
PVD,2026-07-24,18500.0,19400.0,18200.0,19000.0,4292500
PVD,2026-07-27,18500.0,19000.0,18300.0,18300.0,1733600
PVD,2026-07-28,18300.0,18400.0,18050.0,18350.0,1369800
PVD,2026-07-29,18400.0,18600.0,18250.0,18400.0,1568800
PVD,2026-07-30,18500.0,18900.0,18500.0,18900.0,2052900
PVD,2026-07-31,18800.0,18800.0,18000.0,18150.0,5655400
PVD,2026-08-03,18000.0,18300.0,17900.0,18100.0,3733400
PVD,2026-08-04,18300.0,18300.0,18050.0,18100.0,1673300
PVD,2026-08-05,18100.0,18100.0,17700.0,17900.0,3215300
PVD,2026-08-06,18050.0,18200.0,17750.0,17750.0,1830500
PVD,2026-08-07,17850.0,18550.0,17850.0,18050.0,5506200
PVD,2026-08-10,18500.0,18500.0,18050.0,18250.0,2529500
PVD,2026-08-11,18300.0,18500.0,18200.0,18200.0,2509600
PVD,2026-08-12,18300.0,18900.0,18100.0,18700.0,5156100
PVD,2026-08-13,18700.0,18750.0,18300.0,18300.0,1972800
PVD,2026-08-14,18550.0,18550.0,17900.0,17950.0,2975200
PVS,2026-01-30,109.1,111.54,108.0,108.31,19315
PVS,2026-02-01,108.0,110.25,106.14,108.53,11869
PVS,2026-02-02,109.22,110.58,102.52,106.12,25518
PVS,2026-02-03,113.0,119.0,106.65,115.84,46915
PVS,2026-02-04,119.5,119.5,116.61,117.51,36989
PVS,2026-02-05,115.0,118.63,115.0,117.77,19884
PVS,2026-02-06,116.25,120.0,116.25,118.21,24456
PVS,2026-02-09,114.7,122.39,114.7,118.16,44365
PVS,2026-02-10,118.17,122.0,117.51,121.01,41124
PVS,2026-02-11,125.0,125.0,112.0,112.94,119385
PVS,2026-02-12,113.0,115.5,109.0,109.16,113787
PVS,2026-02-13,109.15,110.2,105.0,105.98,71552
PVS,2026-02-16,105.98,107.2,102.3,103.08,104756
PVS,2026-02-17,104.08,104.53,99.0,99.95,126835
PVS,2026-02-18,99.95,101.69,95.2,97.24,125422
PVS,2026-02-19,98.7,100.97,93.6,94.36,140844
PVS,2026-02-20,94.1,98.84,88.15,90.07,155284
PVS,2026-02-23,90.0,91.5,87.0,89.85,135864
PVS,2026-02-24,90.59,90.59,86.37,86.94,83986
PVS,2026-02-25,86.94,89.89,83.0,84.88,170741
PVS,2026-02-26,85.75,92.5,84.27,90.51,245434
PVS,2026-02-27,90.52,96.0,88.25,93.95,161758
PVS,2026-03-02,89.89,94.79,87.3,92.65,211247
PVS,2026-03-04,92.55,92.55,86.0,87.91,63188
PVS,2026-03-05,89.9,95.5,87.52,92.59,52662
PVS,2026-03-06,89.05,93.7,89.0,92.01,31330
PVS,2026-03-09,88.4,96.0,86.05,93.14,89419
PVS,2026-03-10,94.87,96.0,91.05,94.76,28376
PVS,2026-03-11,94.99,96.32,93.0,93.65,34796
PVS,2026-03-12,93.0,93.53,89.2,90.42,86323
PVS,2026-03-13,90.5,90.66,88.39,89.5,49456
PVS,2026-03-16,90.0,90.0,82.41,86.19,125766
PVS,2026-03-17,86.0,89.69,86.0,88.32,36427
PVS,2026-03-18,89.81,90.28,87.92,88.65,44327
PVS,2026-03-19,88.6,88.6,85.01,85.69,24453
PVS,2026-03-20,86.45,88.84,84.8,85.47,20058
PVS,2026-03-23,85.47,88.91,83.64,87.41,78264
PVS,2026-03-24,87.5,90.7,85.3,85.67,78338
PVS,2026-03-25,85.67,98.7,85.67,95.23,462225
PVS,2026-03-27,95.23,99.93,90.3,90.85,154434
PVS,2026-03-30,89.0,91.94,84.5,86.02,66180
PVS,2026-04-01,87.0,93.5,87.0,92.39,43925
PVS,2026-04-02,92.39,94.0,87.02,92.36,26959
PVS,2026-04-06,92.0,98.0,91.54,96.54,37856
PVS,2026-04-07,97.0,98.99,95.0,96.41,47694
PVS,2026-04-08,99.0,102.5,94.1,95.33,107099
PVS,2026-04-09,96.76,98.0,94.15,97.08,41946
PVS,2026-04-10,98.94,99.0,96.62,98.56,41172
PVS,2026-04-13,96.0,101.98,94.99,101.26,52880
PVS,2026-04-15,99.15,103.83,99.15,100.25,95535
PVS,2026-04-16,103.25,103.25,99.41,100.2,44034
PVS,2026-04-17,100.2,100.99,98.76,99.26,75381
PVS,2026-04-20,105.0,113.85,101.8,102.66,603296
PVS,2026-04-21,102.9,105.12,102.02,103.87,37324
PVS,2026-04-22,103.87,106.87,102.61,104.43,34377
PVS,2026-04-23,102.51,104.8,101.6,102.37,30535
PVS,2026-04-24,103.0,104.68,100.0,100.8,46379
PVS,2026-04-27,104.98,105.0,101.0,103.56,32592
PVS,2026-04-28,104.07,105.0,101.5,102.87,34558
PVS,2026-04-29,102.87,104.0,101.9,103.56,18754
PVS,2026-04-30,102.01,103.17,100.07,101.4,23235
PVS,2026-05-04,101.1,104.35,101.1,102.76,33260
PVS,2026-05-05,100.7,105.75,100.7,105.02,65390
PVS,2026-05-06,105.0,106.08,102.9,105.33,29072
PVS,2026-05-07,107.99,107.99,104.61,106.33,33483
PVS,2026-05-08,106.33,115.5,105.01,113.28,211176
PVS,2026-05-11,111.4,113.28,107.2,107.61,50228
PVS,2026-05-12,107.59,107.59,102.42,103.7,25234
PVS,2026-05-13,104.0,107.99,102.18,104.91,48399
PVS,2026-05-14,104.0,107.0,104.0,104.47,17458
PVS,2026-05-15,103.06,105.28,101.0,101.4,34838
PVS,2026-05-18,102.8,102.8,96.81,100.02,39862
PVS,2026-05-19,102.99,103.0,97.23,100.04,38077
PVS,2026-05-20,96.7,107.0,96.7,105.58,36001
PVS,2026-05-21,105.57,109.3,104.11,107.84,105785
PVS,2026-05-22,107.84,109.66,105.07,107.12,43371
PVS,2026-05-25,108.9,110.99,104.2,105.44,28406
PVS,2026-05-26,109.0,109.98,105.4,108.0,19592
PVS,2026-05-27,104.86,106.41,99.5,99.93,163208
PVS,2026-05-29,99.94,101.4,97.0,97.54,71849
PVS,2026-06-01,97.75,100.9,97.09,100.14,57057
PVS,2026-06-02,101.6,101.6,96.7,98.82,17415
PVS,2026-06-03,98.53,101.35,96.31,97.88,30999
PVS,2026-06-04,95.8,99.0,95.8,98.91,19267
PVS,2026-06-05,99.0,100.8,97.0,97.37,28354
PVS,2026-06-08,97.0,98.58,93.91,95.2,29961
PVS,2026-06-09,94.11,97.9,94.11,94.96,39776
PVS,2026-06-10,94.98,97.7,94.98,95.35,22056
PVS,2026-06-11,93.2,95.87,92.75,93.07,39350
PVS,2026-06-12,94.0,96.05,92.85,94.6,48090
PVS,2026-06-15,94.6,98.99,94.5,95.47,33788
PVS,2026-06-16,96.0,97.78,95.15,95.54,29883
PVS,2026-06-17,95.5,96.51,94.54,95.53,30608
PVS,2026-06-18,95.53,96.49,95.0,95.94,25703
PVS,2026-06-19,97.2,97.2,95.01,95.32,34575
PVS,2026-06-22,95.2,96.59,94.5,94.81,27453
PVS,2026-06-23,96.99,96.99,93.55,94.28,26253
PVS,2026-06-24,95.0,95.4,93.32,93.83,39245
PVS,2026-06-25,94.49,95.4,92.5,92.79,37368
PVS,2026-06-29,94.59,94.8,90.0,90.21,27520
PVS,2026-06-30,90.22,92.29,89.0,91.66,16062
PVS,2026-07-01,91.93,93.7,90.0,92.33,29395
PVS,2026-07-02,92.4,93.8,91.21,92.94,16894
PVS,2026-07-03,93.9,93.9,90.61,93.35,33625
PVS,2026-07-06,94.79,94.99,92.87,94.38,21590
PVS,2026-07-07,94.38,94.78,92.83,93.33,13355
PVS,2026-07-08,94.33,94.33,90.61,91.96,24338
PVS,2026-07-09,92.1,93.73,92.06,93.03,10403
PVS,2026-07-10,94.99,94.99,92.85,93.45,14174
PVS,2026-07-13,93.3,94.5,92.53,93.95,11298
PVS,2026-07-14,93.95,94.0,92.16,93.64,10386
PVS,2026-07-15,94.78,104.0,92.26,98.41,231621
PVS,2026-07-16,98.41,101.58,97.31,99.37,52882
PVS,2026-07-17,98.35,100.08,97.0,97.11,29096
PVS,2026-07-20,99.9,109.29,98.96,105.72,795628
PVS,2026-07-21,105.2,106.77,102.01,103.34,65800
PVS,2026-07-22,102.5,106.1,100.21,105.43,57634
PVS,2026-07-23,105.89,106.78,103.18,105.33,57960
PVS,2026-07-24,103.8,108.0,103.4,106.01,56743
PVS,2026-07-27,106.9,109.0,106.08,108.25,33294
PVS,2026-07-28,109.0,110.0,107.59,108.44,32985
PVS,2026-07-29,110.0,111.0,108.0,110.25,35102
PVS,2026-07-30,110.2,112.25,108.5,108.6,20156
PVS,2026-07-31,109.0,110.81,108.5,108.51,17207
PVS,2026-08-03,110.2,112.14,106.15,107.19,42496
PVS,2026-08-04,106.19,110.97,106.19,109.07,36845
PVS,2026-08-05,111.98,111.98,108.41,108.99,34899
PVS,2026-08-06,109.54,110.0,107.0,109.39,18935
PVS,2026-08-07,109.19,111.97,107.73,108.11,19518
PVS,2026-08-10,108.65,109.9,106.05,109.29,10070
PVS,2026-08-11,108.2,112.0,106.13,111.17,32454
PVS,2026-08-12,115.0,124.0,115.0,120.55,643833
PVS,2026-08-13,123.0,123.5,113.05,114.25,130227
PVS,2026-08-14,114.3,116.95,112.05,116.51,26108
REE,2026-01-29,0.19,0.19,0.19,0.19,36100
REE,2026-01-30,0.19,0.19,0.18,0.18,67700
REE,2026-02-02,0.18,0.18,0.18,0.18,6100
REE,2026-02-03,0.18,0.19,0.18,0.19,16020
REE,2026-02-04,0.18,0.18,0.18,0.18,57876
REE,2026-02-05,0.18,0.18,0.16,0.16,55188
REE,2026-02-06,0.16,0.16,0.16,0.16,60000
REE,2026-02-09,0.17,0.17,0.16,0.17,181915
REE,2026-02-10,0.18,0.18,0.17,0.18,6100
REE,2026-02-11,0.18,0.18,0.18,0.18,8055
REE,2026-02-12,0.18,0.18,0.16,0.16,12914
REE,2026-02-13,0.17,0.17,0.16,0.17,25900
REE,2026-02-17,0.18,0.18,0.16,0.17,128020
REE,2026-02-18,0.17,0.17,0.17,0.17,20000
REE,2026-02-19,0.16,0.16,0.16,0.16,41000
REE,2026-02-20,0.16,0.16,0.16,0.16,7875
REE,2026-02-23,0.17,0.17,0.16,0.16,119777
REE,2026-02-24,0.16,0.16,0.16,0.16,25500
REE,2026-02-25,0.16,0.16,0.15,0.15,42000
REE,2026-02-26,0.16,0.16,0.15,0.16,87579
REE,2026-02-27,0.16,0.16,0.16,0.16,1563
REE,2026-03-02,0.14,0.15,0.14,0.15,18068
REE,2026-03-03,0.15,0.15,0.14,0.15,39925
REE,2026-03-04,0.17,0.17,0.14,0.14,59927
REE,2026-03-05,0.14,0.14,0.14,0.14,20292
REE,2026-03-06,0.14,0.15,0.14,0.15,4046
REE,2026-03-09,0.16,0.16,0.16,0.16,1000
REE,2026-03-10,0.14,0.14,0.14,0.14,6000
REE,2026-03-11,0.14,0.14,0.14,0.14,8000
REE,2026-03-12,0.14,0.14,0.14,0.14,20894
REE,2026-03-13,0.14,0.14,0.14,0.14,51500
REE,2026-03-16,0.14,0.14,0.13,0.13,73000
REE,2026-03-17,0.14,0.14,0.14,0.14,6500
REE,2026-03-18,0.15,0.15,0.14,0.14,2500
REE,2026-03-19,0.14,0.15,0.11,0.15,33142
REE,2026-03-20,0.13,0.13,0.11,0.11,8100
REE,2026-03-23,0.11,0.11,0.11,0.11,12300
REE,2026-03-25,0.14,0.14,0.14,0.14,27048
REE,2026-03-30,0.13,0.13,0.12,0.12,54000
REE,2026-03-31,0.13,0.13,0.13,0.13,20000
REE,2026-04-02,0.13,0.13,0.11,0.11,55301
REE,2026-04-06,0.12,0.12,0.11,0.11,56011
REE,2026-04-08,0.11,0.11,0.1,0.1,44000
REE,2026-04-09,0.11,0.11,0.08,0.09,413290
REE,2026-04-10,0.1,0.1,0.08,0.08,75924
REE,2026-04-13,0.08,0.08,0.08,0.08,119174
REE,2026-04-14,0.08,0.08,0.08,0.08,7036
REE,2026-04-15,0.09,0.09,0.07,0.08,361881
REE,2026-04-16,0.07,0.08,0.05,0.06,960367
REE,2026-04-17,0.06,0.08,0.06,0.06,523927
REE,2026-04-20,0.08,0.08,0.06,0.06,57765
REE,2026-04-21,0.06,0.06,0.06,0.06,101004
REE,2026-04-22,0.07,0.07,0.06,0.06,487366
REE,2026-04-23,0.06,0.06,0.06,0.06,27990
REE,2026-04-24,0.06,0.06,0.06,0.06,15662
REE,2026-04-27,0.06,0.06,0.06,0.06,35000
REE,2026-04-28,0.06,0.06,0.06,0.06,2000
REE,2026-04-29,0.06,0.06,0.06,0.06,34500
REE,2026-04-30,0.06,0.06,0.06,0.06,92910
REE,2026-05-05,0.06,0.07,0.05,0.07,33000
REE,2026-05-06,0.06,0.06,0.06,0.06,20125
REE,2026-05-07,0.06,0.06,0.06,0.06,417203
REE,2026-05-08,0.06,0.06,0.06,0.06,542632
REE,2026-05-11,0.07,0.07,0.05,0.06,141078
REE,2026-05-12,0.06,0.06,0.06,0.06,42000
REE,2026-05-13,0.06,0.06,0.06,0.06,120000
REE,2026-05-14,0.05,0.06,0.05,0.06,296020
REE,2026-05-15,0.05,0.05,0.05,0.05,2334
REE,2026-05-19,0.06,0.06,0.04,0.04,688972
REE,2026-05-20,0.04,0.04,0.04,0.04,4085
REE,2026-05-22,0.04,0.04,0.04,0.04,1112
REE,2026-05-25,0.04,0.04,0.04,0.04,38020
REE,2026-05-26,0.04,0.05,0.04,0.05,137050
REE,2026-05-27,0.04,0.04,0.04,0.04,68000
REE,2026-05-28,0.04,0.04,0.04,0.04,34000
REE,2026-05-29,0.04,0.04,0.04,0.04,118139
REE,2026-06-01,0.04,0.04,0.04,0.04,1952
REE,2026-06-02,0.04,0.04,0.04,0.04,77000
REE,2026-06-03,0.04,0.04,0.04,0.04,10000
REE,2026-06-04,0.04,0.04,0.04,0.04,41008
REE,2026-06-05,0.04,0.04,0.04,0.04,1743
REE,2026-06-09,0.04,0.04,0.04,0.04,22000
REE,2026-06-10,0.04,0.04,0.04,0.04,25000
REE,2026-06-11,0.04,0.04,0.04,0.04,61005
REE,2026-06-16,0.04,0.04,0.04,0.04,42000
REE,2026-06-17,0.04,0.04,0.04,0.04,1201
REE,2026-06-18,0.04,0.04,0.04,0.04,38000
REE,2026-06-19,0.04,0.05,0.04,0.04,112006
REE,2026-06-22,0.04,0.04,0.04,0.04,80000
REE,2026-06-24,0.04,0.04,0.04,0.04,2180
REE,2026-06-25,0.04,0.04,0.04,0.04,62000
REE,2026-06-29,0.04,0.04,0.04,0.04,31000
REE,2026-06-30,0.04,0.04,0.04,0.04,40860
REE,2026-07-02,0.04,0.04,0.04,0.04,214000
REE,2026-07-03,0.04,0.04,0.04,0.04,10000
REE,2026-07-07,0.04,0.04,0.04,0.04,226500
REE,2026-07-08,0.04,0.04,0.04,0.04,6000
REE,2026-07-09,0.04,0.04,0.04,0.04,67000
REE,2026-07-10,0.04,0.04,0.04,0.04,13000
REE,2026-07-13,0.04,0.04,0.04,0.04,268000
REE,2026-07-14,0.04,0.04,0.04,0.04,1000
REE,2026-07-16,0.03,0.04,0.03,0.04,126000
REE,2026-07-17,0.04,0.04,0.04,0.04,30431
REE,2026-07-22,0.04,0.04,0.04,0.04,60000
REE,2026-07-23,0.04,0.04,0.04,0.04,5000
REE,2026-07-24,0.03,0.04,0.03,0.04,79000
REE,2026-07-27,0.04,0.04,0.04,0.04,67100
REE,2026-07-29,0.04,0.04,0.04,0.04,67523
REE,2026-07-31,0.03,0.03,0.03,0.03,270007
REE,2026-08-04,0.03,0.03,0.03,0.03,38438
REE,2026-08-05,0.03,0.03,0.03,0.03,40002
REE,2026-08-06,0.03,0.03,0.03,0.03,101000
REE,2026-08-10,0.02,0.03,0.02,0.03,260500
REE,2026-08-11,0.03,0.03,0.02,0.02,38060
REE,2026-08-12,0.03,0.03,0.02,0.02,165130
REE,2026-08-13,0.03,0.03,0.03,0.03,20050
REE,2026-08-14,0.03,0.03,0.03,0.03,101310
SAB,2026-01-30,13.65,13.8,13.6,13.8,22215
SAB,2026-02-02,13.65,13.85,13.45,13.65,6485
SAB,2026-02-03,13.65,13.7,13.5,13.6,14076
SAB,2026-02-04,13.65,13.85,13.55,13.6,9668
SAB,2026-02-05,13.6,13.7,13.5,13.5,5175
SAB,2026-02-06,13.6,13.6,13.4,13.4,12282
SAB,2026-02-09,13.3,13.5,13.3,13.4,7137
SAB,2026-02-10,13.45,13.6,13.3,13.6,4089
SAB,2026-02-11,13.5,13.65,13.5,13.65,1905
SAB,2026-02-12,13.5,13.7,13.5,13.5,501
SAB,2026-02-13,13.5,13.55,13.4,13.55,3622
SAB,2026-02-16,13.65,13.75,13.65,13.75,4536
SAB,2026-02-17,13.7,14.2,13.6,14.2,24298
SAB,2026-02-18,14.2,14.2,13.9,13.95,7282
SAB,2026-02-19,14.05,14.1,13.9,13.95,4394
SAB,2026-02-20,13.9,13.95,13.75,13.9,2888
SAB,2026-02-23,13.85,14.0,13.85,14.0,2130
SAB,2026-02-24,13.85,14.1,13.85,13.95,1875
SAB,2026-02-25,13.9,14.2,13.9,14.2,7100
SAB,2026-02-26,14.05,14.3,14.0,14.0,4380
SAB,2026-02-27,14.05,14.1,14.0,14.0,2749
SAB,2026-03-02,14.0,14.1,14.0,14.1,5185
SAB,2026-03-03,14.0,14.45,13.9,13.9,23774
SAB,2026-03-04,13.9,14.05,13.9,13.9,13734
SAB,2026-03-05,13.8,13.9,13.55,13.55,6536
SAB,2026-03-06,13.55,13.65,13.4,13.65,3154
SAB,2026-03-09,13.7,13.7,12.9,13.5,6394
SAB,2026-03-10,13.5,13.75,13.5,13.5,3350
SAB,2026-03-11,13.4,13.7,13.4,13.55,6746
SAB,2026-03-12,13.6,14.0,13.45,14.0,5545
SAB,2026-03-13,13.85,13.95,13.55,13.65,9580
SAB,2026-03-16,13.65,13.65,13.3,13.3,5171
SAB,2026-03-17,13.3,13.3,12.95,12.95,13306
SAB,2026-03-18,12.95,13.7,12.8,12.8,11384
SAB,2026-03-19,12.85,12.85,12.2,12.2,8760
SAB,2026-03-20,12.6,12.7,12.2,12.2,16833
SAB,2026-03-23,12.1,12.8,11.85,12.6,8935
SAB,2026-03-24,12.5,13.3,12.5,13.0,41195
SAB,2026-03-25,13.1,13.7,13.1,13.6,9042
SAB,2026-03-26,13.55,13.65,13.35,13.35,6538
SAB,2026-03-27,13.45,13.55,13.1,13.35,18408
SAB,2026-03-30,13.25,13.4,13.2,13.3,3609
SAB,2026-03-31,13.4,13.95,13.2,13.95,7481
SAB,2026-04-01,14.15,14.15,13.75,13.75,10269
SAB,2026-04-02,14.15,14.15,13.85,13.95,13632
SAB,2026-04-07,13.95,14.15,13.75,13.75,8777
SAB,2026-04-08,14.4,14.4,13.95,14.35,17243
SAB,2026-04-09,14.3,14.3,14.05,14.1,1978
SAB,2026-04-10,14.0,14.0,13.6,13.9,8615
SAB,2026-04-13,14.0,14.0,13.55,13.6,6296
SAB,2026-04-14,13.5,13.7,13.5,13.7,10720
SAB,2026-04-15,13.55,13.6,13.45,13.45,7201
SAB,2026-04-16,13.35,13.35,12.9,13.0,25556
SAB,2026-04-17,13.1,13.3,13.0,13.3,31615
SAB,2026-04-20,13.3,13.55,13.25,13.55,13432
SAB,2026-04-21,13.4,13.5,13.35,13.5,8947
SAB,2026-04-22,13.6,13.6,13.4,13.6,7683
SAB,2026-04-23,13.6,13.6,13.25,13.6,5144
SAB,2026-04-24,13.6,13.7,13.5,13.55,2890
SAB,2026-04-27,13.65,13.75,13.5,13.75,5202
SAB,2026-04-28,13.7,13.8,13.65,13.8,1823
SAB,2026-04-29,13.75,13.9,13.65,13.8,3959
SAB,2026-04-30,13.65,13.85,13.5,13.65,8566
SAB,2026-05-04,13.7,13.75,13.5,13.5,1231
SAB,2026-05-05,13.6,13.65,13.45,13.65,2316
SAB,2026-05-06,13.6,14.45,13.6,14.35,15378
SAB,2026-05-07,14.45,14.45,14.1,14.2,7384
SAB,2026-05-08,14.15,14.6,13.7,14.25,7195
SAB,2026-05-11,14.35,14.4,13.95,14.0,7108
SAB,2026-05-12,13.95,13.95,13.95,13.95,273
SAB,2026-05-13,14.0,14.0,13.8,13.85,1069
SAB,2026-05-14,13.9,14.0,13.75,13.75,8339
SAB,2026-05-15,13.6,14.0,13.6,13.8,2884
SAB,2026-05-18,13.8,13.8,13.65,13.65,2315
SAB,2026-05-19,13.7,14.0,13.5,14.0,9147
SAB,2026-05-20,14.0,14.6,13.75,14.55,46896
SAB,2026-05-21,14.55,14.6,14.0,14.0,19182
SAB,2026-05-22,14.05,14.05,13.85,14.0,6166
SAB,2026-05-25,13.5,13.85,13.5,13.8,2554
SAB,2026-05-26,13.65,13.7,13.55,13.55,1227
SAB,2026-05-27,13.55,13.55,13.4,13.4,5489
SAB,2026-05-28,13.4,13.4,13.1,13.2,14904
SAB,2026-05-29,13.3,13.3,13.0,13.05,6879
SAB,2026-06-01,13.05,13.05,12.9,13.0,4651
SAB,2026-06-02,12.95,13.0,12.85,12.9,2056
SAB,2026-06-03,12.9,12.9,12.65,12.7,13097
SAB,2026-06-04,12.55,12.75,12.55,12.75,1339
SAB,2026-06-05,12.65,12.75,12.6,12.6,6264
SAB,2026-06-08,12.55,12.7,12.55,12.65,15250
SAB,2026-06-09,12.65,12.75,12.55,12.55,6923
SAB,2026-06-10,12.65,13.0,12.55,12.65,27899
SAB,2026-06-11,12.75,12.9,12.6,12.75,5329
SAB,2026-06-12,12.75,12.8,11.95,12.25,56569
SAB,2026-06-15,12.35,12.75,12.3,12.7,9282
SAB,2026-06-16,12.7,12.7,12.35,12.35,14743
SAB,2026-06-17,12.35,12.75,12.25,12.75,10639
SAB,2026-06-18,12.7,12.7,12.5,12.7,8797
SAB,2026-06-19,12.7,12.75,12.5,12.75,4350
SAB,2026-06-22,12.7,12.7,12.6,12.7,3128
SAB,2026-06-23,12.55,12.65,12.5,12.65,1706
SAB,2026-06-24,12.7,12.7,12.35,12.5,8378
SAB,2026-06-25,12.6,12.7,12.25,12.4,9809
SAB,2026-06-26,12.35,12.5,12.3,12.5,2794
SAB,2026-06-29,12.55,12.65,12.45,12.5,2429
SAB,2026-06-30,12.4,12.6,12.35,12.55,2948
SAB,2026-07-01,12.55,12.55,12.4,12.55,1638
SAB,2026-07-02,12.55,12.7,12.4,12.7,20396
SAB,2026-07-03,12.55,12.65,12.5,12.5,4578
SAB,2026-07-06,12.6,12.65,12.4,12.65,5324
SAB,2026-07-07,12.55,12.55,12.3,12.5,5680
SAB,2026-07-08,12.5,12.5,12.2,12.4,23173
SAB,2026-07-09,12.5,12.5,12.35,12.5,2765
SAB,2026-07-10,12.35,13.15,12.35,12.95,27281
SAB,2026-07-13,12.95,12.95,12.75,12.75,3996
SAB,2026-07-14,12.85,12.9,12.65,12.9,1608
SAB,2026-07-15,12.75,12.9,12.75,12.9,863
SAB,2026-07-16,12.75,12.8,12.6,12.8,2028
SAB,2026-07-17,12.9,12.9,12.7,12.9,2930
SAB,2026-07-20,12.95,12.95,12.5,12.5,5329
SAB,2026-07-21,12.45,12.7,12.45,12.45,4061
SAB,2026-07-22,12.4,12.65,12.4,12.5,1518
SAB,2026-07-23,12.4,12.5,12.35,12.4,2372
SAB,2026-07-24,12.4,12.45,12.35,12.35,1196
SAB,2026-07-27,12.35,12.55,12.2,12.45,6299
SAB,2026-07-28,12.35,12.35,12.1,12.15,6318
SAB,2026-07-29,12.05,12.25,12.05,12.1,2146
SAB,2026-07-30,12.05,12.2,12.05,12.1,2035
SAB,2026-07-31,12.05,12.4,11.2,12.4,61209
SAB,2026-08-03,12.4,12.55,12.15,12.35,7763
SAB,2026-08-04,12.45,12.45,12.1,12.1,9170
SAB,2026-08-05,12.1,12.2,12.1,12.15,6292
SAB,2026-08-06,12.25,12.25,11.5,11.95,30851
SAB,2026-08-07,11.85,12.15,11.85,12.0,24008
SAB,2026-08-10,12.1,12.1,11.8,11.85,26283
SAB,2026-08-11,11.7,11.8,11.65,11.8,10896
SAB,2026-08-12,11.7,11.85,11.65,11.65,63201
SAB,2026-08-13,11.75,11.85,11.65,11.8,9145
SAB,2026-08-14,11.9,12.05,11.8,12.05,3800
SGB,2026-01-30,6960.75,6960.75,6960.75,6960.75,-99999902
SGB,2026-02-02,7002.68,7002.68,7002.68,7002.68,-99999902
SGB,2026-02-03,6955.51,6955.51,6955.51,6955.51,-99999902
SGB,2026-02-04,6928.39,6928.39,6928.39,6928.39,-99999902
SGB,2026-02-05,6839.75,6839.75,6839.75,6839.75,-99999902
SGB,2026-02-06,6911.27,6911.27,6911.27,6911.27,-99999902
SGB,2026-02-09,6988.43,6988.43,6988.43,6988.43,-99999902
SGB,2026-02-10,6989.11,6989.11,6989.11,6989.11,-99999902
SGB,2026-02-11,6959.47,6959.47,6959.47,6959.47,-99999902
SGB,2026-02-12,6876.47,6876.47,6876.47,6876.47,-99999902
SGB,2026-02-13,6870.88,6870.88,6870.88,6870.88,-99999902
SGB,2026-02-17,6853.6,6853.6,6853.6,6853.6,-99999902
SGB,2026-02-18,6916.12,6916.12,6916.12,6916.12,-99999902
SGB,2026-02-19,6875.32,6875.32,6875.32,6875.32,-99999902
SGB,2026-02-20,6895.0,6895.0,6895.0,6895.0,-99999902
SGB,2026-02-23,6857.21,6857.21,6857.21,6857.21,-99999902
SGB,2026-02-24,6889.76,6889.76,6889.76,6889.76,-99999902
SGB,2026-02-25,6943.97,6943.97,6943.97,6943.97,-99999902
SGB,2026-02-26,6915.93,6915.93,6915.93,6915.93,-99999902
SGB,2026-02-27,6880.5,6880.5,6880.5,6880.5,-99999902
SGB,2026-03-02,6856.49,6856.49,6856.49,6856.49,-99999902
SGB,2026-03-03,6783.7,6783.7,6783.7,6783.7,-99999902
SGB,2026-03-04,6873.93,6873.93,6873.93,6873.93,-99999902
SGB,2026-03-05,6816.71,6816.71,6816.71,6816.71,-99999902
SGB,2026-03-06,6761.05,6761.05,6761.05,6761.05,-99999902
SGB,2026-03-09,6728.33,6728.33,6728.33,6728.33,-99999902
SGB,2026-03-10,6823.4,6823.4,6823.4,6823.4,-99999902
SGB,2026-03-11,6762.85,6762.85,6762.85,6762.85,-99999902
SGB,2026-03-12,6703.98,6703.98,6703.98,6703.98,-99999902
SGB,2026-03-13,6657.51,6657.51,6657.51,6657.51,-99999902
SGB,2026-03-16,6687.08,6687.08,6687.08,6687.08,-99999902
SGB,2026-03-17,6725.37,6725.37,6725.37,6725.37,-99999902
SGB,2026-03-18,6682.97,6682.97,6682.97,6682.97,-99999902
SGB,2026-03-19,6590.56,6590.56,6590.56,6590.56,-99999902
SGB,2026-03-20,6607.46,6607.46,6607.46,6607.46,-99999902
SGB,2026-03-23,6620.55,6620.55,6620.55,6620.55,-99999902
SGB,2026-03-24,6634.89,6634.89,6634.89,6634.89,-99999902
SGB,2026-03-25,6648.17,6648.17,6648.17,6648.17,-99999902
SGB,2026-03-26,6566.5,6566.5,6566.5,6566.5,-99999902
SGB,2026-03-27,6456.39,6456.39,6456.39,6456.39,-99999902
SGB,2026-03-30,6432.28,6432.28,6432.28,6432.28,-99999902
SGB,2026-03-31,6476.36,6476.36,6476.36,6476.36,-99999902
SGB,2026-04-01,6633.62,6633.62,6633.62,6633.62,-99999902
SGB,2026-04-02,6617.57,6617.57,6617.57,6617.57,-99999902
SGB,2026-04-06,6634.01,6634.01,6634.01,6634.01,-99999902
SGB,2026-04-07,6592.96,6592.96,6592.96,6592.96,-99999902
SGB,2026-04-08,6796.03,6796.03,6796.03,6796.03,-99999902
SGB,2026-04-09,6823.35,6823.35,6823.35,6823.35,-99999902
SGB,2026-04-10,6875.81,6875.81,6875.81,6875.81,-99999902
SGB,2026-04-13,6857.69,6857.69,6857.69,6857.69,-99999902
SGB,2026-04-14,6985.09,6985.09,6985.09,6985.09,-99999902
SGB,2026-04-15,7035.7,7035.7,7035.7,7035.7,-99999902
SGB,2026-04-16,7071.88,7071.88,7071.88,7071.88,-99999902
SGB,2026-04-17,7167.12,7167.12,7167.12,7167.12,-99999902
SGB,2026-04-20,7141.31,7141.31,7141.31,7141.31,-99999902
SGB,2026-04-21,7125.33,7125.33,7125.33,7125.33,-99999902
SGB,2026-04-22,7161.6,7161.6,7161.6,7161.6,-99999902
SGB,2026-04-23,7178.4,7178.4,7178.4,7178.4,-99999902
SGB,2026-04-24,7173.69,7173.69,7173.69,7173.69,-99999902
SGB,2026-04-27,7183.71,7183.71,7183.71,7183.71,-99999902
SGB,2026-04-28,7153.36,7153.36,7153.36,7153.36,-99999902
SGB,2026-04-29,7162.4,7162.4,7162.4,7162.4,-99999902
SGB,2026-04-30,7198.32,7198.32,7198.32,7198.32,-99999902
SGB,2026-05-01,7283.94,7283.94,7283.94,7283.94,-99999902
SGB,2026-05-04,7233.66,7233.66,7233.66,7233.66,-99999902
SGB,2026-05-05,7282.75,7282.75,7282.75,7282.75,-99999902
SGB,2026-05-06,7370.24,7370.24,7370.24,7370.24,-99999902
SGB,2026-05-07,7395.67,7395.67,7395.67,7395.67,-99999902
SGB,2026-05-08,7414.25,7414.25,7414.25,7414.25,-99999902
SGB,2026-05-11,7446.65,7446.65,7446.65,7446.65,-99999902
SGB,2026-05-12,7366.54,7366.54,7366.54,7366.54,-99999902
SGB,2026-05-13,7437.31,7437.31,7437.31,7437.31,-99999902
SGB,2026-05-14,7531.23,7531.23,7531.23,7531.23,-99999902
SGB,2026-05-15,7451.13,7451.13,7451.13,7451.13,-99999902
SGB,2026-05-18,7399.1,7399.1,7399.1,7399.1,-99999902
SGB,2026-05-19,7362.06,7362.06,7362.06,7362.06,-99999902
SGB,2026-05-20,7431.83,7431.83,7431.83,7431.83,-99999902
SGB,2026-05-21,7426.82,7426.82,7426.82,7426.82,-99999902
SGB,2026-05-22,7512.73,7512.73,7512.73,7512.73,-99999902
SGB,2026-05-26,7531.76,7531.76,7531.76,7531.76,-99999902
SGB,2026-05-27,7527.35,7527.35,7527.35,7527.35,-99999902
SGB,2026-05-28,7574.57,7574.57,7574.57,7574.57,-99999902
SGB,2026-05-29,7601.48,7601.48,7601.48,7601.48,-99999902
SGB,2026-06-01,7590.49,7590.49,7590.49,7590.49,-99999902
SGB,2026-06-02,7627.31,7627.31,7627.31,7627.31,-99999902
SGB,2026-06-03,7587.54,7587.54,7587.54,7587.54,-99999902
SGB,2026-06-04,7585.79,7585.79,7585.79,7585.79,-99999902
SGB,2026-06-05,7505.86,7505.86,7505.86,7505.86,-99999902
SGB,2026-06-08,7457.49,7457.49,7457.49,7457.49,-99999902
SGB,2026-06-09,7332.51,7332.51,7332.51,7332.51,-99999902
SGB,2026-06-10,7338.49,7338.49,7338.49,7338.49,-99999902
SGB,2026-06-11,7293.17,7293.17,7293.17,7293.17,-99999902
SGB,2026-06-12,7458.08,7458.08,7458.08,7458.08,-99999902
SGB,2026-06-15,7568.72,7568.72,7568.72,7568.72,-99999902
SGB,2026-06-16,7543.16,7543.16,7543.16,7543.16,-99999902
SGB,2026-06-17,7512.71,7512.71,7512.71,7512.71,-99999902
SGB,2026-06-18,7551.06,7551.06,7551.06,7551.06,-99999902
SGB,2026-06-22,7539.26,7539.26,7539.26,7539.26,-99999902
SGB,2026-06-23,7439.43,7439.43,7439.43,7439.43,-99999902
SGB,2026-06-24,7490.97,7490.97,7490.97,7490.97,-99999902
SGB,2026-06-25,7437.91,7437.91,7437.91,7437.91,-99999902
SGB,2026-06-26,7437.48,7437.48,7437.48,7437.48,-99999902
SGB,2026-06-29,7465.89,7465.89,7465.89,7465.89,-99999902
SGB,2026-06-30,7540.65,7540.65,7540.65,7540.65,-99999902
SGB,2026-07-01,7576.76,7576.76,7576.76,7576.76,-99999902
SGB,2026-07-02,7532.93,7532.93,7532.93,7532.93,-99999902
SGB,2026-07-06,7586.01,7586.01,7586.01,7586.01,-99999902
SGB,2026-07-07,7538.27,7538.27,7538.27,7538.27,-99999902
SGB,2026-07-08,7475.06,7475.06,7475.06,7475.06,-99999902
SGB,2026-07-09,7573.27,7573.27,7573.27,7573.27,-99999902
SGB,2026-07-10,7604.57,7604.57,7604.57,7604.57,-99999902
SGB,2026-07-13,7594.84,7594.84,7594.84,7594.84,-99999902
SGB,2026-07-14,7597.29,7597.29,7597.29,7597.29,-99999902
SGB,2026-07-15,7604.67,7604.67,7604.67,7604.67,-99999902
SGB,2026-07-16,7606.55,7606.55,7606.55,7606.55,-99999902
SGB,2026-07-17,7519.7,7519.7,7519.7,7519.7,-99999902
SGB,2026-07-20,7519.32,7519.32,7519.32,7519.32,-99999902
SGB,2026-07-21,7542.88,7542.88,7542.88,7542.88,-99999902
SGB,2026-07-22,7557.39,7557.39,7557.39,7557.39,-99999902
SGB,2026-07-23,7419.0,7419.0,7419.0,7419.0,-99999902
SGB,2026-07-24,7486.02,7486.02,7486.02,7486.02,-99999902
SGB,2026-07-27,7440.4,7440.4,7440.4,7440.4,-99999902
SGB,2026-07-28,7469.32,7469.32,7469.32,7469.32,-99999902
SGB,2026-07-29,7400.49,7400.49,7400.49,7400.49,-99999902
SGB,2026-07-30,7402.31,7402.31,7402.31,7402.31,-99999902
SGB,2026-07-31,7454.7,7454.7,7454.7,7454.7,-99999902
SGB,2026-08-03,7603.17,7603.17,7603.17,7603.17,-99999902
SGB,2026-08-04,7726.03,7726.03,7726.03,7726.03,-99999902
SGB,2026-08-05,7768.63,7768.63,7768.63,7768.63,-99999902
SGB,2026-08-06,7741.45,7741.45,7741.45,7741.45,-99999902
SGB,2026-08-07,7784.33,7784.33,7784.33,7784.33,-99999902
SGB,2026-08-10,7784.15,7784.15,7784.15,7784.15,-99999902
SGB,2026-08-11,7770.11,7770.11,7770.11,7770.11,-99999902
SGB,2026-08-12,7766.97,7766.97,7766.97,7766.97,-99999902
SGB,2026-08-13,7804.92,7804.92,7804.92,7804.92,-99999902
SGB,2026-08-14,7804.09,7804.09,7804.09,7804.09,-99999902
SHB,2026-01-30,15671.2,15966.88,15572.64,15769.76,54124247
SHB,2026-02-02,15769.76,15819.04,15474.08,15523.36,50609267
SHB,2026-02-03,15671.2,15720.48,15474.08,15572.64,54030295
SHB,2026-02-04,15572.64,15671.2,15424.8,15572.64,47733586
SHB,2026-02-05,15572.64,15621.92,15424.8,15424.8,46980753
SHB,2026-02-06,15326.24,15621.92,15129.11,15129.11,63722770
SHB,2026-02-09,15227.67,15227.67,14833.43,15030.55,54578991
SHB,2026-02-10,14981.27,15178.39,14734.87,15030.55,46077556
SHB,2026-02-11,15030.55,15474.08,14931.99,15276.96,60155842
SHB,2026-02-12,15276.96,15424.8,15030.55,15129.11,38006513
SHB,2026-02-13,15129.11,15227.67,15030.55,15227.67,38304907
SHB,2026-02-23,15326.24,15572.64,15178.39,15572.64,55394527
SHB,2026-02-24,15523.36,15621.92,15326.24,15326.24,50352370
SHB,2026-02-25,15375.52,15966.88,15276.96,15966.88,107680827
SHB,2026-02-26,16065.44,16065.44,15769.76,15917.6,45864388
SHB,2026-02-27,15917.6,15917.6,15621.92,15720.48,39388703
SHB,2026-03-02,15079.83,15621.92,14981.27,15424.8,89408589
SHB,2026-03-03,15424.8,15474.08,15129.11,15276.96,53959882
SHB,2026-03-04,15227.67,15326.24,14784.15,15276.96,88837471
SHB,2026-03-05,15424.8,15474.08,14931.99,15030.55,68240074
SHB,2026-03-06,14981.27,15375.52,14734.87,15178.39,74959974
SHB,2026-03-09,14340.63,14685.59,14143.5,14143.5,125198303
SHB,2026-03-10,14340.63,14537.75,13946.38,14291.34,81111900
SHB,2026-03-11,14340.63,14636.31,14192.78,14537.75,52908452
SHB,2026-03-12,14389.91,14882.71,14242.06,14734.87,84511317
SHB,2026-03-13,14439.19,14734.87,14389.91,14734.87,58353709
SHB,2026-03-16,14636.31,15079.83,14488.47,14981.27,85424660
SHB,2026-03-17,15030.55,15079.83,14833.43,14833.43,49324174
SHB,2026-03-18,14833.43,14981.27,14685.59,14882.71,46916934
SHB,2026-03-19,14734.87,14931.99,14537.75,14784.15,66387211
SHB,2026-03-20,14685.59,14882.71,14587.03,14685.59,36209555
SHB,2026-03-23,14537.75,14587.03,14094.22,14192.78,86910644
SHB,2026-03-24,14488.47,14537.75,14192.78,14242.06,35439575
SHB,2026-03-25,14389.91,14784.15,14291.34,14784.15,77659419
SHB,2026-03-26,14734.87,15030.55,14537.75,14931.99,68857966
SHB,2026-03-27,14931.99,15227.67,14833.43,15178.39,70864033
SHB,2026-03-30,14981.27,15227.67,14784.15,15227.67,86810503
SHB,2026-03-31,15079.83,15326.24,15030.55,15326.24,97851381
SHB,2026-04-01,15375.52,15424.8,14981.27,14981.27,81011150
SHB,2026-04-02,14931.99,14931.99,14537.75,14636.31,111735169
SHB,2026-04-03,14850.0,14900.0,14400.0,14900.0,52368000
SHB,2026-04-06,14800.0,14800.0,14500.0,14500.0,35893400
SHB,2026-04-07,14700.0,14700.0,14450.0,14700.0,51817400
SHB,2026-04-08,15000.0,15350.0,14850.0,15300.0,80529600
SHB,2026-04-09,15200.0,15500.0,15050.0,15500.0,85696800
SHB,2026-04-10,15550.0,15550.0,15200.0,15400.0,105591400
SHB,2026-04-13,15200.0,15250.0,14950.0,15000.0,115190900
SHB,2026-04-14,15100.0,15150.0,14800.0,15100.0,98761800
SHB,2026-04-15,15100.0,15400.0,14950.0,15400.0,71780700
SHB,2026-04-16,15150.0,15550.0,15100.0,15550.0,137811200
SHB,2026-04-17,15400.0,15500.0,15250.0,15300.0,65583800
SHB,2026-04-20,15200.0,15300.0,15150.0,15300.0,47390400
SHB,2026-04-21,15300.0,15400.0,15150.0,15150.0,48986600
SHB,2026-04-22,15150.0,15250.0,15050.0,15200.0,47506900
SHB,2026-04-23,15150.0,15200.0,14800.0,14800.0,97117400
SHB,2026-04-24,14800.0,14850.0,14600.0,14750.0,44854800
SHB,2026-04-28,14750.0,14750.0,14450.0,14450.0,51564900
SHB,2026-04-29,14550.0,14600.0,14350.0,14550.0,41650500
SHB,2026-05-04,14650.0,14650.0,14350.0,14350.0,62363300
SHB,2026-05-05,14400.0,14400.0,14000.0,14000.0,79172900
SHB,2026-05-06,14100.0,14200.0,14000.0,14100.0,38754800
SHB,2026-05-07,14250.0,14300.0,14050.0,14100.0,40214900
SHB,2026-05-08,14100.0,14250.0,14000.0,14250.0,65804100
SHB,2026-05-11,14250.0,14250.0,14000.0,14150.0,39403900
SHB,2026-05-12,14100.0,14150.0,13950.0,14000.0,45001700
SHB,2026-05-13,14050.0,14050.0,13900.0,14000.0,39752300
SHB,2026-05-14,14000.0,14100.0,13900.0,14000.0,38039000
SHB,2026-05-15,14000.0,14050.0,13900.0,13900.0,39435600
SHB,2026-05-18,13850.0,13900.0,13700.0,13800.0,44049800
SHB,2026-05-19,13800.0,13900.0,13600.0,13650.0,46256500
SHB,2026-05-20,13650.0,13650.0,13100.0,13550.0,105588900
SHB,2026-05-21,13600.0,13600.0,13350.0,13600.0,37560900
SHB,2026-05-22,13500.0,13550.0,13350.0,13550.0,41369900
SHB,2026-05-25,13450.0,13750.0,13450.0,13700.0,47404600
SHB,2026-05-26,13700.0,13900.0,13600.0,13800.0,47154600
SHB,2026-05-27,13750.0,14050.0,13650.0,14000.0,65737500
SHB,2026-05-28,14000.0,14050.0,13700.0,13800.0,50474100
SHB,2026-05-29,13750.0,13800.0,13650.0,13800.0,47509600
SHB,2026-06-01,13700.0,13800.0,13600.0,13750.0,43742100
SHB,2026-06-02,13650.0,13700.0,13550.0,13600.0,70057300
SHB,2026-06-03,13550.0,13800.0,13500.0,13800.0,52279700
SHB,2026-06-04,13750.0,13800.0,13650.0,13800.0,42763300
SHB,2026-06-05,13900.0,14150.0,13850.0,14000.0,55973700
SHB,2026-06-08,13850.0,13900.0,13600.0,13700.0,45816900
SHB,2026-06-09,13600.0,13800.0,13600.0,13800.0,42321800
SHB,2026-06-10,13750.0,13850.0,13700.0,13800.0,42373200
SHB,2026-06-11,13650.0,13750.0,13600.0,13650.0,37995600
SHB,2026-06-12,13750.0,13850.0,13650.0,13800.0,58486500
SHB,2026-06-15,13900.0,14000.0,13800.0,13900.0,48683600
SHB,2026-06-16,14000.0,14050.0,13850.0,13900.0,47856000
SHB,2026-06-17,13800.0,14050.0,13800.0,14000.0,55469700
SHB,2026-06-18,14050.0,14100.0,13900.0,13900.0,46859900
SHB,2026-06-19,13850.0,13900.0,13750.0,13750.0,40246300
SHB,2026-06-22,13750.0,13800.0,13600.0,13700.0,43863500
SHB,2026-06-23,13700.0,13850.0,13600.0,13700.0,63395600
SHB,2026-06-24,13800.0,13800.0,13550.0,13650.0,38938800
SHB,2026-06-25,13650.0,13700.0,13550.0,13650.0,36595800
SHB,2026-06-26,13600.0,13650.0,13500.0,13650.0,39538000
SHB,2026-06-29,13700.0,13700.0,13600.0,13600.0,32752100
SHB,2026-06-30,13650.0,13700.0,13450.0,13550.0,57826800
SHB,2026-07-01,13550.0,13750.0,13500.0,13700.0,46147200
SHB,2026-07-02,13700.0,13950.0,13650.0,13700.0,61258300
SHB,2026-07-03,13750.0,13800.0,13550.0,13650.0,26499500
SHB,2026-07-06,13650.0,13700.0,13300.0,13350.0,68677300
SHB,2026-07-07,13400.0,13450.0,13200.0,13400.0,47938800
SHB,2026-07-08,13400.0,13400.0,13300.0,13400.0,40178400
SHB,2026-07-09,13350.0,13400.0,13200.0,13350.0,34925900
SHB,2026-07-10,13350.0,13350.0,13150.0,13150.0,36761600
SHB,2026-07-13,13150.0,13200.0,12600.0,12600.0,75701800
SHB,2026-07-14,12600.0,12800.0,12500.0,12800.0,43115600
SHB,2026-07-15,12900.0,12900.0,12550.0,12600.0,29951400
SHB,2026-07-16,12500.0,12700.0,12450.0,12700.0,44944200
SHB,2026-07-17,12700.0,12750.0,12550.0,12650.0,26369700
SHB,2026-07-20,12550.0,12600.0,11800.0,11800.0,73724500
SHB,2026-07-21,11800.0,11950.0,11700.0,11800.0,66753500
SHB,2026-07-22,11800.0,11850.0,11550.0,11700.0,58752400
SHB,2026-07-23,11550.0,12000.0,11400.0,12000.0,92228500
SHB,2026-07-24,11950.0,11950.0,11700.0,11800.0,45368400
SHB,2026-07-27,11750.0,11800.0,11450.0,11450.0,45029000
SHB,2026-07-28,11200.0,11550.0,11100.0,11400.0,79774400
SHB,2026-07-29,11400.0,11400.0,11200.0,11200.0,46995100
SHB,2026-07-30,11250.0,11800.0,11200.0,11750.0,73125800
SHB,2026-07-31,11750.0,11800.0,11500.0,11500.0,36640700
SHB,2026-08-03,11550.0,11900.0,11500.0,11900.0,58669800
SHB,2026-08-04,11850.0,11950.0,11700.0,11800.0,53016500
SHB,2026-08-05,11800.0,11900.0,11650.0,11800.0,50594900
SHB,2026-08-06,11850.0,11850.0,11600.0,11800.0,36443100
SHB,2026-08-07,11750.0,11750.0,11650.0,11700.0,51362900
SHB,2026-08-10,11750.0,12100.0,11650.0,12000.0,78433800
SHB,2026-08-11,12050.0,12150.0,11900.0,11900.0,34503300
SHB,2026-08-12,11850.0,11950.0,11750.0,11850.0,40962600
SHB,2026-08-13,11850.0,11950.0,11650.0,11800.0,60136300
SHB,2026-08-14,11700.0,11750.0,11450.0,11750.0,47476900
SSB,2026-01-30,14437.48,14520.45,14230.04,14230.04,2864391
SSB,2026-02-02,14147.07,14230.04,13898.14,14230.04,3540988
SSB,2026-02-03,14147.07,14230.04,13981.12,14105.58,2538264
SSB,2026-02-04,14105.58,14105.58,13981.12,14105.58,2536457
SSB,2026-02-05,14064.09,14105.58,13939.63,13939.63,2691927
SSB,2026-02-06,13939.63,13939.63,13732.2,13939.63,2706510
SSB,2026-02-09,13856.66,13939.63,13732.2,13898.14,2665533
SSB,2026-02-10,13856.66,13898.14,13690.71,13898.14,2427386
SSB,2026-02-11,13856.66,14105.58,13773.68,14105.58,2716272
SSB,2026-02-12,14105.58,14105.58,13815.17,14064.09,2570082
SSB,2026-02-13,14022.61,14105.58,13898.14,14105.58,2748692
SSB,2026-02-23,14230.04,14230.04,14064.09,14188.55,1938076
SSB,2026-02-24,14105.58,14147.07,14022.61,14105.58,2673970
SSB,2026-02-25,14022.61,14105.58,13939.63,14064.09,2556704
SSB,2026-02-26,14064.09,14105.58,13898.14,14105.58,2547424
SSB,2026-02-27,14064.09,14105.58,13898.14,14022.61,2401716
SSB,2026-03-02,13773.68,13939.63,13732.2,13939.63,2723744
SSB,2026-03-03,13939.63,13939.63,13690.71,13898.14,2320968
SSB,2026-03-04,13732.2,13939.63,13607.74,13939.63,2843059
SSB,2026-03-05,13773.68,14105.58,13690.71,14105.58,3354785
SSB,2026-03-06,14064.09,14105.58,13815.17,14105.58,2790512
SSB,2026-03-09,13773.68,13815.17,13234.35,13524.76,2782437
SSB,2026-03-10,13690.71,13732.2,13441.79,13690.71,2456070
SSB,2026-03-11,13524.76,13815.17,13483.28,13773.68,2405693
SSB,2026-03-12,13566.25,13732.2,13524.76,13732.2,2553812
SSB,2026-03-13,13690.71,13732.2,13566.25,13732.2,1878901
SSB,2026-03-16,13732.2,13732.2,13566.25,13732.2,2536336
SSB,2026-03-17,13732.2,13815.17,13732.2,13815.17,2111263
SSB,2026-03-18,13856.66,13939.63,13773.68,13939.63,2204184
SSB,2026-03-19,13815.17,14105.58,13773.68,14064.09,3468194
SSB,2026-03-20,14064.09,14064.09,13898.14,14022.61,2205871
SSB,2026-03-23,13981.12,13981.12,13566.25,13939.63,2235760
SSB,2026-03-24,13939.63,13939.63,13773.68,13939.63,2403644
SSB,2026-03-25,13898.14,13981.12,13815.17,13898.14,2138742
SSB,2026-03-26,13898.14,13898.14,13773.68,13898.14,2437631
SSB,2026-03-27,13856.66,14022.61,13815.17,14022.61,2263841
SSB,2026-03-30,13981.12,14022.61,13773.68,14022.61,2334586
SSB,2026-03-31,13981.12,14064.09,13898.14,14064.09,2169354
SSB,2026-04-01,14105.58,14147.07,14022.61,14105.58,2105237
SSB,2026-04-02,14064.09,14064.09,13898.14,14022.61,2239737
SSB,2026-04-03,14022.61,14064.09,13856.66,13939.63,2172005
SSB,2026-04-06,13939.63,13939.63,13815.17,13898.14,2336032
SSB,2026-04-07,13939.63,13939.63,13815.17,13939.63,2233591
SSB,2026-04-08,14105.58,14105.58,13981.12,14105.58,2151517
SSB,2026-04-09,14395.99,14395.99,14147.07,14230.04,2060645
SSB,2026-04-10,14230.04,14230.04,14022.61,14230.04,2856195
SSB,2026-04-13,14064.09,14230.04,14064.09,14188.55,2460529
SSB,2026-04-14,14188.55,14188.55,14022.61,14105.58,2632149
SSB,2026-04-15,14105.58,14147.07,13939.63,14022.61,2328319
SSB,2026-04-16,13939.63,14022.61,13773.68,13815.17,2357485
SSB,2026-04-17,13815.17,13981.12,13732.2,13981.12,2555137
SSB,2026-04-20,13939.63,14022.61,13815.17,13981.12,2646371
SSB,2026-04-21,13981.12,13981.12,13815.17,13939.63,2216115
SSB,2026-04-22,13939.63,13981.12,13773.68,13939.63,2839202
SSB,2026-04-23,13898.14,13939.63,13773.68,13856.66,2430761
SSB,2026-04-24,13856.66,13898.14,13690.71,13815.17,2275893
SSB,2026-04-28,13815.17,13815.17,13690.71,13815.17,1705594
SSB,2026-04-29,13732.2,13856.66,13690.71,13856.66,2180924
SSB,2026-05-04,13856.66,13898.14,13773.68,13898.14,2397980
SSB,2026-05-05,13898.14,13898.14,13732.2,13898.14,2318798
SSB,2026-05-06,13773.68,13939.63,13773.68,13939.63,2290235
SSB,2026-05-07,13939.63,14022.61,13898.14,13939.63,2283365
SSB,2026-05-08,13939.63,13981.12,13815.17,13939.63,2219128
SSB,2026-05-11,13898.14,13939.63,13773.68,13856.66,2529949
SSB,2026-05-12,13856.66,13856.66,13732.2,13732.2,2358811
SSB,2026-05-13,13815.17,13815.17,13690.71,13815.17,2311687
SSB,2026-05-14,13815.17,13856.66,13773.68,13856.66,2209125
SSB,2026-05-15,13856.66,13856.66,13690.71,13690.71,2420517
SSB,2026-05-18,13732.2,13732.2,13566.25,13732.2,2340130
SSB,2026-05-19,13773.68,13773.68,13607.74,13690.71,2396654
SSB,2026-05-20,13649.22,13690.71,13566.25,13649.22,2262757
SSB,2026-05-21,13649.22,13732.2,13566.25,13732.2,2523320
SSB,2026-05-22,13732.2,13856.66,13690.71,13856.66,2223829
SSB,2026-05-25,13856.66,14271.53,13856.66,14271.53,2286860
SSB,2026-05-26,14230.04,14478.96,14188.55,14478.96,2552486
SSB,2026-05-27,14478.96,14852.35,14313.02,14852.35,4742811
SSB,2026-05-28,14850.0,14950.0,14300.0,14450.0,1855600
SSB,2026-05-29,14500.0,14500.0,14000.0,14000.0,2358100
SSB,2026-06-01,14000.0,14250.0,13950.0,14200.0,2871800
SSB,2026-06-02,14200.0,14450.0,14200.0,14400.0,2898500
SSB,2026-06-03,14400.0,14500.0,14200.0,14400.0,3461200
SSB,2026-06-04,14450.0,14450.0,14150.0,14350.0,2966100
SSB,2026-06-05,14350.0,14350.0,14050.0,14350.0,2984000
SSB,2026-06-08,14350.0,14350.0,14100.0,14300.0,2637200
SSB,2026-06-09,14250.0,14350.0,14150.0,14350.0,2410200
SSB,2026-06-10,14350.0,14500.0,14300.0,14400.0,2271300
SSB,2026-06-11,14350.0,14500.0,14350.0,14500.0,2110400
SSB,2026-06-12,14550.0,14700.0,14400.0,14550.0,2178700
SSB,2026-06-15,14650.0,14850.0,14500.0,14850.0,2322100
SSB,2026-06-16,14850.0,14900.0,14650.0,14850.0,2116200
SSB,2026-06-17,14850.0,14900.0,14700.0,14900.0,1903900
SSB,2026-06-18,14900.0,14900.0,14650.0,14850.0,2491200
SSB,2026-06-19,14850.0,14900.0,14700.0,14900.0,2337600
SSB,2026-06-22,14850.0,15000.0,14750.0,14950.0,2656300
SSB,2026-06-23,15000.0,15150.0,14850.0,15150.0,2080900
SSB,2026-06-24,15150.0,15200.0,14900.0,15150.0,2432500
SSB,2026-06-25,15100.0,15200.0,15000.0,15200.0,2238400
SSB,2026-06-26,15200.0,16250.0,15100.0,16100.0,3324700
SSB,2026-06-29,16350.0,16350.0,16000.0,16150.0,2060100
SSB,2026-06-30,16150.0,16200.0,15700.0,16200.0,2970600
SSB,2026-07-01,16200.0,16500.0,15900.0,16500.0,3212600
SSB,2026-07-02,16450.0,16550.0,16300.0,16500.0,2233800
SSB,2026-07-03,16500.0,16500.0,16350.0,16500.0,2092000
SSB,2026-07-06,16500.0,16500.0,16050.0,16400.0,2425200
SSB,2026-07-07,16400.0,16400.0,16150.0,16400.0,2168400
SSB,2026-07-08,16400.0,16400.0,16250.0,16400.0,2275500
SSB,2026-07-09,16350.0,16400.0,15850.0,15950.0,2241900
SSB,2026-07-10,15700.0,16250.0,15650.0,16250.0,2245900
SSB,2026-07-13,16200.0,16250.0,15450.0,15650.0,2493500
SSB,2026-07-14,15650.0,15900.0,15250.0,15900.0,2117100
SSB,2026-07-15,15900.0,15900.0,15600.0,15800.0,2091700
SSB,2026-07-16,15800.0,16000.0,15650.0,16000.0,2057800
SSB,2026-07-17,16000.0,16050.0,15450.0,15950.0,2330900
SSB,2026-07-20,15900.0,15900.0,15250.0,15750.0,2322000
SSB,2026-07-21,15800.0,15800.0,15500.0,15650.0,2199400
SSB,2026-07-22,15650.0,15750.0,15050.0,15650.0,2774200
SSB,2026-07-23,15600.0,15800.0,15350.0,15650.0,2316600
SSB,2026-07-24,15450.0,15600.0,15250.0,15400.0,1961400
SSB,2026-07-27,15450.0,15550.0,15300.0,15550.0,1844400
SSB,2026-07-28,15400.0,15550.0,15350.0,15550.0,2080100
SSB,2026-07-29,15400.0,15500.0,14950.0,15400.0,2057100
SSB,2026-07-30,15300.0,15550.0,15050.0,15550.0,2195400
SSB,2026-07-31,15650.0,15650.0,15350.0,15550.0,2149600
SSB,2026-08-03,15550.0,15550.0,15400.0,15550.0,2217000
SSB,2026-08-04,15500.0,15500.0,15200.0,15450.0,2213000
SSB,2026-08-05,15400.0,15400.0,15150.0,15350.0,2157500
SSB,2026-08-06,15300.0,15300.0,15050.0,15200.0,2108400
SSB,2026-08-07,15200.0,15200.0,15050.0,15050.0,2027800
SSB,2026-08-10,15050.0,15300.0,14800.0,15250.0,2228300
SSB,2026-08-11,15250.0,15450.0,15250.0,15400.0,1901900
SSB,2026-08-12,15450.0,15550.0,15300.0,15450.0,1947100
SSB,2026-08-13,15450.0,15500.0,15200.0,15200.0,1888500
SSB,2026-08-14,15150.0,15350.0,14800.0,15050.0,2407500
SSI,2026-01-29,2.65,2.7,2.62,2.7,401000
SSI,2026-02-01,2.72,2.76,2.7,2.75,338000
SSI,2026-02-02,2.75,2.76,2.65,2.76,191000
SSI,2026-02-03,2.76,2.76,2.67,2.7,69000
SSI,2026-02-04,2.65,2.7,2.65,2.7,130000
SSI,2026-02-05,2.65,2.72,2.65,2.72,91000
SSI,2026-02-08,2.65,2.7,2.62,2.64,770000
SSI,2026-02-09,2.64,2.75,2.61,2.75,445000
SSI,2026-02-10,2.66,2.75,2.66,2.75,222000
SSI,2026-02-11,2.74,2.74,2.74,2.74,40000
SSI,2026-02-12,2.66,2.69,2.65,2.69,60000
SSI,2026-02-15,2.69,2.69,2.65,2.67,43000
SSI,2026-02-17,2.67,2.67,2.67,2.67,69000
SSI,2026-02-18,2.66,2.7,2.66,2.7,42000
SSI,2026-02-19,2.7,2.7,2.7,2.7,5000
SSI,2026-02-22,2.71,2.78,2.65,2.78,375000
SSI,2026-02-23,2.75,2.75,2.67,2.7,25000
SSI,2026-02-24,2.67,2.71,2.64,2.68,1052000
SSI,2026-02-25,2.7,2.7,2.63,2.69,509000
SSI,2026-02-26,2.63,2.67,2.63,2.63,151000
SSI,2026-03-01,2.63,2.65,2.4,2.5,635000
SSI,2026-03-02,2.49,2.49,2.44,2.46,129000
SSI,2026-03-03,2.41,2.44,2.41,2.42,148000
SSI,2026-03-04,2.4,2.41,2.38,2.4,479000
SSI,2026-03-05,2.36,2.36,2.3,2.32,528000
SSI,2026-03-08,2.31,2.31,2.12,2.2,1053000
SSI,2026-03-09,2.24,2.38,2.24,2.31,409000
SSI,2026-03-10,2.31,2.33,2.31,2.31,202000
SSI,2026-03-11,2.31,2.32,2.21,2.27,543000
SSI,2026-03-12,2.18,2.3,2.18,2.24,352000
SSI,2026-03-15,2.2,2.25,2.2,2.24,477000
SSI,2026-03-16,2.25,2.48,2.25,2.28,267000
SSI,2026-03-17,2.28,2.49,2.28,2.31,514000
SSI,2026-03-18,2.45,2.45,2.26,2.35,686000
SSI,2026-03-22,2.26,2.28,2.26,2.28,24000
SSI,2026-03-23,2.28,2.31,2.28,2.3,224000
SSI,2026-03-24,2.3,2.3,2.3,2.3,3000
SSI,2026-03-25,2.29,2.39,2.28,2.38,452000
SSI,2026-03-26,2.28,2.42,2.28,2.42,664000
SSI,2026-03-29,2.44,2.44,2.41,2.42,432000
SSI,2026-03-30,2.3,2.43,2.3,2.42,16000
SSI,2026-03-31,2.41,2.5,2.41,2.5,262000
SSI,2026-04-05,2.48,2.48,2.33,2.46,4000
SSI,2026-04-06,2.4,2.4,2.33,2.39,28000
SSI,2026-04-07,2.34,2.47,2.34,2.46,76000
SSI,2026-04-09,2.48,2.48,2.35,2.35,268000
SSI,2026-04-12,2.49,2.49,2.36,2.36,12000
SSI,2026-04-13,2.36,2.5,2.36,2.5,354000
SSI,2026-04-14,2.42,2.5,2.42,2.45,121000
SSI,2026-04-15,2.45,2.49,2.44,2.49,543000
SSI,2026-04-16,2.45,2.48,2.45,2.48,19904000
SSI,2026-04-19,2.48,2.49,2.44,2.45,13000
SSI,2026-04-20,2.46,2.59,2.45,2.5,61000
SSI,2026-04-21,2.56,2.56,2.45,2.45,690000
SSI,2026-04-22,2.42,2.5,2.4,2.44,1630000
SSI,2026-04-23,2.44,2.49,2.42,2.44,684000
SSI,2026-04-26,2.44,2.44,2.42,2.44,187000
SSI,2026-04-27,2.4,2.44,2.39,2.44,440000
SSI,2026-04-28,2.39,2.41,2.39,2.41,27000
SSI,2026-04-29,2.41,2.41,2.4,2.4,2634000
SSI,2026-05-03,2.42,2.42,2.38,2.4,416000
SSI,2026-05-04,2.4,2.47,2.37,2.46,39000
SSI,2026-05-05,2.4,2.45,2.38,2.4,433000
SSI,2026-05-06,2.38,2.46,2.36,2.39,194000
SSI,2026-05-07,2.38,2.45,2.38,2.44,11000
SSI,2026-05-10,2.47,2.47,2.38,2.38,21000
SSI,2026-05-11,2.46,2.46,2.37,2.37,5242000
SSI,2026-05-12,2.42,2.42,2.33,2.33,1126000
SSI,2026-05-13,2.33,2.37,2.33,2.33,1026000
SSI,2026-05-14,2.34,2.36,2.34,2.36,6000
SSI,2026-05-17,2.33,2.33,2.25,2.27,1318000
SSI,2026-05-18,2.27,2.27,2.25,2.25,69000
SSI,2026-05-19,2.29,2.29,2.25,2.26,18000
SSI,2026-05-20,2.26,2.26,2.25,2.25,60000
SSI,2026-05-21,2.25,2.25,2.25,2.25,271000
SSI,2026-05-24,2.25,2.26,2.25,2.26,235000
SSI,2026-05-25,2.26,2.29,2.26,2.28,6000
SSI,2026-05-27,2.28,2.28,2.25,2.25,296000
SSI,2026-05-28,2.25,2.27,2.25,2.25,102000
SSI,2026-05-31,2.27,2.3,2.26,2.27,41000
SSI,2026-06-01,2.25,2.26,2.25,2.26,454000
SSI,2026-06-02,2.26,2.26,2.22,2.22,1488000
SSI,2026-06-03,2.24,2.24,2.2,2.2,43000
SSI,2026-06-04,2.2,2.23,2.2,2.23,7000
SSI,2026-06-07,2.23,2.23,2.2,2.2,4000
SSI,2026-06-08,2.16,2.22,2.16,2.22,35000
SSI,2026-06-09,2.22,2.22,2.14,2.14,27000
SSI,2026-06-10,2.24,2.24,2.14,2.24,95000
SSI,2026-06-14,2.23,2.28,2.23,2.28,34000
SSI,2026-06-15,2.2,2.33,2.16,2.33,273000
SSI,2026-06-18,2.33,2.6,2.33,2.4,108000
SSI,2026-06-21,2.4,2.4,2.33,2.33,326000
SSI,2026-06-22,2.3,2.3,2.27,2.27,64000
SSI,2026-06-23,2.3,2.3,2.25,2.25,245000
SSI,2026-06-24,2.25,2.32,2.25,2.25,82000
SSI,2026-06-25,2.34,2.34,2.34,2.34,1000
SSI,2026-06-28,2.22,2.32,2.22,2.28,27000
SSI,2026-06-29,2.28,2.28,2.21,2.26,62000
SSI,2026-06-30,2.25,2.26,2.2,2.25,52000
SSI,2026-07-01,2.25,2.25,2.25,2.25,6000
SSI,2026-07-02,2.2,2.24,2.2,2.21,36000
SSI,2026-07-05,2.2,2.21,2.15,2.21,269000
SSI,2026-07-06,2.2,2.2,2.2,2.2,49000
SSI,2026-07-07,2.2,2.2,2.15,2.2,47000
SSI,2026-07-08,2.2,2.2,2.2,2.2,26000
SSI,2026-07-09,2.2,2.2,2.2,2.2,2000
SSI,2026-07-12,2.15,2.19,2.15,2.19,52000
SSI,2026-07-13,2.19,2.19,2.19,2.19,6000
SSI,2026-07-14,2.14,2.19,2.14,2.19,263000
SSI,2026-07-15,2.2,2.2,2.14,2.2,315000
SSI,2026-07-16,2.16,2.19,2.14,2.19,196000
SSI,2026-07-19,2.19,2.19,2.15,2.15,64000
SSI,2026-07-20,2.15,2.15,2.0,2.04,2529000
SSI,2026-07-21,2.04,2.06,2.04,2.05,152000
SSI,2026-07-22,2.04,2.1,2.04,2.08,32000
SSI,2026-07-23,2.08,2.08,2.03,2.08,307000
SSI,2026-07-26,2.08,2.08,2.0,2.06,449000
SSI,2026-07-27,2.01,2.07,2.01,2.07,287000
SSI,2026-07-28,2.07,2.19,2.04,2.06,39000
SSI,2026-07-29,2.14,2.14,2.14,2.14,16000
SSI,2026-07-30,2.07,2.08,2.07,2.08,69000
SSI,2026-08-02,2.07,2.07,2.04,2.04,20000
SSI,2026-08-03,2.07,2.07,2.05,2.07,183000
SSI,2026-08-04,2.05,2.06,2.03,2.06,38000
SSI,2026-08-05,2.05,2.06,2.03,2.05,408000
SSI,2026-08-06,2.05,2.06,2.02,2.05,708000
SSI,2026-08-09,2.05,2.05,2.04,2.04,52000
SSI,2026-08-10,2.05,2.05,2.03,2.03,22000
SSI,2026-08-11,2.03,2.03,2.02,2.03,23000
SSI,2026-08-12,2.03,2.03,2.02,2.02,139000
SSI,2026-08-13,2.03,2.06,2.03,2.04,637000
STB,2026-01-30,62800.0,65000.0,62700.0,63000.0,9372100
STB,2026-02-02,63000.0,64000.0,62000.0,63500.0,12216000
STB,2026-02-03,64000.0,64500.0,62700.0,63000.0,10152200
STB,2026-02-04,62800.0,64600.0,62600.0,63800.0,11683400
STB,2026-02-05,63800.0,65000.0,62300.0,62300.0,10907100
STB,2026-02-06,61800.0,62400.0,60800.0,61500.0,14979600
STB,2026-02-09,61600.0,62100.0,60300.0,60300.0,5613100
STB,2026-02-10,60300.0,60700.0,59000.0,59500.0,15767700
STB,2026-02-11,59300.0,62900.0,59300.0,61100.0,8440100
STB,2026-02-12,61200.0,62700.0,61100.0,61100.0,4636600
STB,2026-02-13,61200.0,62600.0,61100.0,62600.0,8998200
STB,2026-02-23,62500.0,63700.0,62500.0,62900.0,5818900
STB,2026-02-24,63200.0,64200.0,63000.0,63400.0,7967200
STB,2026-02-25,63400.0,67800.0,63400.0,66700.0,20065800
STB,2026-02-26,66800.0,67300.0,65600.0,67000.0,8140000
STB,2026-02-27,66900.0,67200.0,65500.0,65500.0,7079500
STB,2026-03-02,65100.0,70000.0,64100.0,67000.0,22266500
STB,2026-03-03,67000.0,70200.0,67000.0,67800.0,10142700
STB,2026-03-04,67600.0,68100.0,65300.0,66700.0,15992100
STB,2026-03-05,67600.0,68700.0,64900.0,64900.0,11705000
STB,2026-03-06,64900.0,65400.0,62600.0,63800.0,9695500
STB,2026-03-09,59400.0,64100.0,59400.0,60800.0,34718500
STB,2026-03-10,63000.0,65000.0,62600.0,65000.0,21117100
STB,2026-03-11,65100.0,67400.0,64500.0,66300.0,9254700
STB,2026-03-12,65600.0,67100.0,65100.0,65700.0,6081700
STB,2026-03-13,65000.0,67000.0,64900.0,65800.0,6921900
STB,2026-03-16,65700.0,68900.0,65600.0,66600.0,10881400
STB,2026-03-17,67000.0,69200.0,67000.0,67600.0,8825000
STB,2026-03-18,67700.0,68800.0,62900.0,63300.0,33645200
STB,2026-03-19,63300.0,64700.0,62100.0,63400.0,11631900
STB,2026-03-20,63100.0,64000.0,62700.0,63400.0,9388100
STB,2026-03-23,62400.0,62900.0,60000.0,60000.0,8986900
STB,2026-03-24,61100.0,62000.0,60500.0,60800.0,6025600
STB,2026-03-25,61300.0,62700.0,61100.0,62200.0,5688900
STB,2026-03-26,62000.0,62100.0,60300.0,60600.0,5034300
STB,2026-03-27,60500.0,60700.0,59700.0,59900.0,9368300
STB,2026-03-30,58900.0,63400.0,58100.0,61200.0,7574900
STB,2026-03-31,61200.0,62700.0,61200.0,62200.0,5233600
STB,2026-04-01,62800.0,63700.0,62200.0,62200.0,3187200
STB,2026-04-02,61600.0,62100.0,60700.0,61100.0,6494800
STB,2026-04-03,60800.0,62300.0,60600.0,60800.0,4610800
STB,2026-04-06,60800.0,62100.0,59600.0,61200.0,4204600
STB,2026-04-07,61500.0,62000.0,61000.0,61700.0,2931800
STB,2026-04-08,63500.0,66000.0,63100.0,66000.0,9822700
STB,2026-04-09,65900.0,68800.0,65500.0,66300.0,11522600
STB,2026-04-10,66300.0,68700.0,66100.0,66900.0,10148800
STB,2026-04-13,66300.0,68700.0,66000.0,67300.0,5230900
STB,2026-04-14,67900.0,68200.0,66100.0,66100.0,4179900
STB,2026-04-15,66400.0,66500.0,64300.0,64300.0,6883400
STB,2026-04-16,64500.0,65500.0,63500.0,63800.0,4595200
STB,2026-04-17,64000.0,65200.0,63900.0,64000.0,3714500
STB,2026-04-20,64500.0,65200.0,64100.0,64200.0,2566400
STB,2026-04-21,68000.0,68600.0,66900.0,67700.0,14144000
STB,2026-04-22,68400.0,69200.0,66500.0,66500.0,8519100
STB,2026-04-23,66700.0,67000.0,65200.0,65400.0,7987700
STB,2026-04-24,65400.0,65500.0,64800.0,64900.0,2756500
STB,2026-04-28,65900.0,69300.0,65100.0,68100.0,8214800
STB,2026-04-29,67800.0,68900.0,67300.0,67500.0,4951500
STB,2026-05-04,67600.0,68100.0,66200.0,66200.0,4121200
STB,2026-05-05,66200.0,67000.0,65800.0,66600.0,3623900
STB,2026-05-06,66600.0,69800.0,66600.0,68900.0,7606000
STB,2026-05-07,69000.0,73700.0,68400.0,73700.0,18877100
STB,2026-05-08,74000.0,74800.0,72300.0,73500.0,4750300
STB,2026-05-11,73000.0,73300.0,71900.0,72200.0,3266700
STB,2026-05-12,72300.0,76800.0,71900.0,76800.0,6934600
STB,2026-05-13,76000.0,76600.0,73500.0,73500.0,10029200
STB,2026-05-14,73000.0,75100.0,72800.0,73600.0,4387600
STB,2026-05-15,73900.0,74400.0,72800.0,72900.0,3743400
STB,2026-05-18,72900.0,74000.0,71600.0,72100.0,5605300
STB,2026-05-19,72100.0,73300.0,71600.0,72300.0,4823500
STB,2026-05-20,71700.0,72400.0,70100.0,71600.0,5903700
STB,2026-05-21,71800.0,72800.0,70700.0,70800.0,5478500
STB,2026-05-22,71100.0,71800.0,70500.0,71200.0,4564100
STB,2026-05-25,71200.0,72000.0,70000.0,70000.0,4541800
STB,2026-05-26,70300.0,70900.0,69300.0,69600.0,5384000
STB,2026-05-27,70000.0,70500.0,68300.0,68300.0,5709900
STB,2026-05-28,68400.0,69400.0,68000.0,68000.0,7107900
STB,2026-05-29,68000.0,68800.0,68000.0,68000.0,2629200
STB,2026-06-01,68400.0,69600.0,67000.0,67000.0,5044700
STB,2026-06-02,67200.0,67600.0,66300.0,66600.0,6788500
STB,2026-06-03,66500.0,67600.0,66100.0,66100.0,5310300
STB,2026-06-04,66300.0,70500.0,66200.0,70400.0,10815200
STB,2026-06-05,70500.0,70500.0,69200.0,69800.0,3820900
STB,2026-06-08,69200.0,71000.0,68600.0,69800.0,4880800
STB,2026-06-09,70000.0,73500.0,69200.0,72000.0,8269000
STB,2026-06-10,72100.0,72300.0,70600.0,70600.0,3159300
STB,2026-06-11,70700.0,72500.0,70000.0,71300.0,4074600
STB,2026-06-12,71500.0,73000.0,70900.0,70900.0,5420000
STB,2026-06-15,71100.0,73000.0,71100.0,71800.0,4486600
STB,2026-06-16,72100.0,73000.0,71300.0,71300.0,2756600
STB,2026-06-17,71300.0,73500.0,71200.0,72100.0,6158700
STB,2026-06-18,72500.0,72500.0,70900.0,70900.0,3321200
STB,2026-06-19,71200.0,72300.0,70700.0,72300.0,7599400
STB,2026-06-22,72200.0,72800.0,71200.0,71200.0,1971200
STB,2026-06-23,71400.0,75500.0,70900.0,71700.0,8901600
STB,2026-06-24,71800.0,73600.0,71200.0,71200.0,3739700
STB,2026-06-25,71200.0,73300.0,71200.0,72200.0,6085200
STB,2026-06-26,72000.0,75000.0,72000.0,73700.0,6865100
STB,2026-06-29,73900.0,76200.0,73700.0,74900.0,8809100
STB,2026-06-30,74900.0,75600.0,73700.0,73800.0,2833300
STB,2026-07-01,73800.0,74000.0,73200.0,73200.0,3050100
STB,2026-07-02,73000.0,74100.0,72600.0,72600.0,2656100
STB,2026-07-03,72900.0,72900.0,72000.0,72000.0,2644200
STB,2026-07-06,72300.0,72600.0,70800.0,70800.0,3503000
STB,2026-07-07,70700.0,72000.0,70600.0,70800.0,2796900
STB,2026-07-08,71400.0,72000.0,70900.0,70900.0,2344200
STB,2026-07-09,71100.0,71600.0,71000.0,71000.0,1550100
STB,2026-07-10,71200.0,71800.0,70100.0,70100.0,2145300
STB,2026-07-13,70300.0,70300.0,68500.0,68500.0,4346600
STB,2026-07-14,68300.0,71100.0,68300.0,70400.0,4375100
STB,2026-07-15,70600.0,71600.0,69800.0,69800.0,3008400
STB,2026-07-16,69500.0,72500.0,69500.0,71800.0,7250100
STB,2026-07-17,72000.0,74200.0,71600.0,73500.0,7097200
STB,2026-07-20,72700.0,73800.0,69000.0,73000.0,5188900
STB,2026-07-21,73000.0,73900.0,72200.0,72700.0,4771800
STB,2026-07-22,72900.0,73700.0,71000.0,71000.0,8575100
STB,2026-07-23,71200.0,73900.0,70600.0,72000.0,6397700
STB,2026-07-24,73000.0,74000.0,71700.0,73500.0,6106500
STB,2026-07-27,73500.0,75000.0,72500.0,72500.0,2395500
STB,2026-07-28,72400.0,73600.0,71800.0,72500.0,1780100
STB,2026-07-29,72900.0,72900.0,71500.0,71500.0,2832200
STB,2026-07-30,71700.0,73000.0,71000.0,71600.0,2420000
STB,2026-07-31,71500.0,72300.0,71100.0,71300.0,2789200
STB,2026-08-03,71800.0,72500.0,71300.0,71500.0,3070900
STB,2026-08-04,72100.0,74100.0,71900.0,74100.0,4940100
STB,2026-08-05,74500.0,74900.0,73200.0,73200.0,2746300
STB,2026-08-06,73200.0,73600.0,72200.0,72200.0,1486200
STB,2026-08-07,72500.0,76100.0,72400.0,74600.0,6083800
STB,2026-08-10,75000.0,76100.0,74300.0,74600.0,2084300
STB,2026-08-11,74900.0,75300.0,74200.0,74300.0,1542200
STB,2026-08-12,74300.0,75400.0,74100.0,74100.0,1566500
STB,2026-08-13,74700.0,74800.0,73100.0,73100.0,2354000
STB,2026-08-14,73100.0,73500.0,72300.0,72300.0,2386900
TCB,2026-01-30,34132.44,35160.82,34083.47,35160.82,11847132
TCB,2026-02-02,34573.17,35013.91,34034.5,34279.35,9860528
TCB,2026-02-03,34867.0,34867.0,33985.53,33985.53,14307184
TCB,2026-02-04,33985.53,34181.41,33642.73,33838.62,11954850
TCB,2026-02-05,34230.38,34377.29,34034.5,34132.44,10925148
TCB,2026-02-06,33789.64,33887.59,33397.88,33887.59,12755025
TCB,2026-02-09,34279.35,34279.35,33789.64,34034.5,7917725
TCB,2026-02-10,34083.47,34279.35,33740.67,33887.59,10160300
TCB,2026-02-11,33985.53,34622.14,33887.59,34573.17,11277197
TCB,2026-02-12,34671.11,35013.91,34475.23,34720.08,7701269
TCB,2026-02-13,34475.23,34769.06,34475.23,34720.08,6187092
TCB,2026-02-23,34769.06,35160.82,34720.08,35111.85,9333169
TCB,2026-02-24,35111.85,35160.82,35013.91,35062.88,11100662
TCB,2026-02-25,35062.88,35699.49,34964.94,35258.76,12645163
TCB,2026-02-26,35356.7,35699.49,35258.76,35699.49,9501434
TCB,2026-02-27,35307.73,35650.52,35111.85,35503.61,8126014
TCB,2026-03-02,35062.88,35062.88,33936.56,33936.56,17884644
TCB,2026-03-03,33936.56,34230.38,32908.18,32908.18,17636638
TCB,2026-03-04,32810.24,33006.12,31145.24,31830.82,31515504
TCB,2026-03-05,32320.53,32418.47,31537.0,31537.0,16085500
TCB,2026-03-06,31439.06,31439.06,30704.5,30802.44,15052940
TCB,2026-03-09,28647.74,29186.42,28647.74,28647.74,34088277
TCB,2026-03-10,30165.83,30165.83,29137.45,29676.12,19167355
TCB,2026-03-11,29431.27,30704.5,29333.33,30459.65,13272174
TCB,2026-03-12,29920.98,30361.71,29284.36,29382.3,18448249
TCB,2026-03-13,29382.3,29676.12,29039.51,29382.3,10040330
TCB,2026-03-16,29382.3,29823.03,29382.3,29578.18,8309186
TCB,2026-03-17,29627.15,30263.77,29480.24,29676.12,13433189
TCB,2026-03-18,29872.0,30165.83,29529.21,29676.12,6978282
TCB,2026-03-19,29529.21,29676.12,29284.36,29431.27,16731093
TCB,2026-03-20,29382.3,29480.24,29235.39,29235.39,8085480
TCB,2026-03-23,28892.6,28941.57,28304.95,28304.95,15720791
TCB,2026-03-24,28696.71,29235.39,28549.8,29235.39,9446197
TCB,2026-03-25,29676.12,30263.77,29431.27,30165.83,10225033
TCB,2026-03-26,30067.89,30067.89,29529.21,29529.21,7588344
TCB,2026-03-27,29529.21,30067.89,29431.27,30018.92,7785095
TCB,2026-03-30,29431.27,29872.0,29137.45,29872.0,6473591
TCB,2026-03-31,29872.0,30116.86,29774.06,30067.89,9047794
TCB,2026-04-01,30704.5,30704.5,30165.83,30165.83,8972238
TCB,2026-04-02,29872.0,29920.98,29480.24,29725.09,8030038
TCB,2026-04-03,29774.06,29872.0,29137.45,29137.45,9087205
TCB,2026-04-06,29088.48,29088.48,28402.89,28451.86,12805464
TCB,2026-04-07,28647.74,28696.71,27766.27,28109.07,15708743
TCB,2026-04-08,29137.45,30067.89,28892.6,30067.89,18510021
TCB,2026-04-09,30312.74,30949.36,29969.95,30263.77,21246975
TCB,2026-04-10,30410.68,31977.74,30410.68,31585.97,31335702
TCB,2026-04-13,30851.42,31488.03,30851.42,31243.18,11151305
TCB,2026-04-14,31732.88,31879.8,31194.21,31390.09,10045231
TCB,2026-04-15,31732.88,31879.8,31194.21,31194.21,12556232
TCB,2026-04-16,31194.21,31439.06,31145.24,31243.18,8753126
TCB,2026-04-17,31488.03,31781.85,31341.12,31585.97,12453415
TCB,2026-04-20,31732.88,32222.59,31683.91,31928.77,12880509
TCB,2026-04-21,31977.74,32173.62,31830.82,32026.71,10573202
TCB,2026-04-22,32418.47,32810.24,32222.59,32320.53,15406316
TCB,2026-04-23,32320.53,33006.12,32222.59,32614.35,13135357
TCB,2026-04-24,32712.29,33593.76,32614.35,33544.79,25457673
TCB,2026-04-28,34279.35,34279.35,33789.64,33887.59,17128066
TCB,2026-04-29,33789.64,33887.59,32810.24,33153.03,16802360
TCB,2026-05-04,33104.06,33250.97,32614.35,32859.21,11855504
TCB,2026-05-05,32761.26,32761.26,32026.71,32614.35,10813244
TCB,2026-05-06,32761.26,33202.0,32516.41,33202.0,8028404
TCB,2026-05-07,33348.91,33495.82,33006.12,33006.12,9951705
TCB,2026-05-08,32957.15,33250.97,32859.21,33153.03,10746367
TCB,2026-05-11,33250.97,33250.97,33055.09,33104.06,10664992
TCB,2026-05-12,33104.06,33153.03,32957.15,33104.06,9878294
TCB,2026-05-13,33202.0,33202.0,32859.21,32908.18,11742579
TCB,2026-05-14,32908.18,33299.94,32908.18,33299.94,10451904
TCB,2026-05-15,33642.73,34083.47,33250.97,33348.91,23051939
TCB,2026-05-18,33299.94,33495.82,33055.09,33299.94,12447902
TCB,2026-05-19,33500.0,33600.0,32600.0,32600.0,15755800
TCB,2026-05-20,32200.0,32450.0,31050.0,32450.0,19950800
TCB,2026-05-21,32500.0,32600.0,32200.0,32250.0,9017000
TCB,2026-05-22,32400.0,32400.0,31650.0,32200.0,7157000
TCB,2026-05-25,32050.0,32800.0,32050.0,32550.0,6800800
TCB,2026-05-26,32500.0,33000.0,32450.0,32900.0,5439700
TCB,2026-05-27,33100.0,33700.0,32900.0,33650.0,16305800
TCB,2026-05-28,33600.0,33600.0,32600.0,32600.0,8065900
TCB,2026-05-29,32650.0,33050.0,32650.0,32750.0,6878700
TCB,2026-06-01,32850.0,32950.0,32350.0,32350.0,5957400
TCB,2026-06-02,32350.0,32400.0,31900.0,31900.0,8472100
TCB,2026-06-03,31900.0,32000.0,31450.0,31550.0,11052800
TCB,2026-06-04,31650.0,31900.0,31450.0,31450.0,6761500
TCB,2026-06-05,31500.0,32000.0,31500.0,31700.0,5839000
TCB,2026-06-08,31500.0,31600.0,30850.0,30850.0,9610500
TCB,2026-06-09,30900.0,31200.0,30800.0,30900.0,9572400
TCB,2026-06-10,31050.0,31250.0,30900.0,30950.0,4691800
TCB,2026-06-11,30950.0,31050.0,30800.0,30850.0,6590700
TCB,2026-06-12,31300.0,31450.0,31050.0,31250.0,10931200
TCB,2026-06-15,31700.0,31950.0,31250.0,31700.0,10553500
TCB,2026-06-16,31800.0,31900.0,31550.0,31750.0,7120000
TCB,2026-06-17,31750.0,31800.0,31350.0,31450.0,16629400
TCB,2026-06-18,31450.0,31500.0,31150.0,31200.0,8917000
TCB,2026-06-19,31250.0,31300.0,30900.0,30950.0,10874100
TCB,2026-06-22,31150.0,31150.0,30900.0,30900.0,5678600
TCB,2026-06-23,31000.0,33050.0,31000.0,32050.0,28233400
TCB,2026-06-24,32500.0,32950.0,32000.0,32500.0,17964000
TCB,2026-06-25,32700.0,33500.0,32450.0,33400.0,20973800
TCB,2026-06-26,33400.0,33450.0,32900.0,33400.0,10271000
TCB,2026-06-29,33300.0,33900.0,33250.0,33800.0,14115800
TCB,2026-06-30,33850.0,33850.0,33450.0,33500.0,9363600
TCB,2026-07-01,33550.0,34500.0,33500.0,34300.0,14899400
TCB,2026-07-02,34350.0,34600.0,33800.0,33850.0,12377100
TCB,2026-07-03,33950.0,33950.0,33200.0,33600.0,15380400
TCB,2026-07-06,33600.0,33950.0,33200.0,33750.0,10686300
TCB,2026-07-07,33750.0,33850.0,33350.0,33850.0,7544400
TCB,2026-07-08,33850.0,34200.0,33750.0,33750.0,12585200
TCB,2026-07-09,33550.0,33650.0,33150.0,33150.0,11473700
TCB,2026-07-10,33150.0,33200.0,32300.0,32400.0,16294000
TCB,2026-07-13,32250.0,32350.0,31500.0,32350.0,19906700
TCB,2026-07-14,32150.0,32300.0,31750.0,32200.0,11243700
TCB,2026-07-15,32050.0,32200.0,31500.0,31500.0,8134600
TCB,2026-07-16,31300.0,31900.0,30750.0,31900.0,14633400
TCB,2026-07-17,31900.0,31900.0,31450.0,31450.0,7054000
TCB,2026-07-20,31400.0,31400.0,29950.0,29950.0,14287800
TCB,2026-07-21,30000.0,30200.0,29600.0,29800.0,10138100
TCB,2026-07-22,29900.0,30300.0,29000.0,29000.0,19146900
TCB,2026-07-23,29050.0,29950.0,28350.0,29250.0,16985100
TCB,2026-07-24,28900.0,29200.0,28500.0,28600.0,10695100
TCB,2026-07-27,28700.0,29050.0,28250.0,28250.0,10295400
TCB,2026-07-28,28150.0,28600.0,27800.0,28500.0,10441600
TCB,2026-07-29,28150.0,28550.0,28150.0,28400.0,8541800
TCB,2026-07-30,28600.0,29750.0,28400.0,29300.0,19699200
TCB,2026-07-31,29550.0,29550.0,28950.0,28950.0,11594700
TCB,2026-08-03,29150.0,30300.0,29150.0,29950.0,13434400
TCB,2026-08-04,29900.0,29950.0,29550.0,29650.0,9310400
TCB,2026-08-05,29900.0,30050.0,29550.0,29650.0,12029900
TCB,2026-08-06,29700.0,29750.0,29200.0,29200.0,11006100
TCB,2026-08-07,29150.0,29700.0,28900.0,29700.0,22690400
TCB,2026-08-10,29700.0,31350.0,29500.0,31350.0,34812900
TCB,2026-08-11,31150.0,31550.0,30700.0,31000.0,18021000
TCB,2026-08-12,31000.0,31500.0,30900.0,31500.0,15306400
TCB,2026-08-13,31500.0,32100.0,31300.0,31700.0,33919400
TCB,2026-08-14,31700.0,32150.0,31450.0,32000.0,15485400
TPB,2026-01-30,16800.0,17200.0,16650.0,17200.0,6437600
TPB,2026-02-02,17200.0,17350.0,17000.0,17000.0,7436300
TPB,2026-02-03,17200.0,17350.0,16950.0,17150.0,8592700
TPB,2026-02-04,17150.0,17450.0,17100.0,17400.0,8474000
TPB,2026-02-05,17400.0,17550.0,17100.0,17100.0,5380800
TPB,2026-02-06,17050.0,17100.0,16750.0,16800.0,8877300
TPB,2026-02-09,16900.0,17000.0,16750.0,16800.0,4925200
TPB,2026-02-10,16700.0,17000.0,16650.0,16800.0,4365300
TPB,2026-02-11,16800.0,17350.0,16800.0,17350.0,9392200
TPB,2026-02-12,17450.0,17500.0,17150.0,17150.0,4649600
TPB,2026-02-13,17150.0,17500.0,17100.0,17500.0,5366800
TPB,2026-02-23,17600.0,18050.0,17400.0,18000.0,34774400
TPB,2026-02-24,18000.0,18350.0,17650.0,18050.0,34910600
TPB,2026-02-25,18250.0,18700.0,18050.0,18650.0,50381300
TPB,2026-02-26,18800.0,18800.0,18150.0,18350.0,20461500
TPB,2026-02-27,18450.0,18700.0,18250.0,18400.0,17459800
TPB,2026-03-02,17900.0,18450.0,17800.0,17800.0,38690700
TPB,2026-03-03,17850.0,18200.0,17550.0,17600.0,24818800
TPB,2026-03-04,17550.0,17800.0,16600.0,17300.0,30118900
TPB,2026-03-05,17500.0,17700.0,17050.0,17050.0,18616900
TPB,2026-03-06,17000.0,17250.0,16850.0,16850.0,14312800
TPB,2026-03-09,15800.0,16500.0,15700.0,15700.0,28431800
TPB,2026-03-10,16100.0,16350.0,15700.0,16000.0,22268300
TPB,2026-03-11,16050.0,16700.0,16000.0,16450.0,21018900
TPB,2026-03-12,16200.0,16450.0,15950.0,16050.0,13103500
TPB,2026-03-13,16100.0,16200.0,15850.0,16000.0,11262700
TPB,2026-03-16,16100.0,16200.0,15950.0,16000.0,6987300
TPB,2026-03-17,16150.0,16350.0,16100.0,16100.0,6385100
TPB,2026-03-18,16200.0,16350.0,15900.0,16050.0,8612200
TPB,2026-03-19,15850.0,16100.0,15750.0,16000.0,11842100
TPB,2026-03-20,15900.0,16000.0,15800.0,15800.0,4820600
TPB,2026-03-23,15600.0,15750.0,15100.0,15100.0,11931000
TPB,2026-03-24,15500.0,15950.0,15350.0,15800.0,11898000
TPB,2026-03-25,15850.0,16200.0,15800.0,16150.0,11989200
TPB,2026-03-26,16150.0,16150.0,15900.0,15900.0,6802600
TPB,2026-03-27,15900.0,16300.0,15900.0,16250.0,9247800
TPB,2026-03-30,15900.0,16200.0,15850.0,15950.0,5128400
TPB,2026-03-31,16050.0,16500.0,16000.0,16300.0,11363300
TPB,2026-04-01,16550.0,16750.0,16300.0,16350.0,11594500
TPB,2026-04-02,16250.0,16250.0,15950.0,16000.0,5650100
TPB,2026-04-03,16150.0,16150.0,15950.0,16000.0,4118600
TPB,2026-04-06,16000.0,16100.0,15850.0,15850.0,4698000
TPB,2026-04-07,15950.0,16000.0,15550.0,15750.0,9187900
TPB,2026-04-08,16200.0,16600.0,16150.0,16500.0,17311600
TPB,2026-04-09,16450.0,16450.0,16250.0,16250.0,5397600
TPB,2026-04-10,16400.0,16900.0,16300.0,16300.0,8878700
TPB,2026-04-13,16200.0,16500.0,16100.0,16350.0,7939500
TPB,2026-04-14,16500.0,16700.0,16400.0,16450.0,8610800
TPB,2026-04-15,16450.0,16600.0,16350.0,16400.0,6809100
TPB,2026-04-16,16400.0,16450.0,16200.0,16250.0,6088700
TPB,2026-04-17,16250.0,16400.0,16200.0,16250.0,6009400
TPB,2026-04-20,16250.0,16500.0,16250.0,16400.0,6485400
TPB,2026-04-21,16450.0,16500.0,16250.0,16250.0,6860400
TPB,2026-04-22,16350.0,16350.0,16150.0,16300.0,5312400
TPB,2026-04-23,16300.0,16650.0,16250.0,16300.0,7412000
TPB,2026-04-24,16350.0,16450.0,16250.0,16300.0,4051000
TPB,2026-04-28,16300.0,16400.0,16250.0,16250.0,4413200
TPB,2026-04-29,16250.0,16400.0,16150.0,16250.0,4029500
TPB,2026-05-04,16250.0,16450.0,16250.0,16300.0,6862500
TPB,2026-05-05,16250.0,16300.0,15950.0,16250.0,11225300
TPB,2026-05-06,16200.0,16300.0,16000.0,16250.0,7676800
TPB,2026-05-07,16250.0,16350.0,16050.0,16050.0,10346200
TPB,2026-05-08,16050.0,16200.0,15950.0,16000.0,12442900
TPB,2026-05-11,16100.0,16100.0,15750.0,15750.0,12446900
TPB,2026-05-12,15800.0,15850.0,15500.0,15800.0,11282100
TPB,2026-05-13,15800.0,15850.0,15550.0,15600.0,7045100
TPB,2026-05-14,15700.0,16000.0,15600.0,15850.0,11037200
TPB,2026-05-15,15900.0,15950.0,15700.0,15700.0,2817200
TPB,2026-05-18,15700.0,15700.0,15500.0,15500.0,7794500
TPB,2026-05-19,15650.0,15700.0,15350.0,15350.0,8041100
TPB,2026-05-20,15450.0,15650.0,15150.0,15500.0,13707400
TPB,2026-05-21,15600.0,15650.0,15500.0,15600.0,5920600
TPB,2026-05-22,15600.0,15600.0,15400.0,15550.0,4716400
TPB,2026-05-25,15600.0,15700.0,15500.0,15600.0,4907800
TPB,2026-05-26,15600.0,15900.0,15600.0,15800.0,10799100
TPB,2026-05-27,15850.0,16300.0,15800.0,16250.0,22070600
TPB,2026-05-28,16250.0,16250.0,15900.0,15900.0,7024400
TPB,2026-05-29,15900.0,16150.0,15850.0,15900.0,10467100
TPB,2026-06-01,16000.0,16050.0,15700.0,15700.0,7151500
TPB,2026-06-02,15750.0,15800.0,15550.0,15600.0,7023600
TPB,2026-06-03,15600.0,15900.0,15600.0,15700.0,7620800
TPB,2026-06-04,15700.0,15950.0,15700.0,15950.0,7207400
TPB,2026-06-05,15950.0,16400.0,15950.0,16200.0,28615800
TPB,2026-06-08,16050.0,16100.0,15800.0,15800.0,10799200
TPB,2026-06-09,15850.0,16000.0,15750.0,16000.0,5911300
TPB,2026-06-10,15950.0,16150.0,15900.0,15950.0,6641500
TPB,2026-06-11,15850.0,16050.0,15800.0,15850.0,5464100
TPB,2026-06-12,16050.0,16600.0,16000.0,16350.0,44500500
TPB,2026-06-15,16450.0,16600.0,16300.0,16450.0,19583400
TPB,2026-06-16,16600.0,16600.0,16300.0,16450.0,15322100
TPB,2026-06-17,16450.0,16600.0,16300.0,16450.0,16106600
TPB,2026-06-18,16450.0,16550.0,16150.0,16200.0,18062000
TPB,2026-06-19,16200.0,16200.0,16050.0,16200.0,7920400
TPB,2026-06-22,16250.0,16250.0,16000.0,16250.0,10984200
TPB,2026-06-23,16250.0,16600.0,16100.0,16150.0,14302200
TPB,2026-06-24,16150.0,16200.0,15950.0,16000.0,8873700
TPB,2026-06-25,16050.0,16250.0,16000.0,16000.0,5236700
TPB,2026-06-26,16000.0,16200.0,16000.0,16100.0,5985600
TPB,2026-06-29,16150.0,16400.0,16150.0,16350.0,10092000
TPB,2026-06-30,16350.0,16650.0,16250.0,16600.0,32654500
TPB,2026-07-01,16600.0,16750.0,16500.0,16750.0,21976800
TPB,2026-07-02,16800.0,16800.0,16400.0,16500.0,9887100
TPB,2026-07-03,16500.0,16600.0,16350.0,16550.0,7418900
TPB,2026-07-06,16650.0,16650.0,16100.0,16200.0,9645700
TPB,2026-07-07,16250.0,16300.0,16100.0,16200.0,5916800
TPB,2026-07-08,16200.0,16500.0,16200.0,16300.0,11505800
TPB,2026-07-09,16250.0,16450.0,16150.0,16200.0,6449600
TPB,2026-07-10,16200.0,16250.0,15950.0,15950.0,7734900
TPB,2026-07-13,15900.0,15950.0,15350.0,15550.0,14668100
TPB,2026-07-14,15550.0,15650.0,15300.0,15500.0,7153700
TPB,2026-07-15,15550.0,15550.0,15250.0,15300.0,7412400
TPB,2026-07-16,15250.0,15500.0,15050.0,15400.0,14125400
TPB,2026-07-17,15500.0,15500.0,15200.0,15200.0,3539600
TPB,2026-07-20,15150.0,15200.0,14450.0,14550.0,11497600
TPB,2026-07-21,14400.0,14750.0,14400.0,14550.0,6349100
TPB,2026-07-22,14550.0,14750.0,13900.0,14100.0,17492600
TPB,2026-07-23,13900.0,14200.0,13750.0,14000.0,15575200
TPB,2026-07-24,13950.0,14350.0,13750.0,14200.0,12197200
TPB,2026-07-27,14400.0,14450.0,13900.0,13900.0,6261500
TPB,2026-07-28,13900.0,14200.0,13800.0,14050.0,8165700
TPB,2026-07-29,14050.0,14150.0,14000.0,14100.0,4506100
TPB,2026-07-30,14050.0,14450.0,14050.0,14400.0,7989100
TPB,2026-07-31,14500.0,14700.0,14100.0,14100.0,10522700
TPB,2026-08-03,14250.0,14600.0,14200.0,14400.0,11241900
TPB,2026-08-04,14400.0,14550.0,14350.0,14550.0,7492500
TPB,2026-08-05,14550.0,15050.0,14550.0,14750.0,20657300
TPB,2026-08-06,14750.0,14750.0,14450.0,14500.0,6257200
TPB,2026-08-07,14450.0,14650.0,14350.0,14600.0,4801500
TPB,2026-08-10,14600.0,14850.0,14550.0,14750.0,12963800
TPB,2026-08-11,14750.0,14900.0,14700.0,14700.0,5878100
TPB,2026-08-12,14700.0,14800.0,14600.0,14700.0,3025400
TPB,2026-08-13,14700.0,14800.0,14450.0,14450.0,6506500
TPB,2026-08-14,14500.0,14500.0,14350.0,14400.0,4193700
VCB,2026-01-30,70016.84,71306.11,69025.1,69917.67,11576320
VCB,2026-02-02,69917.67,70909.41,68727.58,70909.41,10800209
VCB,2026-02-03,71801.98,72694.54,70711.06,71206.93,15220420
VCB,2026-02-04,71405.28,71405.28,69917.67,70215.19,8799382
VCB,2026-02-05,70116.02,70215.19,67835.02,67835.02,11786052
VCB,2026-02-06,67339.15,67339.15,64363.93,64562.27,24775041
VCB,2026-02-09,64958.97,65454.84,63669.71,64463.1,7369774
VCB,2026-02-10,63967.23,64958.97,62082.92,62578.79,15942787
VCB,2026-02-11,63471.36,66049.88,62975.49,64165.58,11213826
VCB,2026-02-12,64958.97,64958.97,63669.71,63669.71,8016617
VCB,2026-02-13,64165.58,64562.27,63471.36,63868.06,4992639
VCB,2026-02-23,64463.1,66149.06,64066.4,65851.54,10188355
VCB,2026-02-24,66049.88,66049.88,64363.93,64463.1,10331841
VCB,2026-02-25,64463.1,65950.71,64165.58,64562.27,9567830
VCB,2026-02-26,64661.45,65355.67,64463.1,64859.8,7624881
VCB,2026-02-27,64958.97,65851.54,64264.75,64363.93,8904753
VCB,2026-03-02,62380.45,63372.19,62380.45,62380.45,17247464
VCB,2026-03-03,62380.45,63173.84,60892.84,61091.18,12680137
VCB,2026-03-04,61289.53,62677.97,61190.36,62479.62,10344949
VCB,2026-03-05,63173.84,63173.84,61983.75,61983.75,6087280
VCB,2026-03-06,61487.88,62677.97,61091.18,61091.18,8927944
VCB,2026-03-09,56925.88,59206.88,56826.7,56826.7,29640833
VCB,2026-03-10,59306.05,60396.97,58314.31,59901.1,11620686
VCB,2026-03-11,60000.27,60694.49,59504.4,59901.1,8862403
VCB,2026-03-12,59702.75,59801.92,59008.53,59306.05,6268780
VCB,2026-03-13,58711.01,59603.57,58413.49,58512.66,5704015
VCB,2026-03-16,58810.18,59306.05,58115.96,58314.31,4019097
VCB,2026-03-17,59008.53,60000.27,58909.36,60000.27,7208340
VCB,2026-03-18,60396.97,61487.88,59504.4,60000.27,8293504
VCB,2026-03-19,59206.88,59504.4,58512.66,59306.05,6235505
VCB,2026-03-20,59306.05,59306.05,57520.92,57520.92,8392219
VCB,2026-03-23,57322.57,57818.44,56033.31,57124.22,9728961
VCB,2026-03-24,58512.66,58512.66,57520.92,57719.27,4368382
VCB,2026-03-25,58314.31,58611.83,57520.92,57917.62,8629479
VCB,2026-03-26,58016.79,58115.96,57025.05,57421.75,6269586
VCB,2026-03-27,57520.92,58512.66,57421.75,58314.31,6187004
VCB,2026-03-30,57421.75,58016.79,57322.57,57520.92,5592191
VCB,2026-03-31,57719.27,58413.49,57520.92,57620.09,5526750
VCB,2026-04-01,58413.49,58711.01,58016.79,58512.66,8323451
VCB,2026-04-02,58215.14,58314.31,57620.09,57719.27,5711678
VCB,2026-04-03,57818.44,58016.79,57223.4,57223.4,5968903
VCB,2026-04-06,57322.57,57719.27,57223.4,57520.92,4339141
VCB,2026-04-07,57520.92,57818.44,57223.4,57520.92,3921491
VCB,2026-04-08,58711.01,59801.92,58314.31,59702.75,13857563
VCB,2026-04-09,59504.4,59603.57,58810.18,58909.36,6269485
VCB,2026-04-10,59107.7,60496.14,59107.7,59306.05,7719160
VCB,2026-04-13,59008.53,59008.53,58512.66,58711.01,5131082
VCB,2026-04-14,59206.88,59306.05,58611.83,58810.18,5594308
VCB,2026-04-15,59206.88,60000.27,59107.7,59405.23,8993889
VCB,2026-04-16,59504.4,59603.57,58810.18,58909.36,4209268
VCB,2026-04-17,58909.36,59405.23,58909.36,59008.53,4293262
VCB,2026-04-20,59107.7,60000.27,59008.53,59603.57,6496561
VCB,2026-04-21,59901.1,60099.44,59107.7,59107.7,6432129
VCB,2026-04-22,59107.7,59306.05,58711.01,58909.36,3036078
VCB,2026-04-23,59206.88,62975.49,59107.7,62281.27,35493173
VCB,2026-04-24,62479.62,62479.62,60099.44,60099.44,11981466
VCB,2026-04-28,60297.79,60992.01,59306.05,59306.05,7659668
VCB,2026-04-29,59405.23,60000.27,59008.53,59306.05,6484562
VCB,2026-05-04,60000.27,60694.49,59504.4,60198.62,7568717
VCB,2026-05-05,60099.44,60198.62,59206.88,59405.23,6461068
VCB,2026-05-06,59702.75,60000.27,59206.88,60000.27,5855768
VCB,2026-05-07,60396.97,60595.31,59801.92,59801.92,6106136
VCB,2026-05-08,60000.27,61190.36,59801.92,60198.62,10053038
VCB,2026-05-11,60496.14,60595.31,59702.75,59801.92,5555891
VCB,2026-05-12,59801.92,60000.27,59008.53,59405.23,6603746
VCB,2026-05-13,59206.88,60793.66,58711.01,59603.57,8941859
VCB,2026-05-14,60000.27,60992.01,59504.4,60496.14,5658842
VCB,2026-05-15,60793.66,61190.36,60198.62,60198.62,8340694
VCB,2026-05-18,60198.62,62975.49,59801.92,62677.97,19034827
VCB,2026-05-19,62876.32,64463.1,62082.92,63868.06,24426563
VCB,2026-05-20,63173.84,64165.58,61289.53,64066.4,14501381
VCB,2026-05-21,64066.4,65653.19,63273.01,64363.93,20281827
VCB,2026-05-22,64363.93,64363.93,62777.14,62975.49,8186016
VCB,2026-05-25,62677.97,63471.36,61587.05,63173.84,5455361
VCB,2026-05-26,62777.14,63868.06,62777.14,63868.06,5670740
VCB,2026-05-27,63868.06,63967.23,63273.01,63669.71,4220461
VCB,2026-05-28,63669.71,63669.71,62281.27,62281.27,5013814
VCB,2026-05-29,62479.62,62479.62,61289.53,61487.88,5868473
VCB,2026-06-01,61785.4,62281.27,61190.36,61686.23,2948655
VCB,2026-06-02,61785.4,62182.1,61091.18,61091.18,5106076
VCB,2026-06-03,61190.36,61983.75,60892.84,61388.71,4468207
VCB,2026-06-04,61289.53,61983.75,61190.36,61686.23,3943170
VCB,2026-06-05,61884.58,61983.75,61091.18,61190.36,4044608
VCB,2026-06-08,60694.49,61587.05,60396.97,60793.66,7413535
VCB,2026-06-09,60793.66,61190.36,60496.14,60992.01,2586161
VCB,2026-06-10,61091.18,61686.23,61091.18,61190.36,2328432
VCB,2026-06-11,60992.01,61388.71,60793.66,61091.18,2610059
VCB,2026-06-12,61388.71,61587.05,61091.18,61091.18,3178554
VCB,2026-06-15,61785.4,61884.58,61091.18,61091.18,5265795
VCB,2026-06-16,61289.53,61785.4,61091.18,61289.53,3135902
VCB,2026-06-17,61289.53,61884.58,61091.18,61686.23,6882348
VCB,2026-06-18,61785.4,61884.58,61091.18,61091.18,4689434
VCB,2026-06-19,61388.71,61388.71,60694.49,61190.36,4909552
VCB,2026-06-22,61190.36,61289.53,60694.49,60793.66,2708673
VCB,2026-06-23,61190.36,62082.92,60793.66,60793.66,5219109
VCB,2026-06-24,60892.84,61091.18,60496.14,60496.14,2563675
VCB,2026-06-25,60595.31,60793.66,60297.79,60297.79,3119265
VCB,2026-06-26,60496.14,60992.01,60297.79,60892.84,3372153
VCB,2026-06-29,61091.18,61686.23,60892.84,61487.88,5527255
VCB,2026-06-30,61686.23,62082.92,61388.71,61686.23,4660999
VCB,2026-07-01,61884.58,62479.62,61587.05,62479.62,4268154
VCB,2026-07-02,62479.62,62578.79,61587.05,61587.05,2767358
VCB,2026-07-03,61785.4,61884.58,61487.88,61487.88,2623570
VCB,2026-07-06,61487.88,61983.75,60198.62,60694.49,4207856
VCB,2026-07-07,60694.49,60992.01,60396.97,60793.66,2568415
VCB,2026-07-08,60793.66,61289.53,60595.31,61091.18,2068082
VCB,2026-07-09,60793.66,60992.01,60496.14,60595.31,2228204
VCB,2026-07-10,60595.31,60992.01,60000.27,60000.27,3041522
VCB,2026-07-13,60000.27,60000.27,58314.31,58413.49,6845544
VCB,2026-07-14,58413.49,59008.53,58115.96,58711.01,2852763
VCB,2026-07-15,58711.01,58909.36,58215.14,58711.01,2655232
VCB,2026-07-16,58611.83,59306.05,57917.62,58909.36,3377598
VCB,2026-07-17,58810.18,58810.18,58016.79,58016.79,2006675
VCB,2026-07-20,58314.31,58314.31,55834.96,56231.66,8607901
VCB,2026-07-21,56231.66,56727.53,56132.48,56231.66,3441627
VCB,2026-07-22,56330.83,56628.35,54049.83,54049.83,9249803
VCB,2026-07-23,54100.0,54900.0,52600.0,54000.0,7435600
VCB,2026-07-24,54000.0,55300.0,53200.0,54100.0,2503700
VCB,2026-07-27,54500.0,54800.0,53500.0,54000.0,2581300
VCB,2026-07-28,53700.0,54600.0,53300.0,54100.0,2607000
VCB,2026-07-29,54200.0,54700.0,54000.0,54600.0,2072300
VCB,2026-07-30,55000.0,56700.0,54700.0,56500.0,5427800
VCB,2026-07-31,57700.0,60400.0,57300.0,59300.0,18314600
VCB,2026-08-03,59600.0,61000.0,59300.0,60800.0,7642500
VCB,2026-08-04,60900.0,60900.0,59600.0,60000.0,5093100
VCB,2026-08-05,60200.0,60600.0,59200.0,59300.0,3663100
VCB,2026-08-06,59500.0,59500.0,58500.0,59000.0,2962800
VCB,2026-08-07,58700.0,60800.0,58700.0,59700.0,6522200
VCB,2026-08-10,60300.0,60500.0,59800.0,60300.0,2714200
VCB,2026-08-11,60500.0,60800.0,59600.0,59800.0,4065600
VCB,2026-08-12,59900.0,60300.0,59600.0,59700.0,2384500
VCB,2026-08-13,59900.0,60500.0,59100.0,59500.0,4579700
VCB,2026-08-14,59500.0,59600.0,58500.0,58500.0,4805500
VCI,2026-01-30,26636.1,27004.51,26525.57,27004.51,12838794
VCI,2026-02-02,26893.98,26893.98,26083.48,26525.57,18356820
VCI,2026-02-03,26562.41,27115.03,26451.89,26746.62,12652589
VCI,2026-02-04,27151.87,27741.33,27078.19,27078.19,21161027
VCI,2026-02-05,27078.19,27151.87,26599.26,26599.26,10430477
VCI,2026-02-06,26378.21,26525.57,25236.14,25236.14,19245231
VCI,2026-02-09,25678.23,25678.23,25162.45,25383.5,6587484
VCI,2026-02-10,25457.18,25678.23,25162.45,25604.55,6020454
VCI,2026-02-11,25604.55,26378.21,25604.55,26194.0,8633705
VCI,2026-02-12,26194.0,26746.62,26157.16,26451.89,8104405
VCI,2026-02-13,26378.21,26893.98,26378.21,26893.98,7879927
VCI,2026-02-23,27262.4,27336.08,27004.51,27225.55,10633919
VCI,2026-02-24,27225.55,27630.81,26930.83,27262.4,13714719
VCI,2026-02-25,27372.92,27409.76,26893.98,26893.98,12498142
VCI,2026-02-26,26930.83,27446.6,26709.78,27372.92,11602131
VCI,2026-02-27,27372.92,28588.67,27299.24,28367.63,30518111
VCI,2026-03-02,27962.38,29399.18,27667.65,28367.63,31098577
VCI,2026-03-03,28736.04,29399.18,28109.74,28146.58,25162268
VCI,2026-03-04,28146.58,30099.16,27962.38,30099.16,46047381
VCI,2026-03-05,30909.66,31241.23,29841.27,29841.27,27341357
VCI,2026-03-06,29472.86,29804.43,27999.22,27999.22,34630233
VCI,2026-03-09,26046.64,26599.26,26046.64,26046.64,9752837
VCI,2026-03-10,26525.57,26893.98,25678.23,26304.53,35821023
VCI,2026-03-11,26304.53,27999.22,26120.32,27409.76,19612620
VCI,2026-03-12,27041.35,27372.92,26267.69,26967.67,16885365
VCI,2026-03-13,26488.73,27741.33,26009.8,27225.55,19246045
VCI,2026-03-16,27336.08,27778.17,27041.35,27225.55,12117317
VCI,2026-03-17,27520.28,28183.42,27299.24,27446.6,13591216
VCI,2026-03-18,27557.12,27593.96,26194.0,26525.57,22342589
VCI,2026-03-19,26157.16,26157.16,25530.86,25825.59,20595219
VCI,2026-03-20,25788.75,26378.21,25457.18,26304.53,19396692
VCI,2026-03-23,25715.07,26083.48,24499.31,24499.31,21888205
VCI,2026-03-24,25125.61,25641.39,24904.57,25051.93,13011021
VCI,2026-03-25,25530.86,26194.0,25420.34,25788.75,16921330
VCI,2026-03-26,26200.0,26550.0,26000.0,26400.0,10722500
VCI,2026-03-27,26300.0,26900.0,26200.0,26700.0,8167000
VCI,2026-03-30,26000.0,26600.0,25700.0,26150.0,6253100
VCI,2026-03-31,26250.0,26950.0,26250.0,26700.0,13442800
VCI,2026-04-01,27450.0,27950.0,27150.0,27350.0,14401800
VCI,2026-04-02,27050.0,27500.0,26650.0,26950.0,10863400
VCI,2026-04-03,26950.0,27200.0,26250.0,26500.0,10407900
VCI,2026-04-06,26500.0,26900.0,26300.0,26300.0,6428700
VCI,2026-04-07,26700.0,27200.0,26050.0,27200.0,7205500
VCI,2026-04-08,28750.0,29000.0,27850.0,29000.0,20082500
VCI,2026-04-09,28500.0,28750.0,28000.0,28000.0,10773500
VCI,2026-04-10,28300.0,28500.0,27850.0,27900.0,10573300
VCI,2026-04-13,27500.0,28300.0,27400.0,28100.0,9510200
VCI,2026-04-14,28400.0,28500.0,27900.0,27950.0,6704400
VCI,2026-04-15,28100.0,28300.0,27700.0,27700.0,9024400
VCI,2026-04-16,27700.0,28000.0,27350.0,27600.0,6633600
VCI,2026-04-17,27800.0,27900.0,27300.0,27300.0,5589700
VCI,2026-04-20,27300.0,27750.0,27250.0,27400.0,6324700
VCI,2026-04-21,27550.0,27700.0,26800.0,26800.0,9107000
VCI,2026-04-22,26900.0,26900.0,26500.0,26550.0,6501200
VCI,2026-04-23,26600.0,27250.0,26400.0,27150.0,7864900
VCI,2026-04-24,27150.0,27150.0,26700.0,27000.0,3495900
VCI,2026-04-28,27000.0,27050.0,26250.0,26250.0,4846200
VCI,2026-04-29,26150.0,26500.0,25900.0,26200.0,8995300
VCI,2026-05-04,26300.0,26700.0,26150.0,26150.0,6414400
VCI,2026-05-05,26100.0,26200.0,25600.0,25600.0,8345900
VCI,2026-05-06,25800.0,26700.0,25600.0,26500.0,13158800
VCI,2026-05-07,26550.0,26750.0,25900.0,25900.0,10042500
VCI,2026-05-08,25900.0,26300.0,25800.0,25950.0,6295800
VCI,2026-05-11,26000.0,26450.0,25700.0,25700.0,10693500
VCI,2026-05-12,25700.0,25900.0,25400.0,25500.0,6732300
VCI,2026-05-13,25650.0,26100.0,25350.0,25700.0,8199800
VCI,2026-05-14,25950.0,26100.0,25650.0,25950.0,3877800
VCI,2026-05-15,26050.0,26200.0,25600.0,25600.0,6144600
VCI,2026-05-18,25550.0,25900.0,25350.0,25750.0,5827400
VCI,2026-05-19,25950.0,26300.0,25600.0,25600.0,10422800
VCI,2026-05-20,25550.0,25700.0,24200.0,24950.0,13665400
VCI,2026-05-21,25100.0,25150.0,24600.0,24600.0,5509000
VCI,2026-05-22,24550.0,25800.0,24300.0,25000.0,10250000
VCI,2026-05-25,25100.0,25300.0,24700.0,24750.0,4388500
VCI,2026-05-26,24750.0,25350.0,24700.0,25100.0,6068500
VCI,2026-05-27,25250.0,25350.0,25050.0,25100.0,4190200
VCI,2026-05-28,25200.0,25550.0,25000.0,25000.0,6066100
VCI,2026-05-29,24950.0,25250.0,24500.0,24650.0,6273900
VCI,2026-06-01,24700.0,25100.0,24650.0,24700.0,3912900
VCI,2026-06-02,24650.0,25000.0,24050.0,24350.0,5719500
VCI,2026-06-03,24300.0,24850.0,24050.0,24500.0,7880500
VCI,2026-06-04,24500.0,24650.0,24200.0,24350.0,4656600
VCI,2026-06-05,24400.0,24550.0,24150.0,24150.0,3996500
VCI,2026-06-08,23900.0,23950.0,23400.0,23400.0,8901600
VCI,2026-06-09,23600.0,23700.0,23150.0,23400.0,4290900
VCI,2026-06-10,23350.0,23750.0,23300.0,23500.0,3793000
VCI,2026-06-11,23450.0,23650.0,23350.0,23400.0,3601800
VCI,2026-06-12,24000.0,24050.0,23400.0,23600.0,5353400
VCI,2026-06-15,24050.0,24550.0,23900.0,24450.0,8350100
VCI,2026-06-16,24500.0,25000.0,24200.0,24850.0,9096900
VCI,2026-06-17,24950.0,25100.0,24650.0,24650.0,7218600
VCI,2026-06-18,24700.0,25050.0,24500.0,24500.0,6398600
VCI,2026-06-19,24500.0,24900.0,24400.0,24600.0,5634600
VCI,2026-06-22,24750.0,25400.0,24600.0,25000.0,9119100
VCI,2026-06-23,25200.0,25250.0,24500.0,24500.0,8305300
VCI,2026-06-24,24450.0,24650.0,24000.0,24150.0,5582300
VCI,2026-06-25,24150.0,24500.0,24050.0,24050.0,3025200
VCI,2026-06-26,24100.0,24200.0,24000.0,24050.0,2958000
VCI,2026-06-29,24150.0,24650.0,24150.0,24350.0,3492800
VCI,2026-06-30,24400.0,25000.0,24350.0,24350.0,5414700
VCI,2026-07-01,24400.0,25100.0,24400.0,24900.0,7093000
VCI,2026-07-02,25050.0,25050.0,24650.0,24850.0,5871400
VCI,2026-07-03,24900.0,25400.0,24700.0,25100.0,10503400
VCI,2026-07-06,25200.0,25350.0,24100.0,24450.0,7567900
VCI,2026-07-07,24550.0,24900.0,24200.0,24900.0,5244900
VCI,2026-07-08,24900.0,25900.0,24900.0,25400.0,16228300
VCI,2026-07-09,25250.0,25400.0,25050.0,25100.0,5103400
VCI,2026-07-10,25200.0,25300.0,24450.0,24450.0,7062200
VCI,2026-07-13,24300.0,24400.0,23100.0,23700.0,11899600
VCI,2026-07-14,23250.0,23900.0,23200.0,23400.0,7708000
VCI,2026-07-15,23400.0,23600.0,22400.0,22400.0,8959500
VCI,2026-07-16,22450.0,22600.0,21050.0,21850.0,14094000
VCI,2026-07-17,21850.0,22300.0,21250.0,21250.0,6649700
VCI,2026-07-20,21000.0,21000.0,19800.0,20000.0,14313300
VCI,2026-07-21,19900.0,20650.0,19900.0,20150.0,9487900
VCI,2026-07-22,20250.0,20600.0,19550.0,19900.0,11126000
VCI,2026-07-23,19800.0,20950.0,19050.0,20500.0,8618800
VCI,2026-07-24,20200.0,20250.0,19650.0,19800.0,4991700
VCI,2026-07-27,20000.0,20100.0,18450.0,18450.0,8949200
VCI,2026-07-28,18200.0,19700.0,18150.0,19700.0,16485000
VCI,2026-07-29,20050.0,20800.0,20050.0,20800.0,10949300
VCI,2026-07-30,20750.0,21800.0,20600.0,21500.0,13140700
VCI,2026-07-31,21800.0,21800.0,21150.0,21300.0,9945000
VCI,2026-08-03,21600.0,22200.0,21400.0,21750.0,11432900
VCI,2026-08-04,21850.0,22100.0,21500.0,21850.0,7388400
VCI,2026-08-05,22150.0,22250.0,21500.0,21500.0,8223700
VCI,2026-08-06,21500.0,22200.0,21300.0,21750.0,11625200
VCI,2026-08-07,21850.0,22000.0,21550.0,21750.0,6367600
VCI,2026-08-10,22000.0,22250.0,21800.0,22100.0,7662200
VCI,2026-08-11,22200.0,22850.0,22100.0,22100.0,13388800
VCI,2026-08-12,22200.0,22350.0,21900.0,22050.0,7548400
VCI,2026-08-13,22300.0,22400.0,21600.0,21600.0,10351300
VCI,2026-08-14,21600.0,22100.0,21450.0,21800.0,9427900
VHC,2026-01-30,64700.0,65600.0,64300.0,64700.0,1548000
VHC,2026-02-02,64300.0,69200.0,64100.0,69200.0,5180500
VHC,2026-02-03,69300.0,69900.0,67700.0,68200.0,2583900
VHC,2026-02-04,68200.0,69800.0,68000.0,68200.0,2290000
VHC,2026-02-05,68800.0,68800.0,63500.0,63500.0,4180400
VHC,2026-02-06,61600.0,62900.0,60000.0,60000.0,2640600
VHC,2026-02-09,60500.0,60600.0,58600.0,60000.0,1393900
VHC,2026-02-10,60000.0,60500.0,58200.0,60000.0,1752000
VHC,2026-02-11,60000.0,60500.0,59300.0,60000.0,939600
VHC,2026-02-12,60000.0,60600.0,59600.0,60100.0,906200
VHC,2026-02-13,60100.0,60400.0,59700.0,60100.0,976600
VHC,2026-02-23,62900.0,62900.0,61000.0,61900.0,1468700
VHC,2026-02-24,61700.0,62300.0,60900.0,61700.0,1374500
VHC,2026-02-25,61900.0,63800.0,61900.0,62700.0,1064700
VHC,2026-02-26,63100.0,63100.0,61800.0,62600.0,908400
VHC,2026-02-27,62500.0,62500.0,61400.0,61500.0,1207400
VHC,2026-03-02,60400.0,65300.0,59800.0,64200.0,2742900
VHC,2026-03-03,65000.0,65300.0,62800.0,62800.0,2089100
VHC,2026-03-04,62400.0,62600.0,59900.0,62000.0,2546100
VHC,2026-03-05,62200.0,62600.0,59300.0,60700.0,2286200
VHC,2026-03-06,59800.0,60700.0,57800.0,59200.0,1534700
VHC,2026-03-09,55100.0,55500.0,55100.0,55100.0,1680900
VHC,2026-03-10,56500.0,57000.0,55200.0,57000.0,1690800
VHC,2026-03-11,57200.0,59400.0,57100.0,59000.0,1166500
VHC,2026-03-12,57700.0,59200.0,57700.0,58700.0,696200
VHC,2026-03-13,59000.0,61200.0,58800.0,60600.0,1651900
VHC,2026-03-16,60500.0,60700.0,59500.0,60600.0,562000
VHC,2026-03-17,60700.0,61000.0,60100.0,61000.0,1254700
VHC,2026-03-18,60600.0,60900.0,59400.0,59600.0,510800
VHC,2026-03-19,59000.0,59000.0,57800.0,58700.0,779300
VHC,2026-03-20,58600.0,59800.0,57500.0,57500.0,761600
VHC,2026-03-23,57000.0,58300.0,55700.0,55900.0,715500
VHC,2026-03-24,56800.0,57500.0,56200.0,57400.0,349400
VHC,2026-03-25,57900.0,58500.0,57700.0,58500.0,332200
VHC,2026-03-26,58400.0,59300.0,57800.0,59300.0,511200
VHC,2026-03-27,58300.0,59300.0,58300.0,58800.0,670700
VHC,2026-03-30,57800.0,59300.0,57500.0,59300.0,439600
VHC,2026-03-31,58900.0,59300.0,58600.0,59000.0,608200
VHC,2026-04-01,59400.0,59600.0,58800.0,58900.0,452700
VHC,2026-04-02,58500.0,58600.0,57300.0,58600.0,828100
VHC,2026-04-03,58600.0,58600.0,57400.0,57400.0,444700
VHC,2026-04-06,57100.0,57400.0,56200.0,57400.0,644000
VHC,2026-04-07,57200.0,58700.0,56600.0,58700.0,899500
VHC,2026-04-08,59500.0,59600.0,58700.0,59200.0,956400
VHC,2026-04-09,59500.0,61000.0,59500.0,60200.0,1133600
VHC,2026-04-10,61000.0,61900.0,60200.0,61200.0,881100
VHC,2026-04-13,60600.0,60900.0,60000.0,60500.0,527200
VHC,2026-04-14,60500.0,61400.0,60400.0,61000.0,656200
VHC,2026-04-15,61500.0,61500.0,60800.0,61000.0,590200
VHC,2026-04-16,61300.0,61800.0,61000.0,61700.0,700100
VHC,2026-04-17,61700.0,61900.0,61100.0,61300.0,440900
VHC,2026-04-20,61500.0,62800.0,60800.0,62700.0,1518100
VHC,2026-04-21,62800.0,62900.0,62100.0,62300.0,997400
VHC,2026-04-22,62200.0,62700.0,62100.0,62200.0,822900
VHC,2026-04-23,62300.0,62800.0,61900.0,62000.0,1735200
VHC,2026-04-24,62000.0,62700.0,61800.0,62400.0,980800
VHC,2026-04-28,62600.0,62600.0,59500.0,62000.0,1603200
VHC,2026-04-29,61500.0,62500.0,60600.0,61200.0,1133000
VHC,2026-05-04,61200.0,62800.0,61200.0,61700.0,1678300
VHC,2026-05-05,62300.0,62400.0,60700.0,62400.0,1536000
VHC,2026-05-06,62400.0,62700.0,61100.0,61400.0,2243200
VHC,2026-05-07,61700.0,62500.0,60500.0,60500.0,1436000
VHC,2026-05-08,60900.0,62400.0,60000.0,60500.0,1348400
VHC,2026-05-11,61200.0,62300.0,60500.0,61000.0,1238900
VHC,2026-05-12,61000.0,61500.0,60500.0,61300.0,760800
VHC,2026-05-13,61200.0,61900.0,60600.0,61200.0,685700
VHC,2026-05-14,61100.0,61800.0,60900.0,61200.0,865600
VHC,2026-05-15,61200.0,61300.0,60000.0,60000.0,1026300
VHC,2026-05-18,60000.0,60000.0,59000.0,59000.0,472800
VHC,2026-05-19,59000.0,59200.0,58500.0,58600.0,447200
VHC,2026-05-20,59000.0,59500.0,57300.0,58200.0,553200
VHC,2026-05-21,59300.0,59300.0,58300.0,58800.0,218500
VHC,2026-05-22,58900.0,59200.0,58900.0,59000.0,158700
VHC,2026-05-25,59100.0,60200.0,59100.0,60000.0,321800
VHC,2026-05-26,60500.0,60500.0,59500.0,59500.0,356800
VHC,2026-05-27,60100.0,60100.0,58000.0,58300.0,403400
VHC,2026-05-28,58500.0,59200.0,58500.0,58800.0,94100
VHC,2026-05-29,58800.0,59100.0,58500.0,58700.0,89100
VHC,2026-06-01,59000.0,59000.0,58300.0,58300.0,100600
VHC,2026-06-02,58100.0,58400.0,57800.0,57800.0,235300
VHC,2026-06-03,57700.0,58300.0,57700.0,58000.0,130000
VHC,2026-06-04,58000.0,58200.0,57500.0,57800.0,107800
VHC,2026-06-05,57700.0,57800.0,57500.0,57500.0,246300
VHC,2026-06-08,57500.0,57500.0,55400.0,55400.0,680800
VHC,2026-06-09,55600.0,57200.0,55600.0,57100.0,147400
VHC,2026-06-10,56500.0,57100.0,56500.0,57000.0,323400
VHC,2026-06-11,56900.0,57200.0,56500.0,57000.0,145100
VHC,2026-06-12,57200.0,57700.0,57000.0,57100.0,145100
VHC,2026-06-15,57400.0,58400.0,57400.0,58400.0,124300
VHC,2026-06-16,58200.0,58900.0,57500.0,58500.0,116700
VHC,2026-06-17,58800.0,58800.0,58200.0,58500.0,222000
VHC,2026-06-18,58600.0,58600.0,57600.0,57900.0,111400
VHC,2026-06-19,57900.0,58100.0,57500.0,57500.0,217200
VHC,2026-06-22,57300.0,58500.0,57300.0,58500.0,117300
VHC,2026-06-23,57900.0,58900.0,57900.0,58500.0,382000
VHC,2026-06-24,58500.0,58800.0,57800.0,58400.0,452700
VHC,2026-06-25,58400.0,61100.0,58400.0,61100.0,921200
VHC,2026-06-26,60900.0,61100.0,60000.0,60100.0,145700
VHC,2026-06-29,60000.0,60200.0,59400.0,60000.0,218500
VHC,2026-06-30,59800.0,60400.0,59500.0,59500.0,126900
VHC,2026-07-01,59500.0,60000.0,59500.0,60000.0,147200
VHC,2026-07-02,59900.0,60500.0,59900.0,60000.0,114800
VHC,2026-07-03,59700.0,60400.0,59300.0,59300.0,182100
VHC,2026-07-06,59500.0,60000.0,56200.0,57600.0,318800
VHC,2026-07-07,58000.0,58300.0,57600.0,57800.0,172100
VHC,2026-07-08,57800.0,59800.0,57700.0,58900.0,142300
VHC,2026-07-09,58200.0,58500.0,57500.0,57700.0,277300
VHC,2026-07-10,57900.0,58400.0,57500.0,57500.0,152400
VHC,2026-07-13,56700.0,57700.0,56400.0,57000.0,429700
VHC,2026-07-14,57000.0,57500.0,56400.0,57400.0,171800
VHC,2026-07-15,57400.0,57500.0,56800.0,56800.0,203000
VHC,2026-07-16,56500.0,57000.0,56000.0,56700.0,221900
VHC,2026-07-17,56800.0,57400.0,56800.0,57200.0,181100
VHC,2026-07-20,56300.0,57100.0,55300.0,55500.0,346200
VHC,2026-07-21,55500.0,56500.0,54300.0,54500.0,325900
VHC,2026-07-22,53300.0,55800.0,53000.0,53100.0,327000
VHC,2026-07-23,53500.0,54000.0,52400.0,53900.0,246800
VHC,2026-07-24,54000.0,54500.0,53800.0,53900.0,135900
VHC,2026-07-27,53600.0,54500.0,53200.0,53200.0,209600
VHC,2026-07-28,52600.0,54000.0,52600.0,53800.0,89900
VHC,2026-07-29,54200.0,54200.0,53400.0,53400.0,39200
VHC,2026-07-30,53500.0,54800.0,53100.0,54100.0,146000
VHC,2026-07-31,54500.0,54700.0,52600.0,52600.0,248700
VHC,2026-08-03,53000.0,53500.0,52600.0,53000.0,308000
VHC,2026-08-04,53100.0,54500.0,53100.0,53500.0,191900
VHC,2026-08-05,54100.0,54100.0,53400.0,53500.0,352300
VHC,2026-08-06,53500.0,53500.0,52400.0,52600.0,563700
VHC,2026-08-07,52600.0,53400.0,51400.0,51400.0,415700
VHC,2026-08-10,51400.0,53100.0,51400.0,52100.0,441800
VHC,2026-08-11,52900.0,52900.0,52100.0,52100.0,172500
VHC,2026-08-12,52900.0,55300.0,52500.0,53100.0,1184500
VHC,2026-08-13,53800.0,55700.0,53800.0,54100.0,1293600
VHC,2026-08-14,55100.0,55800.0,54000.0,54400.0,384400
VHM,2026-01-29,0.5,0.5,0.46,0.46,758306
VHM,2026-02-01,0.45,0.47,0.44,0.45,431558
VHM,2026-02-02,0.46,0.48,0.46,0.46,73562
VHM,2026-02-03,0.47,0.48,0.46,0.46,210736
VHM,2026-02-04,0.47,0.47,0.44,0.44,401205
VHM,2026-02-05,0.44,0.44,0.41,0.42,282933
VHM,2026-02-08,0.44,0.46,0.42,0.44,195971
VHM,2026-02-09,0.44,0.46,0.42,0.44,148312
VHM,2026-02-10,0.44,0.44,0.42,0.43,281818
VHM,2026-02-11,0.43,0.43,0.4,0.42,250968
VHM,2026-02-12,0.42,0.42,0.4,0.41,169664
VHM,2026-02-15,0.44,0.44,0.42,0.42,42214
VHM,2026-02-16,0.43,0.44,0.42,0.42,86677
VHM,2026-02-17,0.42,0.44,0.42,0.42,89623
VHM,2026-02-18,0.44,0.44,0.42,0.42,139745
VHM,2026-02-19,0.42,0.42,0.41,0.41,181903
VHM,2026-02-22,0.41,0.41,0.4,0.41,110360
VHM,2026-02-23,0.4,0.4,0.38,0.38,156321
VHM,2026-02-24,0.38,0.44,0.38,0.43,284704
VHM,2026-02-25,0.42,0.42,0.41,0.41,89331
VHM,2026-02-26,0.41,0.42,0.4,0.41,83382
VHM,2026-03-01,0.4,0.42,0.4,0.4,193464
VHM,2026-03-02,0.4,0.42,0.4,0.4,190183
VHM,2026-03-03,0.39,0.4,0.39,0.39,301338
VHM,2026-03-04,0.4,0.41,0.39,0.39,436626
VHM,2026-03-05,0.39,0.39,0.36,0.37,205825
VHM,2026-03-08,0.36,0.36,0.36,0.36,227591
VHM,2026-03-09,0.36,0.38,0.36,0.37,83155
VHM,2026-03-10,0.38,0.39,0.37,0.38,102477
VHM,2026-03-11,0.38,0.38,0.38,0.38,39411
VHM,2026-03-12,0.38,0.38,0.38,0.38,44858
VHM,2026-03-15,0.38,0.38,0.34,0.35,552856
VHM,2026-03-16,0.36,0.36,0.34,0.36,140907
VHM,2026-03-17,0.36,0.37,0.35,0.36,91689
VHM,2026-03-18,0.34,0.36,0.34,0.34,347903
VHM,2026-03-19,0.34,0.34,0.28,0.32,609727
VHM,2026-03-22,0.31,0.32,0.28,0.32,734506
VHM,2026-03-23,0.32,0.32,0.3,0.3,879531
VHM,2026-03-24,0.3,0.34,0.3,0.34,419967
VHM,2026-03-25,0.34,0.34,0.3,0.3,609942
VHM,2026-03-26,0.34,0.36,0.3,0.31,492833
VHM,2026-03-29,0.32,0.32,0.3,0.3,254964
VHM,2026-03-30,0.31,0.32,0.31,0.32,133027
VHM,2026-03-31,0.31,0.34,0.31,0.34,312076
VHM,2026-04-01,0.34,0.34,0.33,0.34,286933
VHM,2026-04-06,0.32,0.34,0.32,0.32,140031
VHM,2026-04-07,0.32,0.34,0.32,0.32,268887
VHM,2026-04-08,0.33,0.34,0.32,0.34,284877
VHM,2026-04-09,0.34,0.34,0.34,0.34,76548
VHM,2026-04-12,0.34,0.34,0.32,0.32,91025
VHM,2026-04-13,0.33,0.33,0.32,0.32,108431
VHM,2026-04-14,0.32,0.33,0.32,0.32,230902
VHM,2026-04-15,0.32,0.33,0.32,0.33,97510
VHM,2026-04-16,0.33,0.33,0.32,0.32,376180
VHM,2026-04-19,0.32,0.32,0.3,0.32,333806
VHM,2026-04-21,0.31,0.31,0.26,0.28,1444091
VHM,2026-04-22,0.28,0.29,0.25,0.26,1656412
VHM,2026-04-23,0.26,0.29,0.23,0.26,2483442
VHM,2026-04-26,0.28,0.28,0.24,0.26,605479
VHM,2026-04-27,0.26,0.26,0.26,0.26,688891
VHM,2026-04-28,0.26,0.26,0.24,0.26,2031268
VHM,2026-04-29,0.26,0.26,0.24,0.24,374716
VHM,2026-04-30,0.24,0.26,0.24,0.26,216193
VHM,2026-05-03,0.26,0.26,0.24,0.25,239903
VHM,2026-05-04,0.25,0.25,0.24,0.25,1028944
VHM,2026-05-05,0.26,0.26,0.24,0.26,294451
VHM,2026-05-06,0.26,0.26,0.25,0.25,1026567
VHM,2026-05-07,0.25,0.26,0.25,0.26,913148
VHM,2026-05-10,0.26,0.26,0.24,0.26,190436
VHM,2026-05-11,0.26,0.26,0.24,0.26,871868
VHM,2026-05-12,0.26,0.32,0.26,0.31,729620
VHM,2026-05-13,0.31,0.31,0.28,0.28,97307
VHM,2026-05-14,0.3,0.3,0.28,0.3,209503
VHM,2026-05-17,0.29,0.29,0.26,0.28,317046
VHM,2026-05-18,0.28,0.29,0.27,0.27,388970
VHM,2026-05-19,0.27,0.28,0.26,0.26,342196
VHM,2026-05-20,0.26,0.3,0.26,0.3,426072
VHM,2026-05-21,0.3,0.32,0.29,0.31,484046
VHM,2026-05-24,0.3,0.3,0.28,0.28,310814
VHM,2026-05-25,0.28,0.28,0.28,0.28,388758
VHM,2026-05-26,0.28,0.28,0.28,0.28,156420
VHM,2026-05-27,0.28,0.28,0.26,0.27,743953
VHM,2026-05-28,0.28,0.28,0.26,0.27,679767
VHM,2026-05-31,0.27,0.27,0.26,0.27,401295
VHM,2026-06-01,0.27,0.27,0.26,0.27,473767
VHM,2026-06-02,0.27,0.28,0.26,0.26,1771678
VHM,2026-06-03,0.26,0.26,0.25,0.25,350567
VHM,2026-06-04,0.25,0.26,0.24,0.25,570463
VHM,2026-06-08,0.24,0.25,0.24,0.24,442339
VHM,2026-06-09,0.24,0.24,0.22,0.22,466566
VHM,2026-06-10,0.22,0.24,0.22,0.22,524171
VHM,2026-06-11,0.23,0.25,0.23,0.25,248713
VHM,2026-06-14,0.26,0.26,0.24,0.24,181792
VHM,2026-06-15,0.24,0.24,0.24,0.24,98503
VHM,2026-06-16,0.24,0.24,0.24,0.24,246666
VHM,2026-06-17,0.25,0.26,0.24,0.26,619390
VHM,2026-06-18,0.26,0.26,0.25,0.26,130272
VHM,2026-06-21,0.25,0.26,0.24,0.24,194496
VHM,2026-06-22,0.24,0.24,0.24,0.24,193185
VHM,2026-06-23,0.24,0.24,0.22,0.24,247890
VHM,2026-06-24,0.24,0.25,0.24,0.25,278663
VHM,2026-06-25,0.25,0.25,0.23,0.24,268096
VHM,2026-06-28,0.25,0.26,0.24,0.24,297120
VHM,2026-06-29,0.24,0.24,0.23,0.24,290634
VHM,2026-06-30,0.24,0.24,0.23,0.23,79107
VHM,2026-07-01,0.35,0.4,0.26,0.28,9167689
VHM,2026-07-02,0.28,0.3,0.26,0.26,4697514
VHM,2026-07-05,0.28,0.3,0.26,0.28,1816986
VHM,2026-07-06,0.28,0.28,0.25,0.25,1470090
VHM,2026-07-07,0.25,0.26,0.24,0.24,543457
VHM,2026-07-08,0.25,0.27,0.25,0.26,427925
VHM,2026-07-09,0.26,0.28,0.26,0.26,503943
VHM,2026-07-12,0.26,0.26,0.25,0.25,355698
VHM,2026-07-13,0.25,0.25,0.24,0.24,707628
VHM,2026-07-14,0.25,0.28,0.25,0.26,642739
VHM,2026-07-15,0.26,0.26,0.24,0.24,603474
VHM,2026-07-16,0.25,0.25,0.24,0.24,937553
VHM,2026-07-19,0.25,0.25,0.24,0.24,164061
VHM,2026-07-20,0.24,0.24,0.24,0.24,235587
VHM,2026-07-21,0.24,0.24,0.23,0.24,1200216
VHM,2026-07-22,0.24,0.25,0.24,0.24,93783
VHM,2026-07-23,0.24,0.24,0.24,0.24,24429
VHM,2026-07-26,0.24,0.25,0.24,0.25,231376
VHM,2026-07-27,0.25,0.25,0.22,0.22,1068149
VHM,2026-07-28,0.24,0.24,0.2,0.2,922413
VHM,2026-07-29,0.21,0.23,0.21,0.22,320766
VHM,2026-07-30,0.22,0.24,0.2,0.2,1981259
VHM,2026-08-02,0.2,0.21,0.2,0.2,183772
VHM,2026-08-03,0.2,0.21,0.2,0.2,52606
VHM,2026-08-04,0.21,0.22,0.2,0.21,193478
VHM,2026-08-05,0.22,0.24,0.22,0.24,288404
VHM,2026-08-06,0.24,0.24,0.22,0.24,467496
VHM,2026-08-09,0.24,0.24,0.24,0.24,418891
VHM,2026-08-10,0.24,0.25,0.24,0.25,114043
VHM,2026-08-11,0.25,0.25,0.24,0.24,467102
VHM,2026-08-12,0.25,0.25,0.22,0.22,378863
VHM,2026-08-13,0.24,0.25,0.22,0.23,812604
VIB,2026-01-30,16592.28,16876.71,16544.87,16876.71,7077721
VIB,2026-02-02,16781.9,16781.9,16497.46,16592.28,5565692
VIB,2026-02-03,16639.68,16781.9,16450.06,16544.87,6690432
VIB,2026-02-04,16544.87,16592.28,16402.65,16497.46,5337770
VIB,2026-02-05,16544.87,16592.28,16260.43,16260.43,4041007
VIB,2026-02-06,16213.02,16260.43,15833.77,15833.77,8768734
VIB,2026-02-09,16023.4,16118.21,15833.77,15833.77,5188950
VIB,2026-02-10,15975.99,16118.21,15644.14,15644.14,5128938
VIB,2026-02-11,15833.77,16213.02,15786.36,16070.8,5127672
VIB,2026-02-12,16213.02,16260.43,16070.8,16213.02,3371162
VIB,2026-02-13,16213.02,16497.46,16165.62,16355.24,6787254
VIB,2026-02-23,16450.06,16592.28,16402.65,16497.46,3260206
VIB,2026-02-24,16544.87,16592.28,16355.24,16402.65,5954457
VIB,2026-02-25,16497.46,16687.09,16307.84,16497.46,7650005
VIB,2026-02-26,16497.46,16687.09,16450.06,16497.46,3587060
VIB,2026-02-27,16497.46,16544.87,16402.65,16402.65,2930505
VIB,2026-03-02,15928.58,16213.02,15928.58,16023.4,8751542
VIB,2026-03-03,16118.21,16165.62,15833.77,15833.77,6963391
VIB,2026-03-04,15833.77,15975.99,15596.74,15975.99,6981004
VIB,2026-03-05,16118.21,16165.62,15928.58,15975.99,4297090
VIB,2026-03-06,15975.99,16023.4,15833.77,15833.77,2985877
VIB,2026-03-09,14885.64,15075.27,14743.42,14838.23,26528535
VIB,2026-03-10,15454.52,15549.33,15122.67,15264.89,10390769
VIB,2026-03-11,15407.11,16307.84,15359.71,16165.62,12233448
VIB,2026-03-12,16118.21,16118.21,15738.96,15786.36,4161138
VIB,2026-03-13,15786.36,16118.21,15691.55,16023.4,4727621
VIB,2026-03-16,16023.4,16118.21,15881.18,16118.21,3102211
VIB,2026-03-17,16213.02,16355.24,16118.21,16118.21,9365487
VIB,2026-03-18,16307.84,16355.24,15975.99,16213.02,4773712
VIB,2026-03-19,16070.8,16118.21,15738.96,15928.58,6357567
VIB,2026-03-20,15881.18,16023.4,15833.77,15928.58,3526098
VIB,2026-03-23,15786.36,15881.18,15359.71,15454.52,5973336
VIB,2026-03-24,15644.14,16023.4,15549.33,15833.77,5146340
VIB,2026-03-25,15928.58,16355.24,15833.77,16355.24,9082615
VIB,2026-03-26,16355.24,16355.24,16023.4,16070.8,3186693
VIB,2026-03-27,15975.99,16307.84,15975.99,16118.21,6643498
VIB,2026-03-30,15928.58,16213.02,15928.58,16023.4,3699492
VIB,2026-03-31,16165.62,16307.84,16023.4,16070.8,4394755
VIB,2026-04-01,16260.43,16497.46,16213.02,16307.84,5992638
VIB,2026-04-02,16260.43,16260.43,15975.99,16023.4,4315336
VIB,2026-04-03,16070.8,16118.21,15786.36,15786.36,4620463
VIB,2026-04-06,15786.36,15975.99,15691.55,15786.36,3835444
VIB,2026-04-07,15833.77,15928.58,15691.55,15833.77,2875555
VIB,2026-04-08,16165.62,16544.87,16023.4,16450.06,11863773
VIB,2026-04-09,16497.46,16497.46,16165.62,16260.43,5207935
VIB,2026-04-10,16355.24,16639.68,16307.84,16544.87,10981405
VIB,2026-04-13,16450.06,17113.75,16402.65,16829.31,18698807
VIB,2026-04-14,16924.12,16971.53,16687.09,16687.09,7202598
VIB,2026-04-15,16829.31,16829.31,16450.06,16450.06,8095197
VIB,2026-04-16,16497.46,16497.46,16213.02,16260.43,7220739
VIB,2026-04-17,16355.24,16544.87,16213.02,16450.06,5975340
VIB,2026-04-20,16544.87,16592.28,16402.65,16592.28,4876968
VIB,2026-04-21,16592.28,16639.68,16307.84,16307.84,6242920
VIB,2026-04-22,16355.24,16450.06,16260.43,16402.65,4668452
VIB,2026-04-23,16450.06,16639.68,16213.02,16307.84,11530169
VIB,2026-04-24,16307.84,16402.65,16260.43,16355.24,3484648
VIB,2026-04-28,16497.46,16592.28,16402.65,16450.06,5558731
VIB,2026-04-29,16500.0,16550.0,16300.0,16300.0,5111400
VIB,2026-05-04,16450.0,16450.0,16150.0,16150.0,4132700
VIB,2026-05-05,16100.0,16150.0,15850.0,15950.0,5576500
VIB,2026-05-06,16000.0,16250.0,15950.0,16200.0,3382000
VIB,2026-05-07,16200.0,16300.0,16100.0,16100.0,4510300
VIB,2026-05-08,16150.0,16200.0,16000.0,16050.0,3838800
VIB,2026-05-11,16050.0,16250.0,15950.0,15950.0,6157000
VIB,2026-05-12,16050.0,16100.0,15950.0,16000.0,2263500
VIB,2026-05-13,16150.0,16150.0,15950.0,15950.0,2832800
VIB,2026-05-14,16000.0,16200.0,15950.0,16050.0,3275200
VIB,2026-05-15,16050.0,16150.0,15950.0,16100.0,5130600
VIB,2026-05-18,16000.0,16100.0,15900.0,16100.0,3575300
VIB,2026-05-19,16100.0,16100.0,15750.0,15800.0,6617100
VIB,2026-05-20,15800.0,15850.0,15050.0,15700.0,9168400
VIB,2026-05-21,15700.0,15900.0,15600.0,15900.0,5016000
VIB,2026-05-22,15900.0,15900.0,15650.0,15700.0,2513700
VIB,2026-05-25,15850.0,15950.0,15700.0,15900.0,2308800
VIB,2026-05-26,15850.0,16300.0,15850.0,16250.0,12747000
VIB,2026-05-27,16250.0,16850.0,16100.0,16700.0,27846100
VIB,2026-05-28,16700.0,16950.0,16300.0,16300.0,16751900
VIB,2026-05-29,16300.0,16400.0,16100.0,16100.0,8214700
VIB,2026-06-01,16150.0,16250.0,16000.0,16100.0,5955400
VIB,2026-06-02,16200.0,16200.0,15800.0,15800.0,7945800
VIB,2026-06-03,15800.0,16100.0,15800.0,15900.0,7197400
VIB,2026-06-04,16000.0,16300.0,15850.0,16250.0,15461200
VIB,2026-06-05,16300.0,16450.0,16150.0,16150.0,6669700
VIB,2026-06-08,16000.0,16050.0,15700.0,15750.0,12791600
VIB,2026-06-09,15800.0,15950.0,15700.0,15800.0,4660700
VIB,2026-06-10,15850.0,16050.0,15800.0,15900.0,3935600
VIB,2026-06-11,15900.0,16200.0,15850.0,15950.0,6151000
VIB,2026-06-12,16100.0,16400.0,16050.0,16150.0,11899900
VIB,2026-06-15,16350.0,16400.0,16150.0,16250.0,7054700
VIB,2026-06-16,16300.0,16350.0,16150.0,16200.0,8329400
VIB,2026-06-17,16200.0,16550.0,16200.0,16400.0,15864700
VIB,2026-06-18,16450.0,16500.0,16200.0,16250.0,8557800
VIB,2026-06-19,16300.0,16300.0,16000.0,16050.0,5775200
VIB,2026-06-22,16100.0,16150.0,16000.0,16050.0,5763400
VIB,2026-06-23,16100.0,16500.0,16000.0,16100.0,13121600
VIB,2026-06-24,16150.0,16200.0,15900.0,16050.0,5675600
VIB,2026-06-25,16050.0,16100.0,15950.0,16000.0,5190400
VIB,2026-06-26,16050.0,16150.0,16000.0,16150.0,5703200
VIB,2026-06-29,16200.0,16700.0,16150.0,16550.0,21050000
VIB,2026-06-30,16600.0,16650.0,16450.0,16500.0,6740000
VIB,2026-07-01,16500.0,16800.0,16500.0,16600.0,12956800
VIB,2026-07-02,16650.0,16700.0,16500.0,16650.0,7979300
VIB,2026-07-03,16700.0,16800.0,16350.0,16450.0,14213400
VIB,2026-07-06,16550.0,16600.0,16000.0,16100.0,13853700
VIB,2026-07-07,16050.0,16250.0,16050.0,16250.0,5997000
VIB,2026-07-08,16200.0,16450.0,16150.0,16250.0,10532600
VIB,2026-07-09,16150.0,16300.0,16100.0,16100.0,4104700
VIB,2026-07-10,16150.0,16250.0,15950.0,15950.0,6370600
VIB,2026-07-13,15950.0,16000.0,15300.0,15500.0,12072100
VIB,2026-07-14,15500.0,15750.0,15300.0,15750.0,6137200
VIB,2026-07-15,15750.0,15750.0,15450.0,15450.0,5628500
VIB,2026-07-16,15350.0,15600.0,15100.0,15450.0,7446700
VIB,2026-07-17,15500.0,15550.0,15350.0,15400.0,3222900
VIB,2026-07-20,15350.0,15400.0,14850.0,14950.0,13146400
VIB,2026-07-21,14900.0,15100.0,14900.0,15000.0,6390800
VIB,2026-07-22,15050.0,15100.0,14450.0,14450.0,15407300
VIB,2026-07-23,14400.0,14700.0,14150.0,14600.0,7522200
VIB,2026-07-24,14400.0,14650.0,14350.0,14400.0,4944800
VIB,2026-07-27,14450.0,14650.0,14150.0,14150.0,4189600
VIB,2026-07-28,14050.0,14450.0,14050.0,14400.0,4913400
VIB,2026-07-29,14400.0,14450.0,14250.0,14400.0,5469600
VIB,2026-07-30,14400.0,14800.0,14250.0,14750.0,6386300
VIB,2026-07-31,14800.0,14950.0,14500.0,14500.0,8266600
VIB,2026-08-03,14550.0,14850.0,14550.0,14850.0,8086300
VIB,2026-08-04,14850.0,14900.0,14650.0,14800.0,3425700
VIB,2026-08-05,14900.0,15200.0,14700.0,14800.0,13606400
VIB,2026-08-06,14800.0,14850.0,14550.0,14550.0,3997200
VIB,2026-08-07,14600.0,14750.0,14550.0,14650.0,2940000
VIB,2026-08-10,14750.0,14950.0,14650.0,14850.0,4419000
VIB,2026-08-11,14900.0,15050.0,14800.0,14800.0,4511500
VIB,2026-08-12,14850.0,14950.0,14750.0,14800.0,2939200
VIB,2026-08-13,14850.0,14900.0,14550.0,14550.0,5415000
VIB,2026-08-14,14500.0,14650.0,14400.0,14400.0,4421500
VIC,2026-01-29,82.4,83.0,78.0,83.0,127323
VIC,2026-01-30,83.0,84.0,78.2,83.4,130175
VIC,2026-02-02,79.4,85.0,79.2,85.0,77053
VIC,2026-02-03,85.0,86.0,80.6,85.4,158645
VIC,2026-02-04,85.8,88.6,81.4,83.2,189706
VIC,2026-02-05,84.2,86.89,82.0,86.0,164667
VIC,2026-02-06,86.6,87.8,82.2,85.6,131307
VIC,2026-02-09,86.4,88.0,82.4,88.0,433827
VIC,2026-02-10,86.6,88.0,83.2,86.0,297588
VIC,2026-02-11,86.0,88.0,84.56,87.8,241520
VIC,2026-02-12,87.8,87.8,82.2,84.6,475988
VIC,2026-02-13,87.0,88.8,84.2,87.0,68554
VIC,2026-02-16,89.0,89.0,84.0,87.4,50407
VIC,2026-02-17,88.8,89.0,84.6,85.8,116416
VIC,2026-02-18,88.8,89.0,84.2,87.0,40440
VIC,2026-02-19,89.0,89.0,84.2,86.8,101405
VIC,2026-02-20,89.8,90.0,84.5,86.0,176420
VIC,2026-02-23,84.4,87.4,84.2,86.0,54258
VIC,2026-02-24,87.4,88.0,84.2,84.4,166172
VIC,2026-02-25,84.0,87.0,75.0,82.4,577839
VIC,2026-02-26,82.8,86.8,80.4,82.0,272920
VIC,2026-02-27,83.8,83.8,80.0,82.8,217798
VIC,2026-03-02,80.2,83.2,77.4,83.0,288778
VIC,2026-03-03,81.0,83.0,77.4,77.4,438613
VIC,2026-03-04,78.4,81.0,77.4,80.0,93906
VIC,2026-03-05,78.6,79.0,77.2,78.2,52282
VIC,2026-03-06,78.4,80.8,76.2,76.8,91660
VIC,2026-03-09,76.4,79.8,75.45,76.6,57878
VIC,2026-03-10,77.4,81.0,77.06,81.0,193955
VIC,2026-03-11,79.8,79.8,77.0,77.0,19755
VIC,2026-03-12,74.4,79.4,74.2,75.6,125752
VIC,2026-03-13,75.0,78.4,74.2,76.6,184221
VIC,2026-03-16,76.6,79.8,75.0,75.0,153135
VIC,2026-03-17,74.0,79.8,69.8,69.8,516790
VIC,2026-03-18,72.6,74.0,70.57,72.8,99368
VIC,2026-03-19,72.0,73.2,70.4,70.4,133996
VIC,2026-03-20,71.0,72.8,68.0,68.0,151124
VIC,2026-03-23,70.0,70.2,66.94,68.8,38119
VIC,2026-03-24,68.4,70.0,66.8,66.8,69019
VIC,2026-03-25,66.8,70.2,66.8,70.2,78788
VIC,2026-03-26,70.2,70.2,68.0,69.0,234033
VIC,2026-03-27,68.6,69.8,66.4,67.2,95587
VIC,2026-03-30,70.0,70.0,64.42,66.0,321740
VIC,2026-03-31,65.4,67.0,63.86,64.4,141020
VIC,2026-04-01,66.6,70.0,66.2,70.0,98689
VIC,2026-04-02,67.2,70.0,66.8,69.8,653557
VIC,2026-04-07,70.0,71.9,65.2,68.6,157816
VIC,2026-04-08,71.0,76.0,71.0,74.7,595857
VIC,2026-04-09,76.0,76.0,72.87,73.2,233867
VIC,2026-04-10,74.1,75.9,72.0,74.4,239096
VIC,2026-04-13,74.6,76.0,72.1,76.0,1010884
VIC,2026-04-14,74.8,77.9,72.5,77.7,70019
VIC,2026-04-15,78.0,80.0,74.0,79.2,111783
VIC,2026-04-16,79.0,80.0,75.4,78.0,331719
VIC,2026-04-17,77.7,78.9,76.6,76.6,406845
VIC,2026-04-20,80.0,80.0,75.45,75.6,276075
VIC,2026-04-21,76.1,79.2,74.6,74.6,128420
VIC,2026-04-22,75.1,79.9,74.1,76.0,4361795
VIC,2026-04-23,74.1,78.7,72.6,72.6,391485
VIC,2026-04-24,72.1,77.23,72.1,77.2,640213
VIC,2026-04-27,77.5,77.5,74.2,77.0,61783
VIC,2026-04-28,76.9,79.0,74.9,78.2,133675
VIC,2026-04-29,78.5,81.0,77.4,78.5,863760
VIC,2026-04-30,81.0,83.27,78.0,83.0,219888
VIC,2026-05-01,83.0,83.0,80.0,81.0,269773
VIC,2026-05-05,83.4,84.3,76.1,78.0,2514881
VIC,2026-05-06,77.4,79.0,77.4,79.0,242251
VIC,2026-05-07,77.5,79.8,77.5,79.5,63142
VIC,2026-05-08,79.0,82.1,78.17,81.0,271800
VIC,2026-05-11,81.2,84.5,78.2,78.2,300421
VIC,2026-05-12,78.1,80.8,75.9,75.9,151607
VIC,2026-05-13,75.5,77.6,75.5,76.4,188460
VIC,2026-05-14,75.9,78.0,75.9,77.9,287415
VIC,2026-05-15,78.0,78.18,76.75,77.9,32028
VIC,2026-05-18,78.9,79.0,76.49,78.5,168599
VIC,2026-05-19,82.1,82.5,74.9,74.9,284842
VIC,2026-05-20,75.2,76.01,74.56,75.2,129289
VIC,2026-05-21,73.7,79.0,73.63,79.0,23012
VIC,2026-05-22,77.5,79.0,75.3,78.8,1364887
VIC,2026-05-26,79.0,80.4,77.2,80.2,1561539
VIC,2026-05-27,80.5,82.18,78.6,81.0,164047
VIC,2026-05-28,80.0,83.2,80.0,81.0,654595
VIC,2026-05-29,79.7,84.5,79.3,80.8,59452
VIC,2026-06-01,79.0,82.1,79.0,80.8,228163
VIC,2026-06-02,81.9,81.9,79.3,80.8,303111
VIC,2026-06-03,82.0,82.0,79.0,81.0,179427
VIC,2026-06-04,79.0,82.49,79.0,82.0,100690
VIC,2026-06-05,81.9,82.0,80.8,82.0,275930
VIC,2026-06-08,78.0,82.6,78.0,78.5,187181
VIC,2026-06-09,82.0,82.0,77.4,80.0,366433
VIC,2026-06-10,78.8,82.0,77.1,80.0,233321
VIC,2026-06-11,80.6,83.0,80.43,83.0,51604
VIC,2026-06-12,82.9,84.9,77.9,84.1,266554
VIC,2026-06-15,84.8,85.9,82.2,84.7,266854
VIC,2026-06-16,86.0,86.0,82.44,84.8,179256
VIC,2026-06-17,83.4,85.52,81.52,82.7,51758
VIC,2026-06-18,81.5,84.2,81.5,81.5,56078
VIC,2026-06-19,85.5,85.5,80.1,81.8,33972
VIC,2026-06-22,85.0,85.0,78.3,78.5,80877
VIC,2026-06-23,80.2,80.2,77.1,78.3,31762
VIC,2026-06-24,76.0,82.0,76.0,80.0,55064
VIC,2026-06-25,80.2,81.0,78.6,80.5,134450
VIC,2026-06-26,81.9,82.0,80.0,80.0,85673
VIC,2026-06-29,81.5,81.5,78.8,78.8,28192
VIC,2026-06-30,79.0,81.3,76.1,77.2,62598
VIC,2026-07-01,79.1,82.9,76.5,82.2,209563
VIC,2026-07-02,78.2,85.9,78.2,82.0,284595
VIC,2026-07-03,82.1,85.9,81.1,83.0,67977
VIC,2026-07-06,82.0,83.2,79.1,80.4,324460
VIC,2026-07-07,80.8,81.6,78.0,78.0,177371
VIC,2026-07-08,78.0,80.8,75.7,76.0,103657
VIC,2026-07-09,78.0,79.2,76.26,77.7,88393
VIC,2026-07-10,77.0,79.0,76.93,77.0,72500
VIC,2026-07-13,76.0,79.1,74.1,76.4,66967
VIC,2026-07-14,78.9,78.9,76.12,76.8,148639
VIC,2026-07-15,77.0,78.9,76.4,77.4,1459520
VIC,2026-07-16,77.0,79.9,76.1,77.3,1891801
VIC,2026-07-17,80.0,80.0,76.5,77.0,119075
VIC,2026-07-20,77.0,79.9,75.2,75.6,94049
VIC,2026-07-21,77.0,77.0,75.6,76.2,150703
VIC,2026-07-22,76.0,78.9,75.0,76.0,111367
VIC,2026-07-23,79.0,79.0,75.0,75.7,194982
VIC,2026-07-24,76.8,78.9,75.0,75.0,112609
VIC,2026-07-27,75.0,79.0,74.78,75.4,252637
VIC,2026-07-28,76.9,76.9,72.0,74.8,865159
VIC,2026-07-29,74.4,76.9,73.9,75.0,142498
VIC,2026-07-30,76.9,76.9,73.1,75.0,132336
VIC,2026-07-31,74.4,76.9,73.5,76.9,72740
VIC,2026-08-03,73.1,77.0,73.1,76.9,159945
VIC,2026-08-04,75.0,79.0,75.0,79.0,99673
VIC,2026-08-05,78.9,79.0,75.1,77.0,84439
VIC,2026-08-06,76.6,78.56,74.91,77.0,341021
VIC,2026-08-07,76.4,77.0,75.0,76.0,218259
VIC,2026-08-10,77.0,77.0,74.0,75.0,256338
VIC,2026-08-11,74.1,77.4,73.8,74.8,46531
VIC,2026-08-12,74.0,76.8,73.6,74.8,63033
VIC,2026-08-13,73.9,76.32,73.0,75.5,375365
VIC,2026-08-14,76.9,76.9,74.5,74.5,147814
VJC,2026-01-30,126384.49,131153.72,122615.26,131153.72,2204802
VJC,2026-02-02,131307.56,132076.79,123307.57,130769.1,1948181
VJC,2026-02-03,129846.02,130769.1,126769.1,129230.64,1696241
VJC,2026-02-04,127692.18,128461.41,123999.88,126922.95,1705991
VJC,2026-02-05,126153.72,130769.1,124769.11,128076.8,1970021
VJC,2026-02-06,126922.95,127769.1,124153.72,127692.18,1648921
VJC,2026-02-09,127692.18,129615.26,126538.34,126922.95,1355251
VJC,2026-02-10,126153.72,126922.95,124230.64,125384.49,1363701
VJC,2026-02-11,124999.88,129230.64,123999.88,129230.64,1544271
VJC,2026-02-12,129230.64,130769.1,127461.41,129230.64,1402181
VJC,2026-02-13,129230.64,130384.48,127307.56,130153.72,1621751
VJC,2026-02-23,130384.48,134615.25,130153.72,134538.33,1646841
VJC,2026-02-24,134538.33,143538.32,131307.56,143538.32,2162422
VJC,2026-02-25,138615.25,141153.7,136153.71,137307.56,1538551
VJC,2026-02-26,136538.33,137769.09,133615.25,137307.56,1527241
VJC,2026-02-27,136769.09,137307.56,134769.1,135230.63,1474071
VJC,2026-03-02,131153.72,131999.87,129384.49,129999.87,1539981
VJC,2026-03-03,129461.41,130769.1,126230.64,126230.64,1550901
VJC,2026-03-04,125846.03,127692.18,119846.03,125538.34,1908141
VJC,2026-03-05,125615.26,125922.95,119999.88,120307.57,2036972
VJC,2026-03-06,119999.88,121922.96,117076.81,120307.57,1609531
VJC,2026-03-09,114999.88,117692.19,111922.96,117692.19,1444691
VJC,2026-03-10,118692.19,119999.88,115922.96,119230.65,1857701
VJC,2026-03-11,120769.11,123076.8,117538.34,122846.03,1863811
VJC,2026-03-12,119230.65,121461.42,117538.34,117538.34,1811161
VJC,2026-03-13,117384.5,120769.11,117384.5,120615.26,1634491
VJC,2026-03-16,119999.88,119999.88,117384.5,118461.42,1510731
VJC,2026-03-17,118461.42,120769.11,118461.42,120769.11,1616941
VJC,2026-03-18,120153.73,123076.8,119384.5,123076.8,1671281
VJC,2026-03-19,121846.03,122153.72,119230.65,122076.8,2242892
VJC,2026-03-20,121153.72,121153.72,116384.5,120999.88,2319462
VJC,2026-03-23,117307.58,117922.96,116230.65,116769.11,1274131
VJC,2026-03-24,116769.11,117692.19,112846.04,117692.19,2151112
VJC,2026-03-25,117692.19,118076.8,115384.5,117692.19,1677391
VJC,2026-03-26,117692.19,119230.65,116076.81,119230.65,1514631
VJC,2026-03-27,119230.65,121153.72,117922.96,120769.11,1305591
VJC,2026-03-30,119230.65,121922.96,116922.96,120846.03,1620841
VJC,2026-03-31,120922.96,121538.34,119999.88,119999.88,1123721
VJC,2026-04-01,120384.5,128384.49,120153.73,128384.49,2192972
VJC,2026-04-02,130769.1,130769.1,123999.88,127307.56,1378131
VJC,2026-04-03,126922.95,131153.72,123922.95,123922.95,1862901
VJC,2026-04-06,122307.57,125769.1,122307.57,125615.26,1310401
VJC,2026-04-07,125615.26,125769.1,122692.18,125769.1,1290771
VJC,2026-04-08,127692.18,130384.48,126692.18,130384.48,1646451
VJC,2026-04-09,128999.87,129076.79,126922.95,127692.18,1342641
VJC,2026-04-10,128076.8,130384.48,127692.18,128461.41,1351611
VJC,2026-04-13,124153.72,128461.41,124076.8,128307.56,1369291
VJC,2026-04-14,128461.41,129999.87,127230.64,128307.56,1428961
VJC,2026-04-15,128307.56,137230.63,128307.56,137076.79,3433303
VJC,2026-04-16,135769.1,137076.79,131846.02,137076.79,2005382
VJC,2026-04-17,136999.86,136999.86,132461.41,136769.09,2123552
VJC,2026-04-20,135307.56,135999.86,133230.64,134846.02,1196911
VJC,2026-04-21,134922.94,138615.25,134615.25,135153.71,1921791
VJC,2026-04-22,135230.63,135692.17,133076.79,135153.71,1631111
VJC,2026-04-23,135076.79,136922.94,132615.25,134538.33,1369161
VJC,2026-04-24,134461.4,138846.02,132461.41,138846.02,2056212
VJC,2026-04-28,137538.32,138846.02,135461.4,137461.4,1759161
VJC,2026-04-29,136692.17,139615.24,135538.33,138461.4,1944671
VJC,2026-05-04,137307.56,138461.4,135538.33,138384.48,1526981
VJC,2026-05-05,137692.17,139999.86,136307.56,139230.63,1927511
VJC,2026-05-06,139307.55,146153.7,137692.17,139615.24,2696332
VJC,2026-05-07,139615.24,141922.94,138615.25,139999.86,1643851
VJC,2026-05-08,139922.94,139999.86,135538.33,135538.33,1773071
VJC,2026-05-11,135538.33,135538.33,131153.72,131153.72,1984061
VJC,2026-05-12,130769.1,134615.25,130307.56,134615.25,1652821
VJC,2026-05-13,134615.25,139615.24,132922.94,133153.71,1437281
VJC,2026-05-14,133461.4,134999.86,131846.02,133153.71,1556231
VJC,2026-05-15,133307.56,133384.48,131769.1,131769.1,1479661
VJC,2026-05-18,130384.48,132538.33,130384.48,131615.25,1808561
VJC,2026-05-19,131692.18,132692.17,130230.64,132307.56,1528281
VJC,2026-05-20,132307.56,132769.1,129922.95,131230.64,1736411
VJC,2026-05-21,131538.33,133846.02,131384.48,133461.4,1976521
VJC,2026-05-22,133461.4,133461.4,130615.25,130846.02,1409721
VJC,2026-05-25,130846.02,133846.02,130538.33,133692.17,1451191
VJC,2026-05-26,133692.17,133846.02,132153.71,132769.1,1295061
VJC,2026-05-27,132769.1,132846.02,130384.48,132384.48,1361751
VJC,2026-05-28,132461.41,132692.17,130769.1,131076.79,1299091
VJC,2026-05-29,129999.87,132307.56,129615.26,132230.64,1298311
VJC,2026-06-01,132230.64,132692.17,130461.41,131538.33,1145821
VJC,2026-06-02,131538.33,131615.25,129846.02,130846.02,1171561
VJC,2026-06-03,130846.02,132307.56,129999.87,131384.48,1416741
VJC,2026-06-04,131384.48,132769.1,130153.72,132769.1,1344331
VJC,2026-06-05,133076.79,141999.86,132538.33,141999.86,2325832
VJC,2026-06-08,136922.94,138461.4,134538.33,135999.86,1100971
VJC,2026-06-09,136153.71,137999.86,134922.94,137692.17,1168571
VJC,2026-06-10,137922.94,141153.7,137461.4,139999.86,1310921
VJC,2026-06-11,139230.63,140384.48,136384.48,136538.33,1063141
VJC,2026-06-12,136769.09,140846.01,136692.17,139076.78,1179881
VJC,2026-06-15,139230.63,142692.16,139230.63,141307.55,1396851
VJC,2026-06-16,143800.0,144100.0,137800.0,138000.0,969400
VJC,2026-06-17,136800.0,144000.0,136300.0,143900.0,959700
VJC,2026-06-18,142800.0,142800.0,138400.0,138400.0,1144100
VJC,2026-06-19,138900.0,141000.0,138400.0,140500.0,1166800
VJC,2026-06-22,140500.0,141000.0,138900.0,139500.0,1005000
VJC,2026-06-23,139500.0,140200.0,137500.0,137500.0,938200
VJC,2026-06-24,137500.0,138200.0,136100.0,136400.0,967200
VJC,2026-06-25,136500.0,139900.0,136300.0,139400.0,965800
VJC,2026-06-26,138500.0,140000.0,138000.0,139500.0,982800
VJC,2026-06-29,139500.0,139500.0,136600.0,138800.0,1234200
VJC,2026-06-30,138700.0,140000.0,137800.0,139500.0,744200
VJC,2026-07-01,139100.0,140000.0,138800.0,139300.0,888300
VJC,2026-07-02,139300.0,139400.0,137600.0,139000.0,761000
VJC,2026-07-03,139200.0,142500.0,138000.0,141800.0,1006400
VJC,2026-07-06,141800.0,142000.0,137700.0,140600.0,965100
VJC,2026-07-07,140000.0,140000.0,138600.0,139700.0,818200
VJC,2026-07-08,139000.0,139000.0,137200.0,138900.0,861400
VJC,2026-07-09,137500.0,139000.0,137100.0,139000.0,884700
VJC,2026-07-10,138000.0,138000.0,137100.0,138000.0,750900
VJC,2026-07-13,136800.0,137500.0,128400.0,134400.0,967500
VJC,2026-07-14,133000.0,133900.0,130900.0,133300.0,925900
VJC,2026-07-15,133300.0,133300.0,129100.0,129700.0,920100
VJC,2026-07-16,130000.0,132800.0,129800.0,132500.0,932800
VJC,2026-07-17,132000.0,132000.0,129700.0,131300.0,980200
VJC,2026-07-20,131000.0,134600.0,128200.0,132000.0,1110400
VJC,2026-07-21,130600.0,132000.0,130200.0,130800.0,847200
VJC,2026-07-22,130800.0,131600.0,126000.0,126000.0,1263300
VJC,2026-07-23,127000.0,130000.0,126200.0,127600.0,1204100
VJC,2026-07-24,125800.0,127400.0,124500.0,127400.0,828800
VJC,2026-07-27,127000.0,129500.0,124200.0,126000.0,1058500
VJC,2026-07-28,125500.0,127000.0,123300.0,123400.0,969700
VJC,2026-07-29,122200.0,125500.0,118100.0,125500.0,1334100
VJC,2026-07-30,125000.0,126500.0,123200.0,124200.0,1067400
VJC,2026-07-31,124400.0,126500.0,123600.0,125000.0,1446000
VJC,2026-08-03,125100.0,127000.0,123700.0,126600.0,1080700
VJC,2026-08-04,126600.0,126600.0,124300.0,126500.0,1546500
VJC,2026-08-05,126800.0,128000.0,125300.0,126100.0,1604300
VJC,2026-08-06,126500.0,127000.0,125000.0,126000.0,1466900
VJC,2026-08-07,125700.0,126100.0,124800.0,125500.0,1356700
VJC,2026-08-10,125700.0,126500.0,123600.0,125500.0,1513100
VJC,2026-08-11,125600.0,128000.0,125600.0,127200.0,1390800
VJC,2026-08-12,127300.0,128500.0,126100.0,127700.0,1512600
VJC,2026-08-13,127900.0,127900.0,124800.0,124900.0,1564200
VJC,2026-08-14,124300.0,125000.0,121700.0,123200.0,1315200
VND,2026-01-30,17931.74,18174.72,17883.14,17980.34,10749554
VND,2026-02-02,17980.34,17980.34,17494.38,17591.57,13616178
VND,2026-02-03,17785.95,18223.31,17785.95,17980.34,10825385
VND,2026-02-04,18271.91,18612.08,17980.34,18028.93,11822390
VND,2026-02-05,18077.53,18174.72,17688.76,17688.76,7164552
VND,2026-02-06,17591.57,17640.17,17154.21,17154.21,14499284
VND,2026-02-09,17445.78,17494.38,17154.21,17154.21,5925651
VND,2026-02-10,17251.4,17445.78,17057.02,17251.4,5242357
VND,2026-02-11,17348.59,17931.74,17348.59,17883.14,9648835
VND,2026-02-12,17931.74,17980.34,17785.95,17785.95,3340021
VND,2026-02-13,17737.36,18174.72,17640.17,18077.53,7295737
VND,2026-02-23,18223.31,18320.5,18077.53,18320.5,7525902
VND,2026-02-24,18271.91,18855.05,18126.12,18466.29,14907861
VND,2026-02-25,18563.48,18660.67,18320.5,18369.1,8957207
VND,2026-02-26,18514.89,18563.48,18126.12,18271.91,6162093
VND,2026-02-27,18369.1,18660.67,18174.72,18174.72,9339547
VND,2026-03-02,17494.38,18077.53,17300.0,17591.57,16096037
VND,2026-03-03,17591.57,18369.1,17591.57,17834.55,15291539
VND,2026-03-04,17931.74,18271.91,17008.42,18271.91,20133963
VND,2026-03-05,18514.89,19341.01,18369.1,18369.1,32183535
VND,2026-03-06,18369.1,18369.1,17542.98,17640.17,13949131
VND,2026-03-09,16425.28,16619.66,16425.28,16425.28,10753259
VND,2026-03-10,16522.47,16862.64,15842.13,16085.11,29743803
VND,2026-03-11,16133.71,16814.04,16085.11,16425.28,13018489
VND,2026-03-12,16376.68,16571.07,16036.52,16085.11,10334187
VND,2026-03-13,15890.73,16230.9,15744.94,15793.54,12121698
VND,2026-03-16,15842.13,16133.71,15599.16,15744.94,11379654
VND,2026-03-17,15939.32,16425.28,15890.73,15987.92,9436984
VND,2026-03-18,16036.52,16133.71,15550.56,15696.35,8926135
VND,2026-03-19,15356.18,15501.96,15064.6,15161.8,16042637
VND,2026-03-20,15210.39,15356.18,14870.22,14918.82,14217777
VND,2026-03-23,14627.25,14675.84,13898.31,13898.31,29050426
VND,2026-03-24,14578.65,14773.03,14092.7,14627.25,15978948
VND,2026-03-25,14773.03,15356.18,14675.84,15064.6,15884907
VND,2026-03-26,15113.2,15210.39,14821.63,15064.6,8674054
VND,2026-03-27,15064.6,15501.96,15016.01,15404.77,13264294
VND,2026-03-30,14918.82,15210.39,14724.44,15064.6,10542231
VND,2026-03-31,15113.2,15647.75,15016.01,15356.18,16683952
VND,2026-04-01,15744.94,16036.52,15696.35,15793.54,13391054
VND,2026-04-02,15599.16,15744.94,15404.77,15453.37,10576390
VND,2026-04-03,15501.96,15647.75,15210.39,15210.39,9947731
VND,2026-04-06,15210.39,15501.96,15161.8,15210.39,7877992
VND,2026-04-07,15210.39,15599.16,15064.6,15599.16,7104464
VND,2026-04-08,16522.47,16668.26,16133.71,16668.26,28216707
VND,2026-04-09,16522.47,16668.26,16328.09,16376.68,12627712
VND,2026-04-10,16619.66,16668.26,16230.9,16279.49,7780555
VND,2026-04-13,16036.52,16425.28,15939.32,16182.3,9897315
VND,2026-04-14,16522.47,16668.26,16279.49,16376.68,10040332
VND,2026-04-15,16522.47,16716.85,16328.09,16328.09,13543537
VND,2026-04-16,16376.68,16473.87,16036.52,16085.11,11554053
VND,2026-04-17,16133.71,16328.09,16036.52,16085.11,7300675
VND,2026-04-20,16085.11,16328.09,16085.11,16230.9,8149622
VND,2026-04-21,16425.28,16571.07,16133.71,16182.3,9906164
VND,2026-04-22,16182.3,16279.49,16036.52,16085.11,6125052
VND,2026-04-23,16085.11,16182.3,15647.75,15793.54,9432251
VND,2026-04-24,15793.54,15939.32,15696.35,15744.94,5175170
VND,2026-04-28,15744.94,15842.13,15599.16,15599.16,5171157
VND,2026-04-29,15647.75,15890.73,15453.37,15647.75,9307034
VND,2026-05-04,15842.13,15987.92,15744.94,15744.94,3584488
VND,2026-05-05,15599.16,15744.94,15501.96,15550.56,5994382
VND,2026-05-06,15696.35,16522.47,15501.96,16182.3,17296045
VND,2026-05-07,16376.68,16473.87,16133.71,16182.3,7650399
VND,2026-05-08,16133.71,16376.68,15939.32,15987.92,12104618
VND,2026-05-11,15987.92,16328.09,15890.73,15987.92,12218826
VND,2026-05-12,15939.32,16182.3,15890.73,15939.32,7199534
VND,2026-05-13,15939.32,16182.3,15696.35,15842.13,10400448
VND,2026-05-14,15890.73,16036.52,15793.54,15939.32,6028130
VND,2026-05-15,15987.92,16133.71,15842.13,15987.92,6100873
VND,2026-05-18,15939.32,16328.09,15793.54,16182.3,12034344
VND,2026-05-19,16425.28,16959.83,16376.68,16473.87,32613719
VND,2026-05-20,16376.68,16522.47,15599.16,15987.92,13096377
VND,2026-05-21,16085.11,16279.49,15793.54,15890.73,10545009
VND,2026-05-22,15939.32,16959.83,15793.54,16959.83,46781903
VND,2026-05-25,17300.0,17494.38,17008.42,17105.62,20001543
VND,2026-05-26,17057.02,17883.14,17008.42,17591.57,29205687
VND,2026-05-27,17591.57,17640.17,17202.81,17251.4,16446275
VND,2026-05-28,17348.59,17785.95,17300.0,17300.0,29988270
VND,2026-05-29,17450.0,17500.0,16850.0,16850.0,14705200
VND,2026-06-01,16800.0,18000.0,16800.0,17550.0,19756500
VND,2026-06-02,17600.0,17800.0,16950.0,17150.0,17293600
VND,2026-06-03,17150.0,18100.0,17000.0,17950.0,29136400
VND,2026-06-04,17950.0,18250.0,17650.0,17800.0,12783000
VND,2026-06-05,17800.0,17950.0,17450.0,17600.0,12323500
VND,2026-06-08,17350.0,17400.0,16700.0,16850.0,27306500
VND,2026-06-09,16950.0,17500.0,16650.0,17300.0,16875300
VND,2026-06-10,17250.0,17700.0,17150.0,17350.0,10708100
VND,2026-06-11,17100.0,17450.0,17050.0,17200.0,11655200
VND,2026-06-12,17600.0,17600.0,17050.0,17100.0,11877500
VND,2026-06-15,17500.0,18100.0,17450.0,17700.0,25966000
VND,2026-06-16,17800.0,18350.0,17700.0,18250.0,21677200
VND,2026-06-17,18350.0,18550.0,17900.0,18150.0,17582100
VND,2026-06-18,18050.0,18350.0,17850.0,17850.0,13246900
VND,2026-06-19,17800.0,18050.0,17650.0,17700.0,13531200
VND,2026-06-22,17700.0,18150.0,17500.0,18050.0,18663900
VND,2026-06-23,18100.0,18300.0,17650.0,17750.0,22082900
VND,2026-06-24,17750.0,17850.0,17350.0,17600.0,15118200
VND,2026-06-25,17500.0,17750.0,17300.0,17350.0,11408500
VND,2026-06-26,17300.0,17600.0,17100.0,17600.0,12825100
VND,2026-06-29,17600.0,17750.0,17350.0,17600.0,5953000
VND,2026-06-30,17600.0,18000.0,17600.0,17700.0,12045400
VND,2026-07-01,17750.0,18150.0,17700.0,18000.0,10982000
VND,2026-07-02,18100.0,18250.0,17900.0,18000.0,12634600
VND,2026-07-03,18050.0,18700.0,17900.0,18400.0,30793400
VND,2026-07-06,18400.0,18650.0,17650.0,18200.0,20392800
VND,2026-07-07,18200.0,18750.0,18000.0,18750.0,20950900
VND,2026-07-08,18750.0,19100.0,18650.0,18700.0,21401300
VND,2026-07-09,18450.0,18600.0,18250.0,18350.0,18336800
VND,2026-07-10,18300.0,18450.0,17850.0,18000.0,17714300
VND,2026-07-13,17750.0,17900.0,16900.0,17500.0,24913000
VND,2026-07-14,17100.0,17800.0,17100.0,17700.0,9105100
VND,2026-07-15,17500.0,17750.0,17200.0,17250.0,10187500
VND,2026-07-16,17150.0,17700.0,16500.0,17650.0,24205900
VND,2026-07-17,17550.0,17850.0,17500.0,17850.0,10947700
VND,2026-07-20,17800.0,17800.0,16650.0,17200.0,19656000
VND,2026-07-21,17100.0,17500.0,17100.0,17150.0,11165800
VND,2026-07-22,17300.0,17400.0,16350.0,16600.0,21110400
VND,2026-07-23,16600.0,17500.0,16000.0,17150.0,17090900
VND,2026-07-24,16950.0,17050.0,16500.0,16500.0,6603000
VND,2026-07-27,16700.0,16700.0,15350.0,15350.0,15564100
VND,2026-07-28,15200.0,16400.0,14900.0,16400.0,18132300
VND,2026-07-29,16500.0,16550.0,16200.0,16400.0,6460100
VND,2026-07-30,16400.0,17200.0,16300.0,17050.0,14256200
VND,2026-07-31,17100.0,17100.0,16550.0,16600.0,10605700
VND,2026-08-03,16750.0,17200.0,16650.0,16850.0,9090000
VND,2026-08-04,17000.0,17000.0,16750.0,16950.0,8201500
VND,2026-08-05,17150.0,17200.0,16800.0,16950.0,11208400
VND,2026-08-06,16950.0,17100.0,16650.0,16700.0,8951200
VND,2026-08-07,16600.0,16900.0,16600.0,16650.0,6884600
VND,2026-08-10,16800.0,17100.0,16700.0,17050.0,9064700
VND,2026-08-11,17100.0,17350.0,16900.0,16900.0,12925900
VND,2026-08-12,16900.0,17100.0,16800.0,16800.0,6608700
VND,2026-08-13,16850.0,17150.0,16550.0,16550.0,14224400
VND,2026-08-14,16550.0,16650.0,16150.0,16250.0,11543500
VNM,2026-01-30,69231.3,70199.58,68263.04,68359.86,8101872
VNM,2026-02-02,68650.34,70296.4,68069.38,70296.4,11130882
VNM,2026-02-03,70586.88,71264.67,69037.65,69328.13,7498941
VNM,2026-02-04,69521.79,70296.4,68553.52,69715.44,7923926
VNM,2026-02-05,69618.61,69909.09,66907.46,66907.46,8321026
VNM,2026-02-06,66132.84,68456.69,66036.01,66907.46,6915323
VNM,2026-02-09,67197.94,68166.21,67101.11,67391.59,2657626
VNM,2026-02-10,67391.59,68263.04,65939.19,66229.67,5257211
VNM,2026-02-11,66229.67,67682.07,66229.67,66907.46,2760490
VNM,2026-02-12,67101.11,67585.25,66810.63,66810.63,2015037
VNM,2026-02-13,66810.63,67585.25,66423.32,67294.76,3450896
VNM,2026-02-23,67778.9,69037.65,67585.25,68359.86,4349819
VNM,2026-02-24,68359.86,69037.65,67972.55,67972.55,3668914
VNM,2026-02-25,68166.21,71071.02,68166.21,70005.92,10125481
VNM,2026-02-26,68940.82,69134.48,67391.59,68359.86,14766748
VNM,2026-02-27,67972.55,68359.86,65842.36,66036.01,13809577
VNM,2026-03-02,64777.26,67585.25,64389.96,64486.78,12877296
VNM,2026-03-03,64486.78,65164.57,61388.32,61388.32,18399516
VNM,2026-03-04,61388.32,62840.72,60032.74,62840.72,13821041
VNM,2026-03-05,62937.55,63131.2,61001.01,61194.66,8433288
VNM,2026-03-06,61001.01,61001.01,60226.39,60420.05,6683879
VNM,2026-03-09,57127.93,57224.76,56256.49,56256.49,18637673
VNM,2026-03-10,58096.2,60129.57,57612.06,60129.57,11114771
VNM,2026-03-11,59742.26,61678.8,59645.43,61001.01,7753519
VNM,2026-03-12,60032.74,60710.53,59354.95,59645.43,6505210
VNM,2026-03-13,60032.74,61194.66,59645.43,61097.84,5565079
VNM,2026-03-16,60613.7,60904.18,59742.26,59839.09,3062162
VNM,2026-03-17,60710.53,61001.01,59548.6,59548.6,3941152
VNM,2026-03-18,59839.09,60710.53,59645.43,59742.26,2681483
VNM,2026-03-19,59451.78,60032.74,58870.82,59064.47,6609829
VNM,2026-03-20,59064.47,59548.6,58096.2,58096.2,5922728
VNM,2026-03-23,57321.58,59064.47,57321.58,58870.82,6101603
VNM,2026-03-24,59839.09,59839.09,58967.64,59258.12,2778047
VNM,2026-03-25,59548.6,60226.39,59451.78,60129.57,3558511
VNM,2026-03-26,60129.57,60129.57,59064.47,59064.47,2110981
VNM,2026-03-27,59064.47,59935.91,58967.64,59548.6,2207442
VNM,2026-03-30,58677.16,59548.6,58289.85,58677.16,4209156
VNM,2026-03-31,59064.47,59548.6,58580.34,58580.34,5497640
VNM,2026-04-01,59354.95,60226.39,59064.47,59354.95,5624670
VNM,2026-04-02,59548.6,59742.26,58870.82,58870.82,2948867
VNM,2026-04-03,59064.47,59742.26,58096.2,58096.2,3912751
VNM,2026-04-06,58096.2,59064.47,58096.2,58967.64,2672188
VNM,2026-04-07,58967.64,59258.12,58386.68,59064.47,1885011
VNM,2026-04-08,60226.39,60710.53,59742.26,60613.7,5750978
VNM,2026-04-09,59839.09,60129.57,59451.78,59839.09,3016720
VNM,2026-04-10,60613.7,61969.28,60516.88,60807.36,6360209
VNM,2026-04-13,60420.05,60807.36,60226.39,60807.36,3530316
VNM,2026-04-14,61388.32,61485.14,60032.74,60032.74,4386896
VNM,2026-04-15,60129.57,60613.7,59258.12,59354.95,4547491
VNM,2026-04-16,59548.6,59742.26,59161.3,59161.3,2346556
VNM,2026-04-17,59354.95,60710.53,59354.95,59354.95,3217594
VNM,2026-04-20,59451.78,60420.05,59354.95,59548.6,3358464
VNM,2026-04-21,59935.91,60710.53,59548.6,59645.43,5480496
VNM,2026-04-22,59645.43,60323.22,59548.6,59839.09,4069009
VNM,2026-04-23,60032.74,60516.88,59064.47,60032.74,4372850
VNM,2026-04-24,60129.57,60129.57,58580.34,59451.78,6047590
VNM,2026-04-28,59258.12,59354.95,58580.34,59258.12,3326344
VNM,2026-04-29,58386.68,59354.95,58386.68,58967.64,2486083
VNM,2026-05-04,59161.3,59645.43,58773.99,58967.64,1935204
VNM,2026-05-05,59161.3,59258.12,58483.51,59161.3,2842079
VNM,2026-05-06,59258.12,59742.26,58773.99,59548.6,2675803
VNM,2026-05-07,59645.43,59839.09,59161.3,59548.6,4906999
VNM,2026-05-08,59839.09,59839.09,58967.64,58967.64,2878329
VNM,2026-05-11,59161.3,59161.3,58580.34,58677.16,4002809
VNM,2026-05-12,58677.16,58773.99,57999.37,58193.03,4237247
VNM,2026-05-13,58193.03,58193.03,56837.45,57418.41,8813967
VNM,2026-05-14,57418.41,58193.03,57418.41,58193.03,3158519
VNM,2026-05-15,58193.03,58386.68,57902.55,57902.55,2076177
VNM,2026-05-18,57612.06,58773.99,57612.06,58580.34,5009553
VNM,2026-05-19,58580.34,58773.99,57805.72,57902.55,2829479
VNM,2026-05-20,57902.55,57999.37,56740.62,57224.76,5915292
VNM,2026-05-21,57612.06,57708.89,56934.28,57127.93,3378499
VNM,2026-05-22,57224.76,57805.72,56837.45,57612.06,6201782
VNM,2026-05-25,57612.06,57902.55,57224.76,57224.76,1639522
VNM,2026-05-26,57224.76,57515.24,57127.93,57224.76,1942433
VNM,2026-05-27,57224.76,57321.58,56837.45,56934.28,3074039
VNM,2026-05-28,57127.93,57902.55,57127.93,57127.93,3923079
VNM,2026-05-29,57127.93,57418.41,57031.1,57321.58,2024951
VNM,2026-06-01,57321.58,57418.41,56934.28,57224.76,2333543
VNM,2026-06-02,57224.76,57321.58,56740.62,56740.62,3058960
VNM,2026-06-03,56740.62,56934.28,56256.49,56450.14,3939293
VNM,2026-06-04,56740.62,56934.28,56353.31,56740.62,2196184
VNM,2026-06-05,56934.28,57031.1,56450.14,56546.97,1927251
VNM,2026-06-08,56353.31,56934.28,55966.01,56159.66,3284001
VNM,2026-06-09,56256.49,56643.8,56159.66,56450.14,1268241
VNM,2026-06-10,56546.97,57031.1,56353.31,57031.1,2430313
VNM,2026-06-11,56934.28,57708.89,56643.8,57321.58,1863633
VNM,2026-06-12,57418.41,57902.55,57127.93,57127.93,3603643
VNM,2026-06-15,57418.41,57902.55,57418.41,57805.72,2087950
VNM,2026-06-16,57902.55,57902.55,57224.76,57224.76,2096006
VNM,2026-06-17,57224.76,57805.72,57127.93,57127.93,2931930
VNM,2026-06-18,57612.06,57805.72,57224.76,57321.58,2564160
VNM,2026-06-19,57321.58,57515.24,57031.1,57127.93,3459675
VNM,2026-06-22,57612.06,57708.89,56740.62,56740.62,3096037
VNM,2026-06-23,56837.45,57127.93,56546.97,56546.97,2370826
VNM,2026-06-24,56740.62,56837.45,56256.49,56450.14,1582306
VNM,2026-06-25,56643.8,56740.62,56353.31,56450.14,1862393
VNM,2026-06-26,56800.0,56800.0,55900.0,56300.0,3173400
VNM,2026-06-29,56500.0,56500.0,56000.0,56100.0,1470900
VNM,2026-06-30,56100.0,56200.0,54700.0,54800.0,9320000
VNM,2026-07-01,55000.0,55500.0,54800.0,55200.0,2357300
VNM,2026-07-02,55300.0,56000.0,55300.0,55500.0,3669400
VNM,2026-07-03,55500.0,55700.0,54700.0,54900.0,4133600
VNM,2026-07-06,55000.0,55400.0,54600.0,55300.0,3211000
VNM,2026-07-07,55200.0,55300.0,54900.0,55100.0,1611400
VNM,2026-07-08,55000.0,55700.0,55000.0,55700.0,3705000
VNM,2026-07-09,55600.0,55900.0,55400.0,55700.0,2469400
VNM,2026-07-10,55900.0,56700.0,55800.0,56600.0,5573700
VNM,2026-07-13,56600.0,56600.0,55300.0,55400.0,1951400
VNM,2026-07-14,55500.0,56000.0,55200.0,56000.0,1755100
VNM,2026-07-15,56000.0,56400.0,55500.0,56200.0,2491200
VNM,2026-07-16,56100.0,56300.0,55300.0,56200.0,1991100
VNM,2026-07-17,56300.0,59400.0,56200.0,59000.0,12982500
VNM,2026-07-20,58800.0,58800.0,57700.0,58500.0,4583900
VNM,2026-07-21,58100.0,58800.0,58100.0,58400.0,3543700
VNM,2026-07-22,58700.0,60100.0,58400.0,59100.0,10506300
VNM,2026-07-23,59100.0,59100.0,56900.0,57800.0,4827500
VNM,2026-07-24,58500.0,59500.0,58300.0,58900.0,4176800
VNM,2026-07-27,59200.0,59800.0,57900.0,57900.0,3671400
VNM,2026-07-28,57700.0,59600.0,57700.0,59600.0,5256600
VNM,2026-07-29,59900.0,61000.0,59400.0,60000.0,6199800
VNM,2026-07-30,60300.0,61400.0,59800.0,61200.0,6944300
VNM,2026-07-31,61200.0,61300.0,60100.0,60900.0,4479800
VNM,2026-08-03,60900.0,61000.0,60000.0,60300.0,6377600
VNM,2026-08-04,60400.0,60400.0,59000.0,59500.0,5531900
VNM,2026-08-05,59400.0,60100.0,58600.0,58600.0,5288700
VNM,2026-08-06,58700.0,59600.0,58600.0,59000.0,3231300
VNM,2026-08-07,59000.0,63100.0,59000.0,62000.0,13239500
VNM,2026-08-10,61600.0,62700.0,61600.0,62100.0,3480200
VNM,2026-08-11,62500.0,63300.0,61800.0,62000.0,4475100
VNM,2026-08-12,61900.0,62500.0,61400.0,61800.0,2755600
VNM,2026-08-13,61800.0,63000.0,61500.0,61600.0,4257000
VNM,2026-08-14,61600.0,62600.0,61000.0,61600.0,3663300
VPB,2026-01-30,27265.76,27511.4,27069.25,27511.4,16121011
VPB,2026-02-02,27364.02,27511.4,26774.49,27118.38,14406187
VPB,2026-02-03,27364.02,27511.4,27020.12,27020.12,15605719
VPB,2026-02-04,27020.12,27314.89,26774.49,27265.76,17017047
VPB,2026-02-05,27511.4,27560.53,26921.87,26921.87,9840822
VPB,2026-02-06,26725.36,26774.49,26332.34,26332.34,18459823
VPB,2026-02-09,26528.85,26676.23,26184.96,26283.21,8926263
VPB,2026-02-10,26234.08,26823.62,25890.19,26135.83,11273624
VPB,2026-02-11,26332.34,27806.16,26332.34,27806.16,28753752
VPB,2026-02-12,27855.29,28002.68,27658.78,27757.04,8285278
VPB,2026-02-13,27609.66,27806.16,27413.14,27806.16,13134700
VPB,2026-02-23,27953.55,28641.33,27806.16,28297.44,15739657
VPB,2026-02-24,28199.18,28641.33,28051.8,28493.95,18422675
VPB,2026-02-25,28493.95,28985.22,28297.44,28346.57,20502569
VPB,2026-02-26,28493.95,28690.46,28346.57,28395.7,14180550
VPB,2026-02-27,28543.08,28936.1,28248.31,28444.82,18322629
VPB,2026-03-02,27757.04,28199.18,27462.27,27560.53,25102335
VPB,2026-03-03,27560.53,27953.55,26823.62,26971.0,19128899
VPB,2026-03-04,26872.74,27167.51,26037.58,26676.23,27052567
VPB,2026-03-05,26971.0,27609.66,26479.72,26528.85,21831153
VPB,2026-03-06,26528.85,26528.85,26184.96,26184.96,15729072
VPB,2026-03-09,24367.24,24760.26,24367.24,24367.24,32946211
VPB,2026-03-10,25546.3,25546.3,24367.24,25055.02,30921683
VPB,2026-03-11,25055.02,26037.58,24956.77,25988.45,17603277
VPB,2026-03-12,25398.92,25742.81,25055.02,25300.66,13036690
VPB,2026-03-13,24956.77,25546.3,24563.75,25202.41,14111546
VPB,2026-03-16,25251.54,25300.66,24956.77,25055.02,7599715
VPB,2026-03-17,25349.79,25939.32,25251.54,25251.54,9489695
VPB,2026-03-18,25497.17,25693.68,24956.77,25153.28,9436262
VPB,2026-03-19,24809.39,25349.79,24514.62,25153.28,24417688
VPB,2026-03-20,24858.52,25448.04,24612.88,24612.88,16262582
VPB,2026-03-23,24465.5,24465.5,23482.94,23581.2,23142333
VPB,2026-03-24,24023.35,25202.41,23826.84,24809.39,30531677
VPB,2026-03-25,25497.17,25939.32,25104.15,25841.06,22332603
VPB,2026-03-26,25841.06,26037.58,25398.92,25742.81,19771716
VPB,2026-03-27,25546.3,26086.7,25448.04,25988.45,11463640
VPB,2026-03-30,25202.41,25939.32,25104.15,25644.56,16835479
VPB,2026-03-31,25939.32,26430.6,25791.94,26234.08,19721337
VPB,2026-04-01,26823.62,26872.74,26332.34,26332.34,10471324
VPB,2026-04-02,26135.83,26135.83,25546.3,25791.94,11644700
VPB,2026-04-03,25841.06,25939.32,25300.66,25349.79,17055722
VPB,2026-04-06,25349.79,25497.17,25055.02,25153.28,11290112
VPB,2026-04-07,25153.28,25644.56,25055.02,25595.43,11631876
VPB,2026-04-08,26725.36,27265.76,26184.96,27118.38,25352297
VPB,2026-04-09,26872.74,27020.12,26577.98,26627.1,12062897
VPB,2026-04-10,27020.12,27413.14,26823.62,26823.62,14705104
VPB,2026-04-13,26528.85,26725.36,26332.34,26430.6,13797771
VPB,2026-04-14,26823.62,27265.76,26627.1,26872.74,14710192
VPB,2026-04-15,27364.02,27364.02,26774.49,26872.74,12446898
VPB,2026-04-16,26823.62,27413.14,26528.85,27118.38,15686529
VPB,2026-04-17,27314.89,28002.68,27167.51,27757.04,26124268
VPB,2026-04-20,28002.68,28002.68,27560.53,27560.53,15120960
VPB,2026-04-21,27511.4,27757.04,27069.25,27069.25,13003816
VPB,2026-04-22,27118.38,27364.02,26921.87,27069.25,13892524
VPB,2026-04-23,27167.51,27609.66,26921.87,26921.87,13132257
VPB,2026-04-24,26921.87,27118.38,26725.36,26774.49,8862856
VPB,2026-04-28,26774.49,26971.0,26528.85,26528.85,7859345
VPB,2026-04-29,26332.34,26528.85,26037.58,26037.58,19125235
VPB,2026-05-04,26234.08,26676.23,26234.08,26479.72,6349396
VPB,2026-05-05,26430.6,27511.4,26037.58,27511.4,22639560
VPB,2026-05-06,27413.14,27609.66,27069.25,27511.4,18939697
VPB,2026-05-07,27511.4,27757.04,27314.89,27658.78,18449646
VPB,2026-05-08,27609.66,27806.16,27413.14,27462.27,16027275
VPB,2026-05-11,27413.14,27609.66,27314.89,27314.89,15161976
VPB,2026-05-12,27265.76,27413.14,27020.12,27364.02,14824080
VPB,2026-05-13,27511.4,27658.78,27216.64,27265.76,13399928
VPB,2026-05-14,27265.76,28150.06,27265.76,28150.06,25729784
VPB,2026-05-15,28200.0,28250.0,27550.0,27550.0,12744400
VPB,2026-05-18,27450.0,27500.0,27100.0,27450.0,15227700
VPB,2026-05-19,27500.0,27500.0,26750.0,26750.0,19221900
VPB,2026-05-20,26700.0,26800.0,25650.0,26700.0,24208300
VPB,2026-05-21,26900.0,27150.0,26550.0,27000.0,10367000
VPB,2026-05-22,27000.0,27000.0,26550.0,26800.0,7815500
VPB,2026-05-25,26800.0,27300.0,26800.0,27000.0,8099400
VPB,2026-05-26,27000.0,27800.0,26900.0,27600.0,15075400
VPB,2026-05-27,27650.0,28250.0,27550.0,28050.0,21261000
VPB,2026-05-28,28050.0,28100.0,27300.0,27300.0,12835600
VPB,2026-05-29,27200.0,27400.0,27050.0,27100.0,12537100
VPB,2026-06-01,27000.0,27200.0,26950.0,26950.0,7009500
VPB,2026-06-02,26950.0,27100.0,26200.0,26450.0,16345300
VPB,2026-06-03,26400.0,26750.0,26100.0,26450.0,12339400
VPB,2026-06-04,26550.0,26600.0,26250.0,26500.0,7702400
VPB,2026-06-05,26500.0,26700.0,26300.0,26450.0,6898800
VPB,2026-06-08,26150.0,26250.0,25600.0,25600.0,14124400
VPB,2026-06-09,25600.0,26050.0,25600.0,25900.0,9222900
VPB,2026-06-10,25850.0,26150.0,25800.0,26050.0,10242500
VPB,2026-06-11,25900.0,26050.0,25700.0,26000.0,8711700
VPB,2026-06-12,26500.0,26500.0,25950.0,26000.0,12467100
VPB,2026-06-15,26500.0,26500.0,26000.0,26250.0,19473200
VPB,2026-06-16,26500.0,26650.0,26200.0,26350.0,13094700
VPB,2026-06-17,26350.0,26800.0,26250.0,26500.0,15641900
VPB,2026-06-18,26500.0,26550.0,26250.0,26400.0,10095500
VPB,2026-06-19,26300.0,26400.0,25850.0,25900.0,14326900
VPB,2026-06-22,25900.0,26050.0,25800.0,26000.0,6206700
VPB,2026-06-23,26150.0,27250.0,26050.0,26550.0,23143600
VPB,2026-06-24,26550.0,26800.0,26200.0,26550.0,12665100
VPB,2026-06-25,26450.0,26850.0,26450.0,26700.0,5889800
VPB,2026-06-26,26750.0,26750.0,26350.0,26750.0,7818600
VPB,2026-06-29,26800.0,27150.0,26800.0,27050.0,12693500
VPB,2026-06-30,27100.0,27150.0,27000.0,27000.0,6681700
VPB,2026-07-01,27050.0,27900.0,27050.0,27700.0,25427300
VPB,2026-07-02,27850.0,28000.0,27450.0,27700.0,12453200
VPB,2026-07-03,27700.0,27850.0,27450.0,27800.0,11584000
VPB,2026-07-06,27800.0,27950.0,26950.0,27450.0,14582500
VPB,2026-07-07,27350.0,27700.0,27250.0,27600.0,8051500
VPB,2026-07-08,27600.0,28100.0,27500.0,27750.0,18004600
VPB,2026-07-09,27650.0,27700.0,27250.0,27250.0,9817200
VPB,2026-07-10,27200.0,27250.0,26700.0,26700.0,14081800
VPB,2026-07-13,26450.0,26450.0,25800.0,26400.0,21924200
VPB,2026-07-14,26250.0,26500.0,25900.0,26500.0,14462900
VPB,2026-07-15,26500.0,26500.0,25800.0,25800.0,12957400
VPB,2026-07-16,25800.0,26250.0,25050.0,26000.0,22414600
VPB,2026-07-17,25950.0,26550.0,25700.0,25850.0,11440800
VPB,2026-07-20,25850.0,26000.0,24600.0,25000.0,22577700
VPB,2026-07-21,24800.0,25450.0,24800.0,25350.0,13683400
VPB,2026-07-22,25350.0,25550.0,24450.0,25000.0,26398100
VPB,2026-07-23,24850.0,25150.0,24000.0,25000.0,19164900
VPB,2026-07-24,24400.0,24950.0,24350.0,24950.0,12405700
VPB,2026-07-27,24900.0,25000.0,24350.0,24550.0,12699000
VPB,2026-07-28,24100.0,24700.0,23950.0,24600.0,12046500
VPB,2026-07-29,24350.0,24550.0,24200.0,24350.0,10055400
VPB,2026-07-30,24500.0,25050.0,24400.0,25000.0,13162500
VPB,2026-07-31,25200.0,25500.0,24800.0,24800.0,12104700
VPB,2026-08-03,24900.0,25600.0,24900.0,25500.0,13595900
VPB,2026-08-04,25600.0,25650.0,25350.0,25650.0,11402500
VPB,2026-08-05,25600.0,26000.0,25500.0,25500.0,13987100
VPB,2026-08-06,25500.0,25500.0,25000.0,25150.0,14053700
VPB,2026-08-07,24900.0,25100.0,24650.0,25000.0,24187100
VPB,2026-08-10,25100.0,25850.0,25100.0,25850.0,17881200
VPB,2026-08-11,25900.0,26000.0,25500.0,25500.0,9988200
VPB,2026-08-12,25550.0,25800.0,25350.0,25700.0,7494700
VPB,2026-08-13,25750.0,25800.0,25200.0,25350.0,13839600
VPB,2026-08-14,25100.0,25350.0,24850.0,25100.0,13926300
VRE,2026-01-30,28875.92,29165.65,28489.62,29165.65,7201656
VRE,2026-02-02,28779.35,28875.92,27137.58,27137.58,13678798
VRE,2026-02-03,27523.88,28103.32,27137.58,27427.3,8037173
VRE,2026-02-04,27523.88,27620.45,26171.82,27282.44,12053429
VRE,2026-02-05,27089.29,28924.21,27089.29,27813.6,14050427
VRE,2026-02-06,27330.72,28248.19,27041.0,27089.29,8941962
VRE,2026-02-09,27234.15,27234.15,26509.84,27234.15,5762671
VRE,2026-02-10,27137.58,28537.91,26944.42,27958.46,11644628
VRE,2026-02-11,28006.75,28441.34,27813.6,28393.05,6364587
VRE,2026-02-12,28489.62,29213.94,28199.9,28924.21,7861454
VRE,2026-02-13,28972.5,28972.5,28103.32,28779.35,7314004
VRE,2026-02-23,28972.5,29069.08,28393.05,28972.5,6507274
VRE,2026-02-24,28586.2,28682.78,28344.76,28489.62,5413512
VRE,2026-02-25,28296.48,28489.62,27572.16,27572.16,9363396
VRE,2026-02-26,27572.16,28827.64,27572.16,28731.06,5621434
VRE,2026-02-27,28779.35,28779.35,28055.04,28055.04,3210354
VRE,2026-03-02,27523.88,27765.31,26847.85,26847.85,8442868
VRE,2026-03-03,26847.85,27041.0,25157.79,25447.51,9908154
VRE,2026-03-04,25399.22,27041.0,24481.76,27041.0,9722806
VRE,2026-03-05,26847.85,27620.45,26075.25,26075.25,7243696
VRE,2026-03-06,26075.25,26075.25,25350.94,25350.94,3796220
VRE,2026-03-09,23612.59,24143.75,23612.59,23612.59,3201967
VRE,2026-03-10,24143.75,24143.75,22695.12,23226.29,10777633
VRE,2026-03-11,23178.0,24723.2,23081.42,24723.2,8393373
VRE,2026-03-12,23950.6,25206.08,23950.6,25012.92,6859849
VRE,2026-03-13,24723.2,25109.5,24385.19,24385.19,3562101
VRE,2026-03-16,24385.19,25012.92,24240.32,25012.92,4996738
VRE,2026-03-17,25109.5,25978.68,25012.92,25544.09,5341962
VRE,2026-03-18,25592.38,26026.96,25206.08,25206.08,3613978
VRE,2026-03-19,25109.5,25206.08,24481.76,25157.79,5370230
VRE,2026-03-20,24771.49,25254.36,23950.6,25254.36,8723582
VRE,2026-03-23,24674.91,24674.91,23660.88,24481.76,5233756
VRE,2026-03-24,24288.61,24771.49,24288.61,24433.48,2824333
VRE,2026-03-25,24578.34,25544.09,24530.05,25447.51,5445301
VRE,2026-03-26,25302.65,25399.22,24674.91,24674.91,2126740
VRE,2026-03-27,24674.91,25157.79,24433.48,24868.06,3626818
VRE,2026-03-30,24143.75,24819.78,24143.75,24771.49,2615066
VRE,2026-03-31,24819.78,24964.64,24578.34,24868.06,2591457
VRE,2026-04-01,25882.1,26606.41,25785.52,26606.41,10569091
VRE,2026-04-02,27041.0,27330.72,26268.4,26268.4,6765415
VRE,2026-04-03,26075.25,27282.44,25447.51,25592.38,6654206
VRE,2026-04-06,25399.22,26075.25,24771.49,24868.06,4083665
VRE,2026-04-07,24868.06,25447.51,24626.62,24916.35,2920631
VRE,2026-04-08,25882.1,26654.7,25592.38,26654.7,7253429
VRE,2026-04-09,26558.12,27089.29,26268.4,26654.7,5936940
VRE,2026-04-10,26896.14,27041.0,26123.54,26558.12,4766554
VRE,2026-04-13,26075.25,27089.29,25978.68,26606.41,4053947
VRE,2026-04-14,26896.14,27089.29,26654.7,26944.42,3987677
VRE,2026-04-15,27330.72,28682.78,27282.44,28296.48,14917421
VRE,2026-04-16,28489.62,29600.24,28006.75,28586.2,17026559
VRE,2026-04-17,28199.9,28972.5,27572.16,27620.45,7495728
VRE,2026-04-20,27620.45,28489.62,27185.86,28441.34,6919699
VRE,2026-04-21,28586.2,29262.22,28199.9,28296.48,10981620
VRE,2026-04-22,28344.76,29455.38,27717.02,28924.21,9403986
VRE,2026-04-23,29262.22,29407.09,28055.04,28055.04,10436655
VRE,2026-04-24,28537.91,28731.06,27717.02,27813.6,5133316
VRE,2026-04-28,27813.6,29745.1,27765.31,29745.1,17042091
VRE,2026-04-29,30421.12,31676.6,30131.4,31193.72,17539839
VRE,2026-05-04,31580.02,32642.35,31435.16,32545.78,10719337
VRE,2026-05-05,31918.04,34380.7,31531.74,33994.4,16565260
VRE,2026-05-06,34380.7,35346.45,33318.38,35346.45,10815428
VRE,2026-05-07,35636.18,36215.62,33994.4,35249.88,13294330
VRE,2026-05-08,35056.72,35249.88,34139.26,34670.43,8407558
VRE,2026-05-11,34718.71,35925.9,32449.2,32449.2,12085840
VRE,2026-05-12,32159.48,34380.7,32062.9,34235.84,12912865
VRE,2026-05-13,34670.43,34670.43,31869.75,31869.75,14879627
VRE,2026-05-14,32159.48,33414.95,31821.46,32980.36,7318250
VRE,2026-05-15,33028.65,33318.38,31966.32,32835.5,5877090
VRE,2026-05-18,32497.49,33028.65,31386.88,31966.32,8621278
VRE,2026-05-19,32014.61,32835.5,31435.16,32352.62,9142635
VRE,2026-05-20,32352.62,32980.36,30952.29,32352.62,7659746
VRE,2026-05-21,32497.49,32835.5,31580.02,31676.6,5131969
VRE,2026-05-22,31676.6,31676.6,30276.26,30614.28,7624333
VRE,2026-05-25,30904.0,31966.32,30855.71,31676.6,4773077
VRE,2026-05-26,31676.6,31773.18,31097.15,31580.02,3023660
VRE,2026-05-27,31386.88,31483.45,30034.82,30179.69,6768211
VRE,2026-05-28,30227.98,31676.6,30083.11,31145.44,6627698
VRE,2026-05-29,31145.44,31338.59,30614.28,31145.44,3753870
VRE,2026-06-01,31097.15,31097.15,30034.82,30131.4,3548019
VRE,2026-06-02,30179.69,30759.14,29600.24,29938.25,4345327
VRE,2026-06-03,29938.25,30034.82,28393.05,29020.79,6410975
VRE,2026-06-04,29310.51,30469.41,28924.21,30034.82,4119699
VRE,2026-06-05,30083.11,30565.99,29793.39,30131.4,4477763
VRE,2026-06-08,29841.68,29841.68,28586.2,28586.2,4909759
VRE,2026-06-09,28731.06,29069.08,27910.18,28103.32,3420864
VRE,2026-06-10,28296.48,28682.78,28103.32,28634.49,2125601
VRE,2026-06-11,28441.34,28441.34,28103.32,28151.61,1984675
VRE,2026-06-12,28441.34,28586.2,27620.45,27620.45,4388092
VRE,2026-06-15,28006.75,28248.19,27234.15,27572.16,5254258
VRE,2026-06-16,27620.45,28055.04,27620.45,27668.74,3408853
VRE,2026-06-17,27620.45,27620.45,26606.41,27185.86,9832047
VRE,2026-06-18,27910.18,29069.08,27813.6,29069.08,8914522
VRE,2026-06-19,29696.81,29696.81,28248.19,28344.76,6530157
VRE,2026-06-22,28441.34,30324.55,28055.04,29648.52,11882164
VRE,2026-06-23,29745.1,29938.25,28586.2,28779.35,6282060
VRE,2026-06-24,28875.92,29745.1,28586.2,29262.22,6259694
VRE,2026-06-25,29455.38,29455.38,28393.05,28586.2,5155475
VRE,2026-06-26,28586.2,29213.94,28489.62,28972.5,5127413
VRE,2026-06-29,28972.5,28972.5,28151.61,28199.9,5476054
VRE,2026-06-30,28200.0,28550.0,28100.0,28500.0,2981600
VRE,2026-07-01,28500.0,28550.0,28100.0,28300.0,2657500
VRE,2026-07-02,28300.0,28500.0,28050.0,28150.0,4005800
VRE,2026-07-03,28150.0,28600.0,28100.0,28150.0,3082100
VRE,2026-07-06,28450.0,28900.0,27250.0,27700.0,5346600
VRE,2026-07-07,27750.0,27800.0,27150.0,27350.0,2878800
VRE,2026-07-08,27000.0,27500.0,26900.0,27050.0,4906400
VRE,2026-07-09,27100.0,27400.0,26800.0,26900.0,2651800
VRE,2026-07-10,27100.0,27150.0,26300.0,26350.0,4811300
VRE,2026-07-13,26400.0,26450.0,25450.0,25900.0,5706000
VRE,2026-07-14,25400.0,25850.0,25400.0,25600.0,3288600
VRE,2026-07-15,25650.0,25700.0,24800.0,24800.0,4077000
VRE,2026-07-16,24800.0,25300.0,24550.0,25050.0,6194700
VRE,2026-07-17,25200.0,25250.0,24550.0,24550.0,3912600
VRE,2026-07-20,24500.0,24550.0,23150.0,23250.0,5306900
VRE,2026-07-21,23000.0,23700.0,22850.0,23050.0,6002700
VRE,2026-07-22,23350.0,23350.0,21750.0,21750.0,8710000
VRE,2026-07-23,21850.0,22400.0,21350.0,22000.0,7078200
VRE,2026-07-24,21800.0,22000.0,21500.0,21900.0,3204500
VRE,2026-07-27,21900.0,22300.0,21350.0,21350.0,3044300
VRE,2026-07-28,21250.0,21650.0,20900.0,21300.0,3761100
VRE,2026-07-29,21350.0,22750.0,21250.0,22750.0,8314800
VRE,2026-07-30,23150.0,24300.0,23000.0,24300.0,8461500
VRE,2026-07-31,25200.0,25750.0,24400.0,24800.0,11683500
VRE,2026-08-03,24800.0,25500.0,24350.0,25200.0,5323900
VRE,2026-08-04,25200.0,26800.0,25050.0,26400.0,10105100
VRE,2026-08-05,26800.0,26800.0,26150.0,26450.0,7224000
VRE,2026-08-06,26050.0,26200.0,25150.0,25300.0,8354100
VRE,2026-08-07,25100.0,25300.0,24650.0,24950.0,6142900
VRE,2026-08-10,25300.0,25550.0,24450.0,25550.0,4835600
VRE,2026-08-11,25550.0,25850.0,25200.0,25450.0,5175300
VRE,2026-08-12,25400.0,26000.0,25350.0,25450.0,4138600
VRE,2026-08-13,25500.0,25600.0,24600.0,24600.0,6789200
VRE,2026-08-14,24500.0,24600.0,23650.0,23950.0,8624500
VTP,2026-01-30,69826.31,71267.97,69638.27,69700.95,1554864
VTP,2026-02-02,69700.95,73336.43,69700.95,71769.41,1458822
VTP,2026-02-03,72709.62,74590.04,72646.94,72834.98,1898670
VTP,2026-02-04,73336.43,73336.43,71079.92,71267.97,1254931
VTP,2026-02-05,71267.97,71267.97,68948.78,68948.78,1495356
VTP,2026-02-06,67695.17,69763.63,66817.64,69324.86,1370118
VTP,2026-02-09,69888.99,70077.03,67757.85,67757.85,656820
VTP,2026-02-10,67820.53,68259.29,63307.52,64874.53,1355440
VTP,2026-02-11,64561.13,65689.38,64247.73,64999.9,725263
VTP,2026-02-12,65752.06,65752.06,63934.32,63934.32,605768
VTP,2026-02-13,64247.73,65187.94,63495.56,63934.32,784930
VTP,2026-02-23,65814.74,68384.65,65187.94,68384.65,872517
VTP,2026-02-24,68948.78,69888.99,67256.4,68321.97,896767
VTP,2026-02-25,68321.97,69575.59,67068.36,68196.61,740738
VTP,2026-02-26,67695.17,68321.97,66880.32,66880.32,639750
VTP,2026-02-27,66880.32,68071.25,65752.06,67193.72,1001424
VTP,2026-03-02,64247.73,66190.83,64247.73,64686.49,1084225
VTP,2026-03-03,64247.73,65752.06,63370.2,63370.2,1075450
VTP,2026-03-04,62931.43,64059.68,60800.29,62994.11,1267535
VTP,2026-03-05,64498.45,65187.94,63056.79,63056.79,448941
VTP,2026-03-06,63056.79,63056.79,61176.37,61176.37,857201
VTP,2026-03-09,56914.08,57666.25,56914.08,56914.08,794024
VTP,2026-03-10,60737.61,60737.61,55159.02,57352.85,1490410
VTP,2026-03-11,57227.49,59546.67,56914.08,59107.91,794343
VTP,2026-03-12,59107.91,59107.91,57352.85,57415.53,633209
VTP,2026-03-13,57039.45,57039.45,55785.83,55848.51,1148678
VTP,2026-03-16,55848.51,56412.64,55409.75,55785.83,617733
VTP,2026-03-17,56412.64,57540.89,55911.19,56224.6,563969
VTP,2026-03-18,56412.64,57290.17,56224.6,56976.76,475265
VTP,2026-03-19,56412.64,56475.32,55597.79,56036.55,435859
VTP,2026-03-20,56099.23,57102.13,55159.02,55660.47,474627
VTP,2026-03-23,55535.11,55535.11,51774.27,51774.27,1291785
VTP,2026-03-24,53278.6,53529.33,52338.39,53027.88,409376
VTP,2026-03-25,53341.28,55848.51,53341.28,55723.15,831515
VTP,2026-03-26,56976.76,59609.35,56475.32,59609.35,1361343
VTP,2026-03-27,62053.9,63307.52,60925.65,62179.26,1710255
VTP,2026-03-30,62179.26,62179.26,60048.12,61113.69,775677
VTP,2026-03-31,62304.62,62304.62,59421.31,60424.2,1087734
VTP,2026-04-01,61615.14,63934.32,60674.93,62304.62,1213291
VTP,2026-04-02,62680.71,62680.71,60173.48,61615.14,679634
VTP,2026-04-03,61615.14,62053.9,58669.14,58669.14,1046893
VTP,2026-04-06,58669.14,60048.12,58418.42,59045.23,955477
VTP,2026-04-07,58793.52,63139.13,58793.52,61520.18,1086635
VTP,2026-04-08,64332.04,64332.04,61775.8,63735.58,495376
VTP,2026-04-09,64332.04,64332.04,62457.46,62627.88,479767
VTP,2026-04-10,63053.92,63053.92,61690.59,62201.84,417449
VTP,2026-04-13,62116.63,62201.84,60923.72,61094.14,617899
VTP,2026-04-14,61349.76,63479.96,61349.76,61520.18,870340
VTP,2026-04-15,62201.84,62457.46,61094.14,61179.34,462984
VTP,2026-04-16,60923.72,61434.97,59730.81,59901.22,686437
VTP,2026-04-17,59901.22,61605.38,59901.22,60497.68,302905
VTP,2026-04-20,60327.26,61264.55,60242.06,60327.26,312529
VTP,2026-04-21,59645.6,60923.72,59219.56,59389.98,755914
VTP,2026-04-22,58367.48,59389.98,57004.15,57685.82,989226
VTP,2026-04-23,59219.56,59219.56,57600.61,58367.48,463336
VTP,2026-04-24,58537.9,60497.68,58452.69,59134.35,458407
VTP,2026-04-28,59219.56,59304.77,58197.06,58623.1,369918
VTP,2026-04-29,58623.1,58623.1,57600.61,57941.44,350436
VTP,2026-05-04,58026.65,59475.18,57771.02,57941.44,217115
VTP,2026-05-05,57856.23,57941.44,55726.03,56152.07,1185686
VTP,2026-05-06,56322.49,56578.11,55811.24,56578.11,502182
VTP,2026-05-07,56833.74,57600.61,55981.66,56407.7,604872
VTP,2026-05-08,56578.11,56578.11,55811.24,56237.28,399140
VTP,2026-05-11,56237.28,56237.28,53595.83,53851.46,996854
VTP,2026-05-12,54533.12,54703.54,54192.29,54703.54,259834
VTP,2026-05-13,54788.74,58452.69,54788.74,57344.98,1233686
VTP,2026-05-14,58197.06,58367.48,56407.7,56833.74,418505
VTP,2026-05-15,57344.98,57344.98,55385.2,55470.41,436813
VTP,2026-05-18,55811.24,58537.9,55129.58,58111.86,1347995
VTP,2026-05-19,59645.6,62116.63,59475.18,61094.14,3227631
VTP,2026-05-20,60923.72,60923.72,57089.36,60071.64,886184
VTP,2026-05-21,61349.76,61349.76,58026.65,58708.31,858604
VTP,2026-05-22,58793.52,58793.52,56237.28,57089.36,1036522
VTP,2026-05-25,57259.78,58197.06,56322.49,56918.94,342104
VTP,2026-05-26,57430.19,57430.19,56407.7,56663.32,369918
VTP,2026-05-27,56748.53,58623.1,56748.53,56918.94,532344
VTP,2026-05-28,57004.15,57430.19,55555.62,55555.62,669068
VTP,2026-05-29,55555.62,56237.28,55385.2,55385.2,391981
VTP,2026-06-01,55385.2,56237.28,55385.2,55640.82,198455
VTP,2026-06-02,55640.82,56663.32,55640.82,55981.66,364519
VTP,2026-06-03,55470.41,56492.9,55214.78,56066.86,454769
VTP,2026-06-04,56663.32,57600.61,56152.07,56407.7,511102
VTP,2026-06-05,56663.32,57004.15,55470.41,55811.24,248333
VTP,2026-06-08,55555.62,55555.62,54107.08,54533.12,579992
VTP,2026-06-09,54533.12,55044.37,54021.87,54447.91,181555
VTP,2026-06-10,54107.08,55299.99,54107.08,54533.12,248450
VTP,2026-06-11,54533.12,55129.58,54107.08,54533.12,257487
VTP,2026-06-12,54788.74,54959.16,54277.5,54447.91,238005
VTP,2026-06-15,54618.33,55726.03,54618.33,55726.03,302788
VTP,2026-06-16,55811.24,55981.66,55129.58,55726.03,184020
VTP,2026-06-17,55726.03,56492.9,55726.03,55811.24,312529
VTP,2026-06-18,55640.82,56407.7,55640.82,55811.24,226856
VTP,2026-06-19,55811.24,56066.86,54703.54,55385.2,310182
VTP,2026-06-22,55299.99,55811.24,54533.12,54788.74,230377
VTP,2026-06-23,55299.99,55299.99,54362.7,54447.91,260656
VTP,2026-06-24,54447.91,54618.33,53425.42,53766.25,535630
VTP,2026-06-25,53851.46,54533.12,53595.83,53851.46,203971
VTP,2026-06-26,53681.04,54021.87,53169.79,53340.21,236362
VTP,2026-06-29,53340.21,54021.87,53340.21,53681.04,209135
VTP,2026-06-30,53936.66,54277.5,53681.04,54021.87,225448
VTP,2026-07-01,54021.87,55896.45,54021.87,55811.24,583161
VTP,2026-07-02,55896.45,56152.07,55129.58,55385.2,279903
VTP,2026-07-03,54959.16,55044.37,54447.91,54447.91,212069
VTP,2026-07-06,54447.91,54959.16,53255.0,53851.46,313468
VTP,2026-07-07,53851.46,54107.08,53340.21,53681.04,248920
VTP,2026-07-08,53681.04,54533.12,53681.04,54362.7,161017
VTP,2026-07-09,53851.46,54959.16,53851.46,53851.46,319453
VTP,2026-07-10,53936.66,54277.5,53681.04,53851.46,241409
VTP,2026-07-13,53851.46,53851.46,52232.5,52317.71,424490
VTP,2026-07-14,52300.0,53200.0,51600.0,52500.0,275200
VTP,2026-07-15,52600.0,53100.0,51300.0,51900.0,216200
VTP,2026-07-16,51200.0,51500.0,48300.0,51400.0,549800
VTP,2026-07-17,51000.0,51000.0,49850.0,50000.0,302700
VTP,2026-07-20,50100.0,50800.0,48000.0,49300.0,435700
VTP,2026-07-21,49000.0,49300.0,48000.0,48200.0,265800
VTP,2026-07-22,48200.0,49000.0,47950.0,48100.0,292300
VTP,2026-07-23,48000.0,49150.0,46850.0,48500.0,355200
VTP,2026-07-24,48000.0,48500.0,47600.0,47600.0,140000
VTP,2026-07-27,47600.0,47600.0,45500.0,45500.0,303000
VTP,2026-07-28,45000.0,45800.0,43400.0,44800.0,456900
VTP,2026-07-29,44800.0,45850.0,44000.0,45150.0,822900
VTP,2026-07-30,45000.0,47600.0,45000.0,47000.0,705300
VTP,2026-07-31,47050.0,48650.0,46500.0,48000.0,673200
VTP,2026-08-03,48000.0,50000.0,47900.0,49050.0,467600
VTP,2026-08-04,49450.0,50000.0,48300.0,48800.0,361800
VTP,2026-08-05,48800.0,52200.0,48300.0,51500.0,1428400
VTP,2026-08-06,51500.0,51500.0,49850.0,49900.0,392900
VTP,2026-08-07,50000.0,52500.0,49500.0,51500.0,906200
VTP,2026-08-10,52500.0,53400.0,51100.0,53400.0,868600
VTP,2026-08-11,53300.0,54500.0,51500.0,54500.0,1450100
VTP,2026-08-12,55200.0,55600.0,53800.0,55000.0,1089600
VTP,2026-08-13,55000.0,56700.0,53800.0,54100.0,706800
VTP,2026-08-14,53800.0,53800.0,51600.0,53500.0,905000
